[06Dec2025 14:08:49.437] [main/INFO] [cpw.mods.modlauncher.Launcher/MODLAUNCHER]: ModLauncher running: args [--launchTarget, forgedatauserdev, --assetIndex, 5, --assetsDir, /home/tomas/.gradle/caches/forge_gradle/assets, --gameDir, ., --fml.forgeVersion, 47.4.6, --fml.mcVersion, 1.20.1, --fml.forgeGroup, net.minecraftforge, --fml.mcpVersion, 20230612.114412, --mod, rbh, --all, --output, /home/tomas/IdeaProjects/ReinforcedBlackHoles/src/generated/resources, --existing, /home/tomas/IdeaProjects/ReinforcedBlackHoles/src/main/resources, --mixin.config, rbh.mixins.json]
[06Dec2025 14:08:49.441] [main/INFO] [cpw.mods.modlauncher.Launcher/MODLAUNCHER]: ModLauncher 10.0.9+10.0.9+main.dcd20f30 starting: java version 17.0.15 by Eclipse Adoptium; OS Linux arch amd64 version 6.17.9-300.fc43.x86_64
[06Dec2025 14:08:49.460] [main/DEBUG] [cpw.mods.modlauncher.LaunchServiceHandler/MODLAUNCHER]: Found launch services [fmlclientdev,forgeclient,minecraft,forgegametestserverdev,fmlserveruserdev,fmlclient,fmldatauserdev,forgeserverdev,forgeserveruserdev,forgeclientdev,forgeclientuserdev,forgeserver,forgedatadev,fmlserver,fmlclientuserdev,fmlserverdev,forgedatauserdev,testharness,forgegametestserveruserdev]
[06Dec2025 14:08:49.471] [main/DEBUG] [cpw.mods.modlauncher.NameMappingServiceHandler/MODLAUNCHER]: Found naming services : [srgtomcp]
[06Dec2025 14:08:49.480] [main/DEBUG] [cpw.mods.modlauncher.LaunchPluginHandler/MODLAUNCHER]: Found launch plugins: [mixin,eventbus,slf4jfixer,object_holder_definalize,runtime_enum_extender,capability_token_subclass,accesstransformer,runtimedistcleaner]
[06Dec2025 14:08:49.486] [main/DEBUG] [cpw.mods.modlauncher.TransformationServicesHandler/MODLAUNCHER]: Discovering transformation services
[06Dec2025 14:08:49.488] [main/DEBUG] [net.minecraftforge.fml.loading.FMLPaths/CORE]: Path GAMEDIR is /home/tomas/IdeaProjects/ReinforcedBlackHoles/run-data
[06Dec2025 14:08:49.488] [main/DEBUG] [net.minecraftforge.fml.loading.FMLPaths/CORE]: Path MODSDIR is /home/tomas/IdeaProjects/ReinforcedBlackHoles/run-data/mods
[06Dec2025 14:08:49.489] [main/DEBUG] [net.minecraftforge.fml.loading.FMLPaths/CORE]: Path CONFIGDIR is /home/tomas/IdeaProjects/ReinforcedBlackHoles/run-data/config
[06Dec2025 14:08:49.489] [main/DEBUG] [net.minecraftforge.fml.loading.FMLPaths/CORE]: Path FMLCONFIG is /home/tomas/IdeaProjects/ReinforcedBlackHoles/run-data/config/fml.toml
[06Dec2025 14:08:49.508] [main/DEBUG] [cpw.mods.modlauncher.TransformationServicesHandler/MODLAUNCHER]: Found additional transformation services from discovery services: 
[06Dec2025 14:08:49.512] [main/INFO] [net.minecraftforge.fml.loading.ImmediateWindowHandler/]: ImmediateWindowProvider not loading because launch target is forgedatauserdev
[06Dec2025 14:08:49.516] [main/DEBUG] [cpw.mods.modlauncher.TransformationServicesHandler/MODLAUNCHER]: Found transformer services : [mixin,fml]
[06Dec2025 14:08:49.516] [main/DEBUG] [cpw.mods.modlauncher.TransformationServicesHandler/MODLAUNCHER]: Transformation services loading
[06Dec2025 14:08:49.517] [main/DEBUG] [cpw.mods.modlauncher.TransformationServiceDecorator/MODLAUNCHER]: Loading service mixin
[06Dec2025 14:08:49.517] [main/DEBUG] [cpw.mods.modlauncher.TransformationServiceDecorator/MODLAUNCHER]: Loaded service mixin
[06Dec2025 14:08:49.517] [main/DEBUG] [cpw.mods.modlauncher.TransformationServiceDecorator/MODLAUNCHER]: Loading service fml
[06Dec2025 14:08:49.518] [main/DEBUG] [net.minecraftforge.fml.loading.LauncherVersion/CORE]: Found FMLLauncher version 1.0
[06Dec2025 14:08:49.518] [main/DEBUG] [net.minecraftforge.fml.loading.FMLLoader/CORE]: FML 1.0 loading
[06Dec2025 14:08:49.519] [main/DEBUG] [net.minecraftforge.fml.loading.FMLLoader/CORE]: FML found ModLauncher version : 10.0.9+10.0.9+main.dcd20f30
[06Dec2025 14:08:49.519] [main/DEBUG] [net.minecraftforge.fml.loading.FMLLoader/CORE]: Requesting CoreMods to not apply the fix for ASMAPI.findFirstInstructionBefore by default
[06Dec2025 14:08:49.519] [main/DEBUG] [net.minecraftforge.fml.loading.FMLLoader/CORE]: FML found AccessTransformer version : 8.0.4+66+master.c09db6d7
[06Dec2025 14:08:49.520] [main/DEBUG] [net.minecraftforge.fml.loading.FMLLoader/CORE]: FML found EventBus version : 6.0.5+6.0.5+master.eb8e549b
[06Dec2025 14:08:49.520] [main/DEBUG] [net.minecraftforge.fml.loading.FMLLoader/CORE]: Found Runtime Dist Cleaner
[06Dec2025 14:08:49.521] [main/DEBUG] [net.minecraftforge.coremod.CoreModEngine/]: CoreMods will preserve legacy behavior of ASMAPI.findFirstInstructionBefore for backwards-compatibility
[06Dec2025 14:08:49.521] [main/DEBUG] [net.minecraftforge.fml.loading.FMLLoader/CORE]: FML found CoreMod version : 5.2.4
[06Dec2025 14:08:49.521] [main/DEBUG] [net.minecraftforge.fml.loading.FMLLoader/CORE]: Found ForgeSPI package implementation version 7.0.1+7.0.1+master.d2b38bf6
[06Dec2025 14:08:49.521] [main/DEBUG] [net.minecraftforge.fml.loading.FMLLoader/CORE]: Found ForgeSPI package specification 5
[06Dec2025 14:08:49.522] [main/DEBUG] [cpw.mods.modlauncher.TransformationServiceDecorator/MODLAUNCHER]: Loaded service fml
[06Dec2025 14:08:49.522] [main/DEBUG] [cpw.mods.modlauncher.TransformationServicesHandler/MODLAUNCHER]: Configuring option handling for services
[06Dec2025 14:08:49.525] [main/DEBUG] [cpw.mods.modlauncher.TransformationServicesHandler/MODLAUNCHER]: Transformation services initializing
[06Dec2025 14:08:49.526] [main/DEBUG] [cpw.mods.modlauncher.TransformationServiceDecorator/MODLAUNCHER]: Initializing transformation service mixin
[06Dec2025 14:08:49.532] [main/DEBUG] [mixin/]: MixinService [ModLauncher] was successfully booted in cpw.mods.cl.ModuleClassLoader@19d37183
[06Dec2025 14:08:49.539] [main/INFO] [mixin/]: SpongePowered MIXIN Subsystem Version=0.8.5 Source=union:/home/tomas/.gradle/caches/modules-2/files-2.1/org.spongepowered/mixin/0.8.5/9d1c0c3a304ae6697ecd477218fa61b850bf57fc/mixin-0.8.5.jar%23116!/ Service=ModLauncher Env=CLIENT
[06Dec2025 14:08:49.553] [main/DEBUG] [mixin/]: Initialising Mixin Platform Manager
[06Dec2025 14:08:49.553] [main/DEBUG] [mixin/]: Adding mixin platform agents for container ModLauncher Root Container(ModLauncher:4f56a0a2)
[06Dec2025 14:08:49.553] [main/DEBUG] [mixin/]: Instancing new MixinPlatformAgentMinecraftForge for ModLauncher Root Container(ModLauncher:4f56a0a2)
[06Dec2025 14:08:49.554] [main/DEBUG] [mixin/]: MixinPlatformAgentMinecraftForge rejected container ModLauncher Root Container(ModLauncher:4f56a0a2)
[06Dec2025 14:08:49.554] [main/DEBUG] [mixin/]: Instancing new MixinPlatformAgentDefault for ModLauncher Root Container(ModLauncher:4f56a0a2)
[06Dec2025 14:08:49.554] [main/DEBUG] [mixin/]: MixinPlatformAgentDefault accepted container ModLauncher Root Container(ModLauncher:4f56a0a2)
[06Dec2025 14:08:49.555] [main/DEBUG] [cpw.mods.modlauncher.TransformationServiceDecorator/MODLAUNCHER]: Initialized transformation service mixin
[06Dec2025 14:08:49.555] [main/DEBUG] [cpw.mods.modlauncher.TransformationServiceDecorator/MODLAUNCHER]: Initializing transformation service fml
[06Dec2025 14:08:49.556] [main/DEBUG] [net.minecraftforge.fml.loading.FMLServiceProvider/CORE]: Setting up basic FML game directories
[06Dec2025 14:08:49.556] [main/DEBUG] [net.minecraftforge.fml.loading.FMLPaths/CORE]: Path GAMEDIR is /home/tomas/IdeaProjects/ReinforcedBlackHoles/run-data
[06Dec2025 14:08:49.556] [main/DEBUG] [net.minecraftforge.fml.loading.FMLPaths/CORE]: Path MODSDIR is /home/tomas/IdeaProjects/ReinforcedBlackHoles/run-data/mods
[06Dec2025 14:08:49.556] [main/DEBUG] [net.minecraftforge.fml.loading.FMLPaths/CORE]: Path CONFIGDIR is /home/tomas/IdeaProjects/ReinforcedBlackHoles/run-data/config
[06Dec2025 14:08:49.556] [main/DEBUG] [net.minecraftforge.fml.loading.FMLPaths/CORE]: Path FMLCONFIG is /home/tomas/IdeaProjects/ReinforcedBlackHoles/run-data/config/fml.toml
[06Dec2025 14:08:49.556] [main/DEBUG] [net.minecraftforge.fml.loading.FMLServiceProvider/CORE]: Loading configuration
[06Dec2025 14:08:49.557] [main/DEBUG] [net.minecraftforge.fml.loading.FMLServiceProvider/CORE]: Preparing ModFile
[06Dec2025 14:08:49.559] [main/DEBUG] [net.minecraftforge.fml.loading.FMLServiceProvider/CORE]: Preparing launch handler
[06Dec2025 14:08:49.559] [main/DEBUG] [net.minecraftforge.fml.loading.FMLLoader/CORE]: Using forgedatauserdev as launch service
[06Dec2025 14:08:49.565] [main/DEBUG] [net.minecraftforge.fml.loading.FMLLoader/CORE]: Received command line version data  : VersionInfo[forgeVersion=47.4.6, mcVersion=1.20.1, mcpVersion=20230612.114412, forgeGroup=net.minecraftforge]
[06Dec2025 14:08:49.566] [main/DEBUG] [cpw.mods.modlauncher.TransformationServiceDecorator/MODLAUNCHER]: Initialized transformation service fml
[06Dec2025 14:08:49.566] [main/DEBUG] [cpw.mods.modlauncher.NameMappingServiceHandler/MODLAUNCHER]: Current naming domain is 'mcp'
[06Dec2025 14:08:49.567] [main/DEBUG] [cpw.mods.modlauncher.NameMappingServiceHandler/MODLAUNCHER]: Identified name mapping providers {srg=srgtomcp:1234}
[06Dec2025 14:08:49.567] [main/DEBUG] [cpw.mods.modlauncher.TransformationServicesHandler/MODLAUNCHER]: Transformation services begin scanning
[06Dec2025 14:08:49.567] [main/DEBUG] [cpw.mods.modlauncher.TransformationServiceDecorator/MODLAUNCHER]: Beginning scan trigger - transformation service mixin
[06Dec2025 14:08:49.567] [main/DEBUG] [cpw.mods.modlauncher.TransformationServiceDecorator/MODLAUNCHER]: End scan trigger - transformation service mixin
[06Dec2025 14:08:49.567] [main/DEBUG] [cpw.mods.modlauncher.TransformationServiceDecorator/MODLAUNCHER]: Beginning scan trigger - transformation service fml
[06Dec2025 14:08:49.567] [main/DEBUG] [net.minecraftforge.fml.loading.FMLServiceProvider/CORE]: Initiating mod scan
[06Dec2025 14:08:49.572] [main/DEBUG] [net.minecraftforge.fml.loading.moddiscovery.ModListHandler/CORE]: Found mod coordinates from lists: []
[06Dec2025 14:08:49.574] [main/DEBUG] [net.minecraftforge.fml.loading.moddiscovery.ModDiscoverer/CORE]: Found Mod Locators : (mods folder:null),(maven libs:null),(exploded directory:null),(minecraft:null),(userdev classpath:null)
[06Dec2025 14:08:49.574] [main/DEBUG] [net.minecraftforge.fml.loading.moddiscovery.ModDiscoverer/CORE]: Found Dependency Locators : (JarInJar:null)
[06Dec2025 14:08:49.577] [main/DEBUG] [net.minecraftforge.fml.loading.targets.CommonLaunchHandler/CORE]: Got mod coordinates rbh%%/home/tomas/IdeaProjects/ReinforcedBlackHoles/build/resources/main:rbh%%/home/tomas/IdeaProjects/ReinforcedBlackHoles/build/classes/java/main from env
[06Dec2025 14:08:49.578] [main/DEBUG] [net.minecraftforge.fml.loading.targets.CommonLaunchHandler/CORE]: Found supplied mod coordinates [{rbh=[/home/tomas/IdeaProjects/ReinforcedBlackHoles/build/resources/main, /home/tomas/IdeaProjects/ReinforcedBlackHoles/build/classes/java/main]}]
[06Dec2025 14:08:49.713] [main/DEBUG] [net.minecraftforge.fml.loading.moddiscovery.ModFileInfo/LOADING]: Found valid mod file forge-1.20.1-47.4.6_mapped_parchment_2023.08.06-1.20.1-recomp.jar with {minecraft} mods - versions {1.20.1}
[06Dec2025 14:08:49.714] [main/DEBUG] [net.minecraftforge.fml.loading.moddiscovery.ModFileParser/LOADING]: Considering mod file candidate /home/tomas/.gradle/caches/modules-2/files-2.1/net.minecraftforge/javafmllanguage/1.20.1-47.4.6/9e86bf67e222253576e982856d9958695725adb5/javafmllanguage-1.20.1-47.4.6.jar
[06Dec2025 14:08:49.714] [main/WARN] [net.minecraftforge.fml.loading.moddiscovery.ModFileParser/LOADING]: Mod file /home/tomas/.gradle/caches/modules-2/files-2.1/net.minecraftforge/javafmllanguage/1.20.1-47.4.6/9e86bf67e222253576e982856d9958695725adb5/javafmllanguage-1.20.1-47.4.6.jar is missing mods.toml file
[06Dec2025 14:08:49.715] [main/DEBUG] [net.minecraftforge.fml.loading.moddiscovery.ModFileParser/LOADING]: Considering mod file candidate /home/tomas/.gradle/caches/modules-2/files-2.1/net.minecraftforge/lowcodelanguage/1.20.1-47.4.6/56100545804adc991cc48ab68b86ba46c5873246/lowcodelanguage-1.20.1-47.4.6.jar
[06Dec2025 14:08:49.715] [main/WARN] [net.minecraftforge.fml.loading.moddiscovery.ModFileParser/LOADING]: Mod file /home/tomas/.gradle/caches/modules-2/files-2.1/net.minecraftforge/lowcodelanguage/1.20.1-47.4.6/56100545804adc991cc48ab68b86ba46c5873246/lowcodelanguage-1.20.1-47.4.6.jar is missing mods.toml file
[06Dec2025 14:08:49.715] [main/DEBUG] [net.minecraftforge.fml.loading.moddiscovery.ModFileParser/LOADING]: Considering mod file candidate /home/tomas/.gradle/caches/modules-2/files-2.1/net.minecraftforge/mclanguage/1.20.1-47.4.6/fd228d7d879a9da774eda022ea3092cedb5178f1/mclanguage-1.20.1-47.4.6.jar
[06Dec2025 14:08:49.716] [main/WARN] [net.minecraftforge.fml.loading.moddiscovery.ModFileParser/LOADING]: Mod file /home/tomas/.gradle/caches/modules-2/files-2.1/net.minecraftforge/mclanguage/1.20.1-47.4.6/fd228d7d879a9da774eda022ea3092cedb5178f1/mclanguage-1.20.1-47.4.6.jar is missing mods.toml file
[06Dec2025 14:08:49.716] [main/DEBUG] [net.minecraftforge.fml.loading.moddiscovery.ModFileParser/LOADING]: Considering mod file candidate /home/tomas/.gradle/caches/modules-2/files-2.1/net.minecraftforge/fmlcore/1.20.1-47.4.6/cefc55ada370ce2f23f92834530eb967c0de1fdd/fmlcore-1.20.1-47.4.6.jar
[06Dec2025 14:08:49.716] [main/WARN] [net.minecraftforge.fml.loading.moddiscovery.ModFileParser/LOADING]: Mod file /home/tomas/.gradle/caches/modules-2/files-2.1/net.minecraftforge/fmlcore/1.20.1-47.4.6/cefc55ada370ce2f23f92834530eb967c0de1fdd/fmlcore-1.20.1-47.4.6.jar is missing mods.toml file
[06Dec2025 14:08:49.718] [main/DEBUG] [net.minecraftforge.fml.loading.moddiscovery.ModFileParser/LOADING]: Considering mod file candidate /home/tomas/IdeaProjects/ReinforcedBlackHoles/build/resources/main
[06Dec2025 14:08:49.721] [main/DEBUG] [net.minecraftforge.fml.loading.moddiscovery.ModFileInfo/LOADING]: Found valid mod file main with {rbh} mods - versions {1.0.1}
[06Dec2025 14:08:49.723] [main/DEBUG] [net.minecraftforge.fml.loading.moddiscovery.ModFileParser/LOADING]: Considering mod file candidate /
[06Dec2025 14:08:49.725] [main/DEBUG] [net.minecraftforge.fml.loading.moddiscovery.ModFileInfo/LOADING]: Found valid mod file  with {forge} mods - versions {47.4.6}
[06Dec2025 14:08:49.730] [main/DEBUG] [net.minecraftforge.fml.loading.moddiscovery.ModFileParser/LOADING]: Considering mod file candidate /home/tomas/.gradle/caches/forge_gradle/deobf_dependencies/curse/maven/geckolib-388172/7020955_mapped_parchment_2023.08.06-1.20.1/geckolib-388172-7020955_mapped_parchment_2023.08.06-1.20.1.jar
[06Dec2025 14:08:49.731] [main/DEBUG] [net.minecraftforge.fml.loading.moddiscovery.ModFileInfo/LOADING]: Found valid mod file geckolib-388172-7020955_mapped_parchment_2023.08.06-1.20.1.jar with {geckolib} mods - versions {4.8.1}
[06Dec2025 14:08:49.736] [main/DEBUG] [net.minecraftforge.fml.loading.moddiscovery.ModFileParser/LOADING]: Considering mod file candidate /home/tomas/.gradle/caches/forge_gradle/deobf_dependencies/curse/maven/create-328085/6641603_mapped_parchment_2023.08.06-1.20.1/create-328085-6641603_mapped_parchment_2023.08.06-1.20.1.jar
[06Dec2025 14:08:49.737] [main/DEBUG] [net.minecraftforge.fml.loading.moddiscovery.ModFileInfo/LOADING]: Found valid mod file create-328085-6641603_mapped_parchment_2023.08.06-1.20.1.jar with {create} mods - versions {6.0.6}
[06Dec2025 14:08:49.737] [main/DEBUG] [net.minecraftforge.fml.loading.moddiscovery.ModFileParser/LOADING]: Considering mod file candidate /home/tomas/.gradle/caches/forge_gradle/deobf_dependencies/curse/maven/geckolib-388172/7020955_mapped_parchment_2023.08.06-1.20.1/geckolib-388172-7020955_mapped_parchment_2023.08.06-1.20.1.jar
[06Dec2025 14:08:49.738] [main/DEBUG] [net.minecraftforge.fml.loading.moddiscovery.ModFileInfo/LOADING]: Found valid mod file geckolib-388172-7020955_mapped_parchment_2023.08.06-1.20.1.jar with {geckolib} mods - versions {4.8.1}
[06Dec2025 14:08:49.741] [main/DEBUG] [net.minecraftforge.fml.loading.moddiscovery.ModFileParser/LOADING]: Considering mod file candidate /home/tomas/.gradle/caches/forge_gradle/deobf_dependencies/curse/maven/create-328085/6641603_mapped_parchment_2023.08.06-1.20.1/create-328085-6641603_mapped_parchment_2023.08.06-1.20.1.jar
[06Dec2025 14:08:49.742] [main/DEBUG] [net.minecraftforge.fml.loading.moddiscovery.ModFileInfo/LOADING]: Found valid mod file create-328085-6641603_mapped_parchment_2023.08.06-1.20.1.jar with {create} mods - versions {6.0.6}
[06Dec2025 14:08:49.746] [main/DEBUG] [net.minecraftforge.fml.loading.UniqueModListBuilder/]: Found 2 mods for first modid create, selecting most recent based on version data
[06Dec2025 14:08:49.746] [main/DEBUG] [net.minecraftforge.fml.loading.UniqueModListBuilder/]: Selected file create-328085-6641603_mapped_parchment_2023.08.06-1.20.1.jar for modid create with version 6.0.6
[06Dec2025 14:08:49.746] [main/DEBUG] [net.minecraftforge.fml.loading.UniqueModListBuilder/]: Found 2 mods for first modid geckolib, selecting most recent based on version data
[06Dec2025 14:08:49.746] [main/DEBUG] [net.minecraftforge.fml.loading.UniqueModListBuilder/]: Selected file geckolib-388172-7020955_mapped_parchment_2023.08.06-1.20.1.jar for modid geckolib with version 4.8.1
[06Dec2025 14:08:49.749] [main/DEBUG] [net.minecraftforge.fml.loading.moddiscovery.AbstractJarFileDependencyLocator/]: Failed to load resource META-INF/jarjar/metadata.json from forge-1.20.1-47.4.6_mapped_parchment_2023.08.06-1.20.1-recomp.jar, it does not contain dependency information.
[06Dec2025 14:08:49.749] [main/DEBUG] [net.minecraftforge.fml.loading.moddiscovery.AbstractJarFileDependencyLocator/]: Failed to load resource META-INF/jarjar/metadata.json from , it does not contain dependency information.
[06Dec2025 14:08:49.750] [main/DEBUG] [net.minecraftforge.fml.loading.moddiscovery.AbstractJarFileDependencyLocator/]: Failed to load resource META-INF/jarjar/metadata.json from main, it does not contain dependency information.
[06Dec2025 14:08:49.750] [main/DEBUG] [net.minecraftforge.fml.loading.moddiscovery.AbstractJarFileDependencyLocator/]: Failed to load resource META-INF/jarjar/metadata.json from mclanguage-1.20.1-47.4.6.jar, it does not contain dependency information.
[06Dec2025 14:08:49.750] [main/DEBUG] [net.minecraftforge.fml.loading.moddiscovery.AbstractJarFileDependencyLocator/]: Failed to load resource META-INF/jarjar/metadata.json from javafmllanguage-1.20.1-47.4.6.jar, it does not contain dependency information.
[06Dec2025 14:08:49.750] [main/DEBUG] [net.minecraftforge.fml.loading.moddiscovery.AbstractJarFileDependencyLocator/]: Failed to load resource META-INF/jarjar/metadata.json from fmlcore-1.20.1-47.4.6.jar, it does not contain dependency information.
[06Dec2025 14:08:49.750] [main/DEBUG] [net.minecraftforge.fml.loading.moddiscovery.AbstractJarFileDependencyLocator/]: Failed to load resource META-INF/jarjar/metadata.json from lowcodelanguage-1.20.1-47.4.6.jar, it does not contain dependency information.
[06Dec2025 14:08:49.784] [main/DEBUG] [net.minecraftforge.fml.loading.moddiscovery.ModFileParser/LOADING]: Considering mod file candidate 
[06Dec2025 14:08:49.785] [main/DEBUG] [net.minecraftforge.fml.loading.moddiscovery.ModFileInfo/LOADING]: Found valid mod file flywheel-forge-1.20.1-1.0.4.jar with {flywheel} mods - versions {1.0.4}
[06Dec2025 14:08:49.786] [main/DEBUG] [net.minecraftforge.fml.loading.moddiscovery.ModFileParser/LOADING]: Considering mod file candidate 
[06Dec2025 14:08:49.787] [main/DEBUG] [net.minecraftforge.fml.loading.moddiscovery.ModFileInfo/LOADING]: Found valid mod file mixinextras-forge-0.4.1.jar with {mixinextras} mods - versions {0.4.1}
[06Dec2025 14:08:49.796] [main/DEBUG] [net.minecraftforge.fml.loading.moddiscovery.ModFileParser/LOADING]: Considering mod file candidate 
[06Dec2025 14:08:49.797] [main/DEBUG] [net.minecraftforge.fml.loading.moddiscovery.ModFileInfo/LOADING]: Found valid mod file Ponder-Forge-1.20.1-1.0.80.jar with {ponder} mods - versions {1.0.80}
[06Dec2025 14:08:49.809] [main/DEBUG] [net.minecraftforge.fml.loading.moddiscovery.AbstractJarFileDependencyLocator/]: Failed to load resource META-INF/jarjar/metadata.json from Registrate-MC1.20-1.3.3.jar, it does not contain dependency information.
[06Dec2025 14:08:49.809] [main/DEBUG] [net.minecraftforge.fml.loading.moddiscovery.AbstractJarFileDependencyLocator/]: Failed to load resource META-INF/jarjar/metadata.json from flywheel-forge-1.20.1-1.0.4.jar, it does not contain dependency information.
[06Dec2025 14:08:49.813] [main/DEBUG] [net.minecraftforge.fml.loading.moddiscovery.AbstractJarFileDependencyLocator/]: Failed to load resource META-INF/jarjar/metadata.json from Ponder-Forge-1.20.1-1.0.80.jar, it does not contain dependency information.
[06Dec2025 14:08:49.813] [main/DEBUG] [net.minecraftforge.fml.loading.moddiscovery.AbstractJarFileDependencyLocator/]: Failed to load resource META-INF/jarjar/metadata.json from MixinExtras-0.5.0.jar, it does not contain dependency information.
[06Dec2025 14:08:49.813] [main/DEBUG] [net.minecraftforge.fml.loading.moddiscovery.AbstractJarFileDependencyLocator/]: Failed to load resource META-INF/jarjar/metadata.json from mclib-20.jar, it does not contain dependency information.
[06Dec2025 14:08:49.813] [main/DEBUG] [net.minecraftforge.fml.loading.moddiscovery.AbstractJarFileDependencyLocator/]: Failed to load resource META-INF/jarjar/metadata.json from MixinExtras-0.4.1.jar, it does not contain dependency information.
[06Dec2025 14:08:49.833] [main/DEBUG] [net.minecraftforge.fml.loading.moddiscovery.ModFileParser/LOADING]: Considering mod file candidate 
[06Dec2025 14:08:49.834] [main/DEBUG] [net.minecraftforge.fml.loading.moddiscovery.ModFileInfo/LOADING]: Found valid mod file flywheel-forge-1.20.1-1.0.4.jar with {flywheel} mods - versions {1.0.4}
[06Dec2025 14:08:49.835] [main/DEBUG] [net.minecraftforge.fml.loading.moddiscovery.ModFileParser/LOADING]: Considering mod file candidate 
[06Dec2025 14:08:49.835] [main/DEBUG] [net.minecraftforge.fml.loading.moddiscovery.ModFileInfo/LOADING]: Found valid mod file mixinextras-forge-0.4.1.jar with {mixinextras} mods - versions {0.4.1}
[06Dec2025 14:08:49.842] [main/DEBUG] [net.minecraftforge.fml.loading.moddiscovery.ModFileParser/LOADING]: Considering mod file candidate 
[06Dec2025 14:08:49.842] [main/DEBUG] [net.minecraftforge.fml.loading.moddiscovery.ModFileInfo/LOADING]: Found valid mod file Ponder-Forge-1.20.1-1.0.80.jar with {ponder} mods - versions {1.0.80}
[06Dec2025 14:08:49.851] [main/INFO] [net.minecraftforge.fml.loading.moddiscovery.JarInJarDependencyLocator/]: Found 6 dependencies adding them to mods collection
[06Dec2025 14:08:49.851] [main/DEBUG] [net.minecraftforge.fml.loading.UniqueModListBuilder/]: Found 2 mods for first modid mixinextras, selecting most recent based on version data
[06Dec2025 14:08:49.851] [main/DEBUG] [net.minecraftforge.fml.loading.UniqueModListBuilder/]: Selected file mixinextras-forge-0.5.0.jar for modid mixinextras with version 0.5.0
[06Dec2025 14:08:49.852] [main/DEBUG] [net.minecraftforge.fml.loading.moddiscovery.ModFileInfo/LOADING]: Found valid mod file forge-1.20.1-47.4.6_mapped_parchment_2023.08.06-1.20.1-recomp.jar with {minecraft} mods - versions {1.20.1}
[06Dec2025 14:08:49.853] [main/DEBUG] [net.minecraftforge.fml.loading.moddiscovery.ModFile/LOADING]: Loading mod file /home/tomas/.gradle/caches/forge_gradle/minecraft_user_repo/net/minecraftforge/forge/1.20.1-47.4.6_mapped_parchment_2023.08.06-1.20.1/forge-1.20.1-47.4.6_mapped_parchment_2023.08.06-1.20.1-recomp.jar with languages [LanguageSpec[languageName=minecraft, acceptedVersions=1]]
[06Dec2025 14:08:49.854] [main/DEBUG] [net.minecraftforge.fml.loading.moddiscovery.ModFileParser/LOADING]: Considering mod file candidate /
[06Dec2025 14:08:49.854] [main/DEBUG] [net.minecraftforge.fml.loading.moddiscovery.ModFileInfo/LOADING]: Found valid mod file  with {forge} mods - versions {47.4.6}
[06Dec2025 14:08:49.854] [main/DEBUG] [net.minecraftforge.fml.loading.moddiscovery.ModFile/LOADING]: Loading mod file / with languages [LanguageSpec[languageName=javafml, acceptedVersions=[24,]]]
[06Dec2025 14:08:49.856] [main/DEBUG] [net.minecraftforge.fml.loading.moddiscovery.ModFileParser/LOADING]: Found coremod field_to_method with Javascript path coremods/field_to_method.js
[06Dec2025 14:08:49.856] [main/DEBUG] [net.minecraftforge.fml.loading.moddiscovery.ModFileParser/LOADING]: Found coremod field_to_instanceof with Javascript path coremods/field_to_instanceof.js
[06Dec2025 14:08:49.856] [main/DEBUG] [net.minecraftforge.fml.loading.moddiscovery.ModFileParser/LOADING]: Found coremod add_bouncer_method with Javascript path coremods/add_bouncer_method.js
[06Dec2025 14:08:49.856] [main/DEBUG] [net.minecraftforge.fml.loading.moddiscovery.ModFileParser/LOADING]: Found coremod method_redirector with Javascript path coremods/method_redirector.js
[06Dec2025 14:08:49.856] [main/DEBUG] [net.minecraftforge.fml.loading.moddiscovery.ModFile/LOADING]: Found coremod coremods/field_to_method.js
[06Dec2025 14:08:49.856] [main/DEBUG] [net.minecraftforge.fml.loading.moddiscovery.ModFile/LOADING]: Found coremod coremods/field_to_instanceof.js
[06Dec2025 14:08:49.856] [main/DEBUG] [net.minecraftforge.fml.loading.moddiscovery.ModFile/LOADING]: Found coremod coremods/add_bouncer_method.js
[06Dec2025 14:08:49.856] [main/DEBUG] [net.minecraftforge.fml.loading.moddiscovery.ModFile/LOADING]: Found coremod coremods/method_redirector.js
[06Dec2025 14:08:49.856] [main/DEBUG] [net.minecraftforge.fml.loading.moddiscovery.ModFileParser/LOADING]: Considering mod file candidate 
[06Dec2025 14:08:49.857] [main/DEBUG] [net.minecraftforge.fml.loading.moddiscovery.ModFileInfo/LOADING]: Found valid mod file flywheel-forge-1.20.1-1.0.4.jar with {flywheel} mods - versions {1.0.4}
[06Dec2025 14:08:49.857] [main/DEBUG] [net.minecraftforge.fml.loading.moddiscovery.ModFile/LOADING]: Loading mod file  with languages [LanguageSpec[languageName=javafml, acceptedVersions=[0,)]]
[06Dec2025 14:08:49.857] [main/DEBUG] [net.minecraftforge.fml.loading.moddiscovery.ModFileParser/LOADING]: Considering mod file candidate /home/tomas/IdeaProjects/ReinforcedBlackHoles/build/resources/main
[06Dec2025 14:08:49.857] [main/DEBUG] [net.minecraftforge.fml.loading.moddiscovery.ModFileInfo/LOADING]: Found valid mod file main with {rbh} mods - versions {1.0.1}
[06Dec2025 14:08:49.857] [main/DEBUG] [net.minecraftforge.fml.loading.moddiscovery.ModFile/LOADING]: Loading mod file /home/tomas/IdeaProjects/ReinforcedBlackHoles/build/resources/main with languages [LanguageSpec[languageName=javafml, acceptedVersions=[47,)]]
[06Dec2025 14:08:49.858] [main/DEBUG] [net.minecraftforge.fml.loading.moddiscovery.ModFileParser/LOADING]: Considering mod file candidate /home/tomas/.gradle/caches/forge_gradle/deobf_dependencies/curse/maven/create-328085/6641603_mapped_parchment_2023.08.06-1.20.1/create-328085-6641603_mapped_parchment_2023.08.06-1.20.1.jar
[06Dec2025 14:08:49.858] [main/DEBUG] [net.minecraftforge.fml.loading.moddiscovery.ModFileInfo/LOADING]: Found valid mod file create-328085-6641603_mapped_parchment_2023.08.06-1.20.1.jar with {create} mods - versions {6.0.6}
[06Dec2025 14:08:49.858] [main/DEBUG] [net.minecraftforge.fml.loading.moddiscovery.ModFile/LOADING]: Loading mod file /home/tomas/.gradle/caches/forge_gradle/deobf_dependencies/curse/maven/create-328085/6641603_mapped_parchment_2023.08.06-1.20.1/create-328085-6641603_mapped_parchment_2023.08.06-1.20.1.jar with languages [LanguageSpec[languageName=javafml, acceptedVersions=[47,)]]
[06Dec2025 14:08:49.858] [main/DEBUG] [net.minecraftforge.fml.loading.moddiscovery.ModFileParser/LOADING]: Considering mod file candidate /home/tomas/.gradle/caches/forge_gradle/deobf_dependencies/curse/maven/geckolib-388172/7020955_mapped_parchment_2023.08.06-1.20.1/geckolib-388172-7020955_mapped_parchment_2023.08.06-1.20.1.jar
[06Dec2025 14:08:49.858] [main/DEBUG] [net.minecraftforge.fml.loading.moddiscovery.ModFileInfo/LOADING]: Found valid mod file geckolib-388172-7020955_mapped_parchment_2023.08.06-1.20.1.jar with {geckolib} mods - versions {4.8.1}
[06Dec2025 14:08:49.858] [main/DEBUG] [net.minecraftforge.fml.loading.moddiscovery.ModFile/LOADING]: Loading mod file /home/tomas/.gradle/caches/forge_gradle/deobf_dependencies/curse/maven/geckolib-388172/7020955_mapped_parchment_2023.08.06-1.20.1/geckolib-388172-7020955_mapped_parchment_2023.08.06-1.20.1.jar with languages [LanguageSpec[languageName=javafml, acceptedVersions=[47,)]]
[06Dec2025 14:08:49.858] [main/DEBUG] [net.minecraftforge.fml.loading.moddiscovery.ModFileParser/LOADING]: Considering mod file candidate 
[06Dec2025 14:08:49.859] [main/DEBUG] [net.minecraftforge.fml.loading.moddiscovery.ModFileInfo/LOADING]: Found valid mod file Ponder-Forge-1.20.1-1.0.80.jar with {ponder} mods - versions {1.0.80}
[06Dec2025 14:08:49.859] [main/DEBUG] [net.minecraftforge.fml.loading.moddiscovery.ModFile/LOADING]: Loading mod file  with languages [LanguageSpec[languageName=javafml, acceptedVersions=[47,)]]
[06Dec2025 14:08:49.859] [main/DEBUG] [net.minecraftforge.fml.loading.moddiscovery.ModFile/LOADING]: Loading mod file  with languages []
[06Dec2025 14:08:49.859] [main/DEBUG] [net.minecraftforge.fml.loading.moddiscovery.ModFile/LOADING]: Loading mod file  with languages []
[06Dec2025 14:08:49.859] [main/DEBUG] [net.minecraftforge.fml.loading.moddiscovery.ModFile/LOADING]: Loading mod file /home/tomas/.gradle/caches/modules-2/files-2.1/io.github.llamalad7/mixinextras-forge/0.5.0/cebe4d98a42a4a32ebf0ddec7b93d5bdbdad009/mixinextras-forge-0.5.0.jar with languages []
[06Dec2025 14:08:49.859] [main/DEBUG] [net.minecraftforge.fml.loading.moddiscovery.ModFile/LOADING]: Loading mod file  with languages []
[06Dec2025 14:08:49.859] [main/DEBUG] [net.minecraftforge.fml.loading.moddiscovery.ModFile/LOADING]: Loading mod file  with languages []
[06Dec2025 14:08:49.859] [main/DEBUG] [net.minecraftforge.fml.loading.moddiscovery.ModFile/LOADING]: Loading mod file  with languages []
[06Dec2025 14:08:49.859] [main/DEBUG] [net.minecraftforge.fml.loading.moddiscovery.ModFile/LOADING]: Loading mod file /home/tomas/.gradle/caches/modules-2/files-2.1/io.github.llamalad7/mixinextras-forge/0.5.0/cebe4d98a42a4a32ebf0ddec7b93d5bdbdad009/mixinextras-forge-0.5.0.jar with languages []
[06Dec2025 14:08:49.859] [main/DEBUG] [net.minecraftforge.fml.loading.moddiscovery.ModFile/LOADING]: Loading mod file  with languages []
[06Dec2025 14:08:49.860] [main/DEBUG] [cpw.mods.modlauncher.TransformationServiceDecorator/MODLAUNCHER]: End scan trigger - transformation service fml
[06Dec2025 14:08:49.865] [main/DEBUG] [net.minecraftforge.fml.loading.LanguageLoadingProvider/CORE]: Found 3 language providers
[06Dec2025 14:08:49.865] [main/DEBUG] [net.minecraftforge.fml.loading.LanguageLoadingProvider/CORE]: Found language provider minecraft, version 1.0
[06Dec2025 14:08:49.865] [main/DEBUG] [net.minecraftforge.fml.loading.LanguageLoadingProvider/CORE]: Found language provider lowcodefml, version 47
[06Dec2025 14:08:49.866] [main/DEBUG] [net.minecraftforge.fml.loading.LanguageLoadingProvider/CORE]: Found language provider javafml, version 47
[06Dec2025 14:08:49.867] [main/DEBUG] [net.minecraftforge.fml.loading.UniqueModListBuilder/]: Found 2 mods for first modid mclib, selecting most recent based on version data
[06Dec2025 14:08:49.867] [main/DEBUG] [net.minecraftforge.fml.loading.UniqueModListBuilder/]: Selected file mclib-20.jar for modid mclib with version 0.0NONE
[06Dec2025 14:08:49.867] [main/DEBUG] [net.minecraftforge.fml.loading.UniqueModListBuilder/]: Found 2 mods for first modid MixinExtras, selecting most recent based on version data
[06Dec2025 14:08:49.868] [main/DEBUG] [net.minecraftforge.fml.loading.UniqueModListBuilder/]: Selected file MixinExtras-0.5.0.jar for modid MixinExtras with version 0.5.0
[06Dec2025 14:08:49.868] [main/DEBUG] [net.minecraftforge.fml.loading.UniqueModListBuilder/]: Found 2 mods for first modid mixinextras, selecting most recent based on version data
[06Dec2025 14:08:49.868] [main/DEBUG] [net.minecraftforge.fml.loading.UniqueModListBuilder/]: Selected file mixinextras-forge-0.5.0.jar for modid mixinextras with version 0.5.0
[06Dec2025 14:08:49.868] [main/DEBUG] [net.minecraftforge.fml.loading.UniqueModListBuilder/]: Found 2 mods for first modid Registrate.MC1._20, selecting most recent based on version data
[06Dec2025 14:08:49.868] [main/DEBUG] [net.minecraftforge.fml.loading.UniqueModListBuilder/]: Selected file Registrate-MC1.20-1.3.3.jar for modid Registrate.MC1._20 with version 0.0NONE
[06Dec2025 14:08:49.868] [main/DEBUG] [net.minecraftforge.fml.loading.ModSorter/]: Configured system mods: [minecraft, forge]
[06Dec2025 14:08:49.868] [main/DEBUG] [net.minecraftforge.fml.loading.ModSorter/]: Found system mod: minecraft
[06Dec2025 14:08:49.868] [main/DEBUG] [net.minecraftforge.fml.loading.ModSorter/]: Found system mod: forge
[06Dec2025 14:08:49.869] [main/DEBUG] [net.minecraftforge.fml.loading.ModSorter/LOADING]: Found 19 mod requirements (14 mandatory, 5 optional)
[06Dec2025 14:08:49.870] [main/DEBUG] [net.minecraftforge.fml.loading.ModSorter/LOADING]: Found 0 mod requirements missing (0 mandatory, 0 optional)
[06Dec2025 14:08:50.081] [main/DEBUG] [net.minecraftforge.fml.loading.MCPNamingService/CORE]: Loaded 34318 method mappings from methods.csv
[06Dec2025 14:08:50.096] [main/DEBUG] [net.minecraftforge.fml.loading.MCPNamingService/CORE]: Loaded 31014 field mappings from fields.csv
[06Dec2025 14:08:50.125] [main/DEBUG] [cpw.mods.modlauncher.TransformationServicesHandler/MODLAUNCHER]: Transformation services loading transformers
[06Dec2025 14:08:50.125] [main/DEBUG] [cpw.mods.modlauncher.TransformationServiceDecorator/MODLAUNCHER]: Initializing transformers for transformation service mixin
[06Dec2025 14:08:50.126] [main/DEBUG] [cpw.mods.modlauncher.TransformationServiceDecorator/MODLAUNCHER]: Initialized transformers for transformation service mixin
[06Dec2025 14:08:50.126] [main/DEBUG] [cpw.mods.modlauncher.TransformationServiceDecorator/MODLAUNCHER]: Initializing transformers for transformation service fml
[06Dec2025 14:08:50.126] [main/DEBUG] [net.minecraftforge.fml.loading.FMLServiceProvider/CORE]: Loading coremod transformers
[06Dec2025 14:08:50.126] [main/DEBUG] [net.minecraftforge.coremod.CoreModEngine/COREMOD]: Loading CoreMod from coremods/field_to_method.js
[06Dec2025 14:08:50.203] [main/DEBUG] [net.minecraftforge.coremod.CoreModEngine/COREMOD]: CoreMod loaded successfully
[06Dec2025 14:08:50.203] [main/DEBUG] [net.minecraftforge.coremod.CoreModEngine/COREMOD]: Loading CoreMod from coremods/field_to_instanceof.js
[06Dec2025 14:08:50.238] [main/DEBUG] [net.minecraftforge.coremod.CoreModEngine/COREMOD]: CoreMod loaded successfully
[06Dec2025 14:08:50.239] [main/DEBUG] [net.minecraftforge.coremod.CoreModEngine/COREMOD]: Loading CoreMod from coremods/add_bouncer_method.js
[06Dec2025 14:08:50.255] [main/DEBUG] [net.minecraftforge.coremod.CoreModEngine/COREMOD]: CoreMod loaded successfully
[06Dec2025 14:08:50.255] [main/DEBUG] [net.minecraftforge.coremod.CoreModEngine/COREMOD]: Loading CoreMod from coremods/method_redirector.js
[06Dec2025 14:08:50.288] [main/DEBUG] [net.minecraftforge.coremod.CoreModEngine/COREMOD]: CoreMod loaded successfully
[06Dec2025 14:08:50.293] [main/DEBUG] [cpw.mods.modlauncher.TransformStore/MODLAUNCHER]: Adding transformer net.minecraftforge.coremod.transformer.CoreModClassTransformer@2b0b7e5a to Target : CLASS {Lnet/minecraft/world/level/biome/Biome;} {} {V}
[06Dec2025 14:08:50.294] [main/DEBUG] [cpw.mods.modlauncher.TransformStore/MODLAUNCHER]: Adding transformer net.minecraftforge.coremod.transformer.CoreModClassTransformer@5f96f6a2 to Target : CLASS {Lnet/minecraft/world/level/levelgen/structure/Structure;} {} {V}
[06Dec2025 14:08:50.294] [main/DEBUG] [cpw.mods.modlauncher.TransformStore/MODLAUNCHER]: Adding transformer net.minecraftforge.coremod.transformer.CoreModClassTransformer@48df4071 to Target : CLASS {Lnet/minecraft/world/effect/MobEffectInstance;} {} {V}
[06Dec2025 14:08:50.294] [main/DEBUG] [cpw.mods.modlauncher.TransformStore/MODLAUNCHER]: Adding transformer net.minecraftforge.coremod.transformer.CoreModClassTransformer@290e8cab to Target : CLASS {Lnet/minecraft/world/level/block/LiquidBlock;} {} {V}
[06Dec2025 14:08:50.294] [main/DEBUG] [cpw.mods.modlauncher.TransformStore/MODLAUNCHER]: Adding transformer net.minecraftforge.coremod.transformer.CoreModClassTransformer@6e3ecf5c to Target : CLASS {Lnet/minecraft/world/item/BucketItem;} {} {V}
[06Dec2025 14:08:50.294] [main/DEBUG] [cpw.mods.modlauncher.TransformStore/MODLAUNCHER]: Adding transformer net.minecraftforge.coremod.transformer.CoreModClassTransformer@67507df to Target : CLASS {Lnet/minecraft/world/level/block/StairBlock;} {} {V}
[06Dec2025 14:08:50.294] [main/DEBUG] [cpw.mods.modlauncher.TransformStore/MODLAUNCHER]: Adding transformer net.minecraftforge.coremod.transformer.CoreModClassTransformer@341b13a8 to Target : CLASS {Lnet/minecraft/world/level/block/FlowerPotBlock;} {} {V}
[06Dec2025 14:08:50.294] [main/DEBUG] [cpw.mods.modlauncher.TransformStore/MODLAUNCHER]: Adding transformer net.minecraftforge.coremod.transformer.CoreModClassTransformer@692dba54 to Target : CLASS {Lnet/minecraft/world/item/ItemStack;} {} {V}
[06Dec2025 14:08:50.294] [main/DEBUG] [cpw.mods.modlauncher.TransformStore/MODLAUNCHER]: Adding transformer net.minecraftforge.coremod.transformer.CoreModClassTransformer@71f1cc02 to Target : CLASS {Lnet/minecraft/network/play/client/CClientSettingsPacket;} {} {V}
[06Dec2025 14:08:50.294] [main/DEBUG] [cpw.mods.modlauncher.TransformStore/MODLAUNCHER]: Adding transformer net.minecraftforge.coremod.transformer.CoreModClassTransformer@5f14761c to Target : CLASS {Lnet/minecraft/world/entity/npc/CatSpawner;} {} {V}
[06Dec2025 14:08:50.294] [main/DEBUG] [cpw.mods.modlauncher.TransformStore/MODLAUNCHER]: Adding transformer net.minecraftforge.coremod.transformer.CoreModClassTransformer@5f14761c to Target : CLASS {Lnet/minecraft/world/level/levelgen/PatrolSpawner;} {} {V}
[06Dec2025 14:08:50.294] [main/DEBUG] [cpw.mods.modlauncher.TransformStore/MODLAUNCHER]: Adding transformer net.minecraftforge.coremod.transformer.CoreModClassTransformer@5f14761c to Target : CLASS {Lnet/minecraft/world/entity/ai/village/VillageSiege;} {} {V}
[06Dec2025 14:08:50.295] [main/DEBUG] [cpw.mods.modlauncher.TransformStore/MODLAUNCHER]: Adding transformer net.minecraftforge.coremod.transformer.CoreModClassTransformer@5f14761c to Target : CLASS {Lnet/minecraft/world/entity/monster/Zombie;} {} {V}
[06Dec2025 14:08:50.295] [main/DEBUG] [cpw.mods.modlauncher.TransformStore/MODLAUNCHER]: Adding transformer net.minecraftforge.coremod.transformer.CoreModClassTransformer@5f14761c to Target : CLASS {Lnet/minecraft/world/entity/raid/Raid;} {} {V}
[06Dec2025 14:08:50.295] [main/DEBUG] [cpw.mods.modlauncher.TransformStore/MODLAUNCHER]: Adding transformer net.minecraftforge.coremod.transformer.CoreModClassTransformer@5f14761c to Target : CLASS {Lnet/minecraft/world/entity/monster/Evoker$EvokerSummonSpellGoal;} {} {V}
[06Dec2025 14:08:50.295] [main/DEBUG] [cpw.mods.modlauncher.TransformStore/MODLAUNCHER]: Adding transformer net.minecraftforge.coremod.transformer.CoreModClassTransformer@5f14761c to Target : CLASS {Lnet/minecraft/world/entity/monster/ZombieVillager;} {} {V}
[06Dec2025 14:08:50.295] [main/DEBUG] [cpw.mods.modlauncher.TransformStore/MODLAUNCHER]: Adding transformer net.minecraftforge.coremod.transformer.CoreModClassTransformer@5f14761c to Target : CLASS {Lnet/minecraft/world/entity/animal/frog/Tadpole;} {} {V}
[06Dec2025 14:08:50.295] [main/DEBUG] [cpw.mods.modlauncher.TransformStore/MODLAUNCHER]: Adding transformer net.minecraftforge.coremod.transformer.CoreModClassTransformer@5f14761c to Target : CLASS {Lnet/minecraft/server/commands/SummonCommand;} {} {V}
[06Dec2025 14:08:50.295] [main/DEBUG] [cpw.mods.modlauncher.TransformStore/MODLAUNCHER]: Adding transformer net.minecraftforge.coremod.transformer.CoreModClassTransformer@5f14761c to Target : CLASS {Lnet/minecraft/world/entity/monster/Strider;} {} {V}
[06Dec2025 14:08:50.295] [main/DEBUG] [cpw.mods.modlauncher.TransformStore/MODLAUNCHER]: Adding transformer net.minecraftforge.coremod.transformer.CoreModClassTransformer@5f14761c to Target : CLASS {Lnet/minecraft/world/level/levelgen/structure/structures/SwampHutPiece;} {} {V}
[06Dec2025 14:08:50.295] [main/DEBUG] [cpw.mods.modlauncher.TransformStore/MODLAUNCHER]: Adding transformer net.minecraftforge.coremod.transformer.CoreModClassTransformer@5f14761c to Target : CLASS {Lnet/minecraft/world/level/levelgen/structure/templatesystem/StructureTemplate;} {} {V}
[06Dec2025 14:08:50.295] [main/DEBUG] [cpw.mods.modlauncher.TransformStore/MODLAUNCHER]: Adding transformer net.minecraftforge.coremod.transformer.CoreModClassTransformer@5f14761c to Target : CLASS {Lnet/minecraft/server/commands/RaidCommand;} {} {V}
[06Dec2025 14:08:50.295] [main/DEBUG] [cpw.mods.modlauncher.TransformStore/MODLAUNCHER]: Adding transformer net.minecraftforge.coremod.transformer.CoreModClassTransformer@5f14761c to Target : CLASS {Lnet/minecraft/world/entity/animal/horse/SkeletonTrapGoal;} {} {V}
[06Dec2025 14:08:50.295] [main/DEBUG] [cpw.mods.modlauncher.TransformStore/MODLAUNCHER]: Adding transformer net.minecraftforge.coremod.transformer.CoreModClassTransformer@5f14761c to Target : CLASS {Lnet/minecraft/world/entity/monster/Spider;} {} {V}
[06Dec2025 14:08:50.295] [main/DEBUG] [cpw.mods.modlauncher.TransformStore/MODLAUNCHER]: Adding transformer net.minecraftforge.coremod.transformer.CoreModClassTransformer@5f14761c to Target : CLASS {Lnet/minecraft/world/level/levelgen/PhantomSpawner;} {} {V}
[06Dec2025 14:08:50.295] [main/DEBUG] [cpw.mods.modlauncher.TransformStore/MODLAUNCHER]: Adding transformer net.minecraftforge.coremod.transformer.CoreModClassTransformer@5f14761c to Target : CLASS {Lnet/minecraft/world/level/levelgen/structure/structures/OceanRuinPieces$OceanRuinPiece;} {} {V}
[06Dec2025 14:08:50.295] [main/DEBUG] [cpw.mods.modlauncher.TransformStore/MODLAUNCHER]: Adding transformer net.minecraftforge.coremod.transformer.CoreModClassTransformer@5f14761c to Target : CLASS {Lnet/minecraft/world/entity/EntityType;} {} {V}
[06Dec2025 14:08:50.295] [main/DEBUG] [cpw.mods.modlauncher.TransformStore/MODLAUNCHER]: Adding transformer net.minecraftforge.coremod.transformer.CoreModClassTransformer@5f14761c to Target : CLASS {Lnet/minecraft/world/level/levelgen/structure/structures/OceanMonumentPieces$OceanMonumentPiece;} {} {V}
[06Dec2025 14:08:50.295] [main/DEBUG] [cpw.mods.modlauncher.TransformStore/MODLAUNCHER]: Adding transformer net.minecraftforge.coremod.transformer.CoreModClassTransformer@5f14761c to Target : CLASS {Lnet/minecraft/world/entity/npc/Villager;} {} {V}
[06Dec2025 14:08:50.295] [main/DEBUG] [cpw.mods.modlauncher.TransformStore/MODLAUNCHER]: Adding transformer net.minecraftforge.coremod.transformer.CoreModClassTransformer@5f14761c to Target : CLASS {Lnet/minecraft/world/level/NaturalSpawner;} {} {V}
[06Dec2025 14:08:50.295] [main/DEBUG] [cpw.mods.modlauncher.TransformStore/MODLAUNCHER]: Adding transformer net.minecraftforge.coremod.transformer.CoreModClassTransformer@5f14761c to Target : CLASS {Lnet/minecraft/world/level/levelgen/structure/structures/WoodlandMansionPieces$WoodlandMansionPiece;} {} {V}
[06Dec2025 14:08:50.295] [main/DEBUG] [cpw.mods.modlauncher.TransformationServiceDecorator/MODLAUNCHER]: Initialized transformers for transformation service fml
[06Dec2025 14:08:50.536] [main/DEBUG] [mixin/]: Processing prepare() for PlatformAgent[MixinPlatformAgentDefault:ModLauncher Root Container(ModLauncher:4f56a0a2)]
[06Dec2025 14:08:50.536] [main/DEBUG] [mixin/]: Registering mixin config: rbh.mixins.json
[06Dec2025 14:08:50.543] [main/WARN] [mixin/]: Compatibility level JAVA_17 specified by rbh.mixins.json is higher than the maximum level supported by this version of mixin (JAVA_13).
[06Dec2025 14:08:50.543] [main/INFO] [mixin/]: Compatibility level set to JAVA_17
[06Dec2025 14:08:50.543] [main/DEBUG] [mixin/]: Processing launch tasks for PlatformAgent[MixinPlatformAgentDefault:ModLauncher Root Container(ModLauncher:4f56a0a2)]
[06Dec2025 14:08:50.543] [main/DEBUG] [mixin/]: Adding mixin platform agents for container SecureJarResource(minecraft)
[06Dec2025 14:08:50.543] [main/DEBUG] [mixin/]: Instancing new MixinPlatformAgentMinecraftForge for SecureJarResource(minecraft)
[06Dec2025 14:08:50.543] [main/DEBUG] [mixin/]: MixinPlatformAgentMinecraftForge rejected container SecureJarResource(minecraft)
[06Dec2025 14:08:50.543] [main/DEBUG] [mixin/]: Instancing new MixinPlatformAgentDefault for SecureJarResource(minecraft)
[06Dec2025 14:08:50.544] [main/DEBUG] [mixin/]: MixinPlatformAgentDefault accepted container SecureJarResource(minecraft)
[06Dec2025 14:08:50.544] [main/DEBUG] [mixin/]: Processing prepare() for PlatformAgent[MixinPlatformAgentDefault:SecureJarResource(minecraft)]
[06Dec2025 14:08:50.544] [main/DEBUG] [mixin/]: Adding mixin platform agents for container SecureJarResource(forge)
[06Dec2025 14:08:50.544] [main/DEBUG] [mixin/]: Instancing new MixinPlatformAgentMinecraftForge for SecureJarResource(forge)
[06Dec2025 14:08:50.544] [main/DEBUG] [mixin/]: MixinPlatformAgentMinecraftForge rejected container SecureJarResource(forge)
[06Dec2025 14:08:50.544] [main/DEBUG] [mixin/]: Instancing new MixinPlatformAgentDefault for SecureJarResource(forge)
[06Dec2025 14:08:50.544] [main/DEBUG] [mixin/]: MixinPlatformAgentDefault accepted container SecureJarResource(forge)
[06Dec2025 14:08:50.544] [main/DEBUG] [mixin/]: Processing prepare() for PlatformAgent[MixinPlatformAgentDefault:SecureJarResource(forge)]
[06Dec2025 14:08:50.544] [main/DEBUG] [mixin/]: Adding mixin platform agents for container SecureJarResource(flywheel)
[06Dec2025 14:08:50.544] [main/DEBUG] [mixin/]: Instancing new MixinPlatformAgentMinecraftForge for SecureJarResource(flywheel)
[06Dec2025 14:08:50.544] [main/DEBUG] [mixin/]: MixinPlatformAgentMinecraftForge rejected container SecureJarResource(flywheel)
[06Dec2025 14:08:50.544] [main/DEBUG] [mixin/]: Instancing new MixinPlatformAgentDefault for SecureJarResource(flywheel)
[06Dec2025 14:08:50.544] [main/DEBUG] [mixin/]: MixinPlatformAgentDefault accepted container SecureJarResource(flywheel)
[06Dec2025 14:08:50.544] [main/DEBUG] [mixin/]: Processing prepare() for PlatformAgent[MixinPlatformAgentDefault:SecureJarResource(flywheel)]
[06Dec2025 14:08:50.544] [main/DEBUG] [mixin/]: Registering mixin config: flywheel.backend.mixins.json
[06Dec2025 14:08:50.545] [main/DEBUG] [mixin/]: Registering mixin config: flywheel.impl.mixins.json
[06Dec2025 14:08:50.547] [main/DEBUG] [mixin/]: Adding mixin platform agents for container SecureJarResource(geckolib)
[06Dec2025 14:08:50.547] [main/DEBUG] [mixin/]: Instancing new MixinPlatformAgentMinecraftForge for SecureJarResource(geckolib)
[06Dec2025 14:08:50.547] [main/DEBUG] [mixin/]: MixinPlatformAgentMinecraftForge rejected container SecureJarResource(geckolib)
[06Dec2025 14:08:50.547] [main/DEBUG] [mixin/]: Instancing new MixinPlatformAgentDefault for SecureJarResource(geckolib)
[06Dec2025 14:08:50.547] [main/DEBUG] [mixin/]: MixinPlatformAgentDefault accepted container SecureJarResource(geckolib)
[06Dec2025 14:08:50.547] [main/DEBUG] [mixin/]: Processing prepare() for PlatformAgent[MixinPlatformAgentDefault:SecureJarResource(geckolib)]
[06Dec2025 14:08:50.547] [main/DEBUG] [mixin/]: Registering mixin config: geckolib.mixins.json
[06Dec2025 14:08:50.548] [main/DEBUG] [mixin/]: Adding mixin platform agents for container SecureJarResource(ponder)
[06Dec2025 14:08:50.548] [main/DEBUG] [mixin/]: Instancing new MixinPlatformAgentMinecraftForge for SecureJarResource(ponder)
[06Dec2025 14:08:50.548] [main/DEBUG] [mixin/]: MixinPlatformAgentMinecraftForge rejected container SecureJarResource(ponder)
[06Dec2025 14:08:50.548] [main/DEBUG] [mixin/]: Instancing new MixinPlatformAgentDefault for SecureJarResource(ponder)
[06Dec2025 14:08:50.548] [main/DEBUG] [mixin/]: MixinPlatformAgentDefault accepted container SecureJarResource(ponder)
[06Dec2025 14:08:50.548] [main/DEBUG] [mixin/]: Processing prepare() for PlatformAgent[MixinPlatformAgentDefault:SecureJarResource(ponder)]
[06Dec2025 14:08:50.549] [main/DEBUG] [mixin/]: Registering mixin config: ponder.mixins.json
[06Dec2025 14:08:50.549] [main/DEBUG] [mixin/]: Registering mixin config: ponder-common.mixins.json
[06Dec2025 14:08:50.550] [main/DEBUG] [mixin/]: Adding mixin platform agents for container SecureJarResource(create)
[06Dec2025 14:08:50.550] [main/DEBUG] [mixin/]: Instancing new MixinPlatformAgentMinecraftForge for SecureJarResource(create)
[06Dec2025 14:08:50.550] [main/DEBUG] [mixin/]: MixinPlatformAgentMinecraftForge rejected container SecureJarResource(create)
[06Dec2025 14:08:50.550] [main/DEBUG] [mixin/]: Instancing new MixinPlatformAgentDefault for SecureJarResource(create)
[06Dec2025 14:08:50.551] [main/DEBUG] [mixin/]: MixinPlatformAgentDefault accepted container SecureJarResource(create)
[06Dec2025 14:08:50.551] [main/DEBUG] [mixin/]: Processing prepare() for PlatformAgent[MixinPlatformAgentDefault:SecureJarResource(create)]
[06Dec2025 14:08:50.551] [main/DEBUG] [mixin/]: Registering mixin config: create.mixins.json
[06Dec2025 14:08:50.552] [main/DEBUG] [mixin/]: Adding mixin platform agents for container SecureJarResource(rbh)
[06Dec2025 14:08:50.552] [main/DEBUG] [mixin/]: Instancing new MixinPlatformAgentMinecraftForge for SecureJarResource(rbh)
[06Dec2025 14:08:50.552] [main/DEBUG] [mixin/]: MixinPlatformAgentMinecraftForge rejected container SecureJarResource(rbh)
[06Dec2025 14:08:50.552] [main/DEBUG] [mixin/]: Instancing new MixinPlatformAgentDefault for SecureJarResource(rbh)
[06Dec2025 14:08:50.552] [main/DEBUG] [mixin/]: MixinPlatformAgentDefault accepted container SecureJarResource(rbh)
[06Dec2025 14:08:50.552] [main/DEBUG] [mixin/]: Processing prepare() for PlatformAgent[MixinPlatformAgentDefault:SecureJarResource(rbh)]
[06Dec2025 14:08:50.552] [main/DEBUG] [mixin/]: Adding mixin platform agents for container SecureJarResource(MixinExtras)
[06Dec2025 14:08:50.552] [main/DEBUG] [mixin/]: Instancing new MixinPlatformAgentMinecraftForge for SecureJarResource(MixinExtras)
[06Dec2025 14:08:50.552] [main/DEBUG] [mixin/]: MixinPlatformAgentMinecraftForge rejected container SecureJarResource(MixinExtras)
[06Dec2025 14:08:50.552] [main/DEBUG] [mixin/]: Instancing new MixinPlatformAgentDefault for SecureJarResource(MixinExtras)
[06Dec2025 14:08:50.552] [main/DEBUG] [mixin/]: MixinPlatformAgentDefault accepted container SecureJarResource(MixinExtras)
[06Dec2025 14:08:50.552] [main/DEBUG] [mixin/]: Processing prepare() for PlatformAgent[MixinPlatformAgentDefault:SecureJarResource(MixinExtras)]
[06Dec2025 14:08:50.552] [main/DEBUG] [mixin/]: Adding mixin platform agents for container SecureJarResource(mclib)
[06Dec2025 14:08:50.552] [main/DEBUG] [mixin/]: Instancing new MixinPlatformAgentMinecraftForge for SecureJarResource(mclib)
[06Dec2025 14:08:50.552] [main/DEBUG] [mixin/]: MixinPlatformAgentMinecraftForge rejected container SecureJarResource(mclib)
[06Dec2025 14:08:50.552] [main/DEBUG] [mixin/]: Instancing new MixinPlatformAgentDefault for SecureJarResource(mclib)
[06Dec2025 14:08:50.552] [main/DEBUG] [mixin/]: MixinPlatformAgentDefault accepted container SecureJarResource(mclib)
[06Dec2025 14:08:50.552] [main/DEBUG] [mixin/]: Processing prepare() for PlatformAgent[MixinPlatformAgentDefault:SecureJarResource(mclib)]
[06Dec2025 14:08:50.552] [main/DEBUG] [mixin/]: Adding mixin platform agents for container SecureJarResource(mixinextras)
[06Dec2025 14:08:50.552] [main/DEBUG] [mixin/]: Instancing new MixinPlatformAgentMinecraftForge for SecureJarResource(mixinextras)
[06Dec2025 14:08:50.552] [main/DEBUG] [mixin/]: MixinPlatformAgentMinecraftForge rejected container SecureJarResource(mixinextras)
[06Dec2025 14:08:50.552] [main/DEBUG] [mixin/]: Instancing new MixinPlatformAgentDefault for SecureJarResource(mixinextras)
[06Dec2025 14:08:50.553] [main/DEBUG] [mixin/]: MixinPlatformAgentDefault accepted container SecureJarResource(mixinextras)
[06Dec2025 14:08:50.553] [main/DEBUG] [mixin/]: Processing prepare() for PlatformAgent[MixinPlatformAgentDefault:SecureJarResource(mixinextras)]
[06Dec2025 14:08:50.553] [main/DEBUG] [mixin/]: Registering mixin config: mixinextras.init.mixins.json
[06Dec2025 14:08:50.554] [main/DEBUG] [mixin/]: Adding mixin platform agents for container SecureJarResource(Registrate.MC1._20)
[06Dec2025 14:08:50.554] [main/DEBUG] [mixin/]: Instancing new MixinPlatformAgentMinecraftForge for SecureJarResource(Registrate.MC1._20)
[06Dec2025 14:08:50.554] [main/DEBUG] [mixin/]: MixinPlatformAgentMinecraftForge rejected container SecureJarResource(Registrate.MC1._20)
[06Dec2025 14:08:50.554] [main/DEBUG] [mixin/]: Instancing new MixinPlatformAgentDefault for SecureJarResource(Registrate.MC1._20)
[06Dec2025 14:08:50.554] [main/DEBUG] [mixin/]: MixinPlatformAgentDefault accepted container SecureJarResource(Registrate.MC1._20)
[06Dec2025 14:08:50.554] [main/DEBUG] [mixin/]: Processing prepare() for PlatformAgent[MixinPlatformAgentDefault:SecureJarResource(Registrate.MC1._20)]
[06Dec2025 14:08:50.554] [main/DEBUG] [mixin/]: inject() running with 12 agents
[06Dec2025 14:08:50.554] [main/DEBUG] [mixin/]: Processing inject() for PlatformAgent[MixinPlatformAgentDefault:ModLauncher Root Container(ModLauncher:4f56a0a2)]
[06Dec2025 14:08:50.554] [main/DEBUG] [mixin/]: Processing inject() for PlatformAgent[MixinPlatformAgentDefault:SecureJarResource(minecraft)]
[06Dec2025 14:08:50.554] [main/DEBUG] [mixin/]: Processing inject() for PlatformAgent[MixinPlatformAgentDefault:SecureJarResource(forge)]
[06Dec2025 14:08:50.554] [main/DEBUG] [mixin/]: Processing inject() for PlatformAgent[MixinPlatformAgentDefault:SecureJarResource(flywheel)]
[06Dec2025 14:08:50.554] [main/DEBUG] [mixin/]: Processing inject() for PlatformAgent[MixinPlatformAgentDefault:SecureJarResource(geckolib)]
[06Dec2025 14:08:50.554] [main/DEBUG] [mixin/]: Processing inject() for PlatformAgent[MixinPlatformAgentDefault:SecureJarResource(ponder)]
[06Dec2025 14:08:50.554] [main/DEBUG] [mixin/]: Processing inject() for PlatformAgent[MixinPlatformAgentDefault:SecureJarResource(create)]
[06Dec2025 14:08:50.554] [main/DEBUG] [mixin/]: Processing inject() for PlatformAgent[MixinPlatformAgentDefault:SecureJarResource(rbh)]
[06Dec2025 14:08:50.554] [main/DEBUG] [mixin/]: Processing inject() for PlatformAgent[MixinPlatformAgentDefault:SecureJarResource(MixinExtras)]
[06Dec2025 14:08:50.554] [main/DEBUG] [mixin/]: Processing inject() for PlatformAgent[MixinPlatformAgentDefault:SecureJarResource(mclib)]
[06Dec2025 14:08:50.554] [main/DEBUG] [mixin/]: Processing inject() for PlatformAgent[MixinPlatformAgentDefault:SecureJarResource(mixinextras)]
[06Dec2025 14:08:50.554] [main/DEBUG] [mixin/]: Processing inject() for PlatformAgent[MixinPlatformAgentDefault:SecureJarResource(Registrate.MC1._20)]
[06Dec2025 14:08:50.555] [main/INFO] [cpw.mods.modlauncher.LaunchServiceHandler/MODLAUNCHER]: Launching target 'forgedatauserdev' with arguments [--gameDir, ., --assetsDir, /home/tomas/.gradle/caches/forge_gradle/assets, --assetIndex, 5, --mod, rbh, --all, --output, /home/tomas/IdeaProjects/ReinforcedBlackHoles/src/generated/resources, --existing, /home/tomas/IdeaProjects/ReinforcedBlackHoles/src/main/resources]
[06Dec2025 14:08:50.571] [main/INFO] [mixin/]: Attempting to load Fernflower decompiler (Threaded mode)
[06Dec2025 14:08:50.572] [main/INFO] [mixin/]: Fernflower could not be loaded, exported classes will not be decompiled. NoClassDefFoundError: org/jetbrains/java/decompiler/main/extern/IResultSaver
[06Dec2025 14:08:50.578] [main/INFO] [mixin/]: Preparing mixins for MixinEnvironment[DEFAULT]
[06Dec2025 14:08:50.578] [main/INFO] [mixin/]: Selecting config rbh.mixins.json
[06Dec2025 14:08:50.580] [main/WARN] [mixin/]: Reference map 'rbh.refmap.json' for rbh.mixins.json could not be read. If this is a development environment you can ignore this message
[06Dec2025 14:08:50.581] [main/INFO] [mixin/]: Selecting config flywheel.backend.mixins.json
[06Dec2025 14:08:50.731] [main/INFO] [mixin/]: Remapping refMap backend-flywheel.refmap.json using /home/tomas/IdeaProjects/ReinforcedBlackHoles/build/createSrgToMcp/output.srg
[06Dec2025 14:08:50.731] [main/INFO] [mixin/]: Selecting config flywheel.impl.mixins.json
[06Dec2025 14:08:50.732] [main/INFO] [mixin/]: Remapping refMap flywheel.refmap.json using /home/tomas/IdeaProjects/ReinforcedBlackHoles/build/createSrgToMcp/output.srg
[06Dec2025 14:08:50.732] [main/INFO] [mixin/]: Selecting config geckolib.mixins.json
[06Dec2025 14:08:50.733] [main/INFO] [mixin/]: Remapping refMap geckolib.refmap.json using /home/tomas/IdeaProjects/ReinforcedBlackHoles/build/createSrgToMcp/output.srg
[06Dec2025 14:08:50.733] [main/INFO] [mixin/]: Selecting config ponder.mixins.json
[06Dec2025 14:08:50.733] [main/INFO] [mixin/]: Remapping refMap ponder.refmap.json using /home/tomas/IdeaProjects/ReinforcedBlackHoles/build/createSrgToMcp/output.srg
[06Dec2025 14:08:50.733] [main/INFO] [mixin/]: Selecting config ponder-common.mixins.json
[06Dec2025 14:08:50.733] [main/INFO] [mixin/]: Remapping refMap ponder.refmap.json using /home/tomas/IdeaProjects/ReinforcedBlackHoles/build/createSrgToMcp/output.srg
[06Dec2025 14:08:50.734] [main/INFO] [mixin/]: Selecting config create.mixins.json
[06Dec2025 14:08:50.737] [main/INFO] [mixin/]: Remapping refMap create.refmap.json using /home/tomas/IdeaProjects/ReinforcedBlackHoles/build/createSrgToMcp/output.srg
[06Dec2025 14:08:50.738] [main/INFO] [mixin/]: Selecting config mixinextras.init.mixins.json
[06Dec2025 14:08:50.759] [main/DEBUG] [MixinExtras|Service/]: com.llamalad7.mixinextras.service.MixinExtrasServiceImpl(version=0.5.0) is taking over from null
[06Dec2025 14:08:50.774] [main/DEBUG] [mixin/]: Registering new injector for @Inject with org.spongepowered.asm.mixin.injection.struct.CallbackInjectionInfo
[06Dec2025 14:08:50.775] [main/DEBUG] [mixin/]: Registering new injector for @ModifyArg with org.spongepowered.asm.mixin.injection.struct.ModifyArgInjectionInfo
[06Dec2025 14:08:50.776] [main/DEBUG] [mixin/]: Registering new injector for @ModifyArgs with org.spongepowered.asm.mixin.injection.struct.ModifyArgsInjectionInfo
[06Dec2025 14:08:50.777] [main/DEBUG] [mixin/]: Registering new injector for @Redirect with org.spongepowered.asm.mixin.injection.struct.RedirectInjectionInfo
[06Dec2025 14:08:50.778] [main/DEBUG] [mixin/]: Registering new injector for @ModifyVariable with org.spongepowered.asm.mixin.injection.struct.ModifyVariableInjectionInfo
[06Dec2025 14:08:50.779] [main/DEBUG] [mixin/]: Registering new injector for @ModifyConstant with org.spongepowered.asm.mixin.injection.struct.ModifyConstantInjectionInfo
[06Dec2025 14:08:50.787] [main/INFO] [mixin/]: Preparing rbh.mixins.json (11)
[06Dec2025 14:08:50.877] [main/INFO] [mixin/]: Preparing flywheel.backend.mixins.json (8)
[06Dec2025 14:08:50.921] [main/INFO] [mixin/]: Preparing flywheel.impl.mixins.json (15)
[06Dec2025 14:08:50.946] [main/DEBUG] [net.minecraftforge.coremod.transformer.CoreModBaseTransformer/COREMOD]: Transforming net/minecraft/world/entity/EntityType
[06Dec2025 14:08:51.066] [main/INFO] [mixin/]: Preparing geckolib.mixins.json (1)
[06Dec2025 14:08:51.067] [main/INFO] [mixin/]: Preparing ponder.mixins.json (1)
[06Dec2025 14:08:51.071] [main/INFO] [mixin/]: Preparing ponder-common.mixins.json (6)
[06Dec2025 14:08:51.091] [main/INFO] [mixin/]: Preparing mixinextras.init.mixins.json (0)
[06Dec2025 14:08:51.091] [main/INFO] [mixin/]: Preparing create.mixins.json (53)
[06Dec2025 14:08:51.153] [main/DEBUG] [net.minecraftforge.coremod.transformer.CoreModBaseTransformer/COREMOD]: Transforming net/minecraft/world/effect/MobEffectInstance
[06Dec2025 14:08:51.191] [main/WARN] [mixin/]: Error loading class: journeymap/client/ui/fullscreen/Fullscreen (java.lang.ClassNotFoundException: journeymap.client.ui.fullscreen.Fullscreen)
[06Dec2025 14:08:51.191] [main/WARN] [mixin/]: @Mixin target journeymap.client.ui.fullscreen.Fullscreen was not found create.mixins.json:compat.JourneyFullscreenMapMixin
[06Dec2025 14:08:51.221] [main/INFO] [mixin/]: Prepared 94 mixins in 0.642 sec (6.8ms avg) (0ms load, 0ms transform, 0ms plugin)
[06Dec2025 14:08:51.337] [main/DEBUG] [io.netty.util.internal.logging.InternalLoggerFactory/]: Using SLF4J as the default logging framework
[06Dec2025 14:08:51.339] [main/DEBUG] [io.netty.util.ResourceLeakDetector/]: -Dio.netty.leakDetection.level: simple
[06Dec2025 14:08:51.339] [main/DEBUG] [io.netty.util.ResourceLeakDetector/]: -Dio.netty.leakDetection.targetRecords: 4
[06Dec2025 14:08:51.396] [main/INFO] [net.minecraftforge.data.loading.DatagenModLoader/]: Initializing Data Gatherer for mods [rbh]
[06Dec2025 14:08:51.399] [main/INFO] [MixinExtras|Service/]: Initializing MixinExtras via com.llamalad7.mixinextras.service.MixinExtrasServiceImpl(version=0.5.0).
[06Dec2025 14:08:51.399] [main/DEBUG] [mixin/]: Registering new injector for @SugarWrapper with com.llamalad7.mixinextras.sugar.impl.SugarWrapperInjectionInfo
[06Dec2025 14:08:51.400] [main/DEBUG] [mixin/]: Registering new injector for @FactoryRedirectWrapper with com.llamalad7.mixinextras.wrapper.factory.FactoryRedirectWrapperInjectionInfo
[06Dec2025 14:08:51.400] [main/DEBUG] [mixin/]: Registering new injector for @ExpressionInjectorWrapper with com.llamalad7.mixinextras.expression.impl.wrapper.ExpressionInjectorWrapperInjectionInfo
[06Dec2025 14:08:51.406] [main/INFO] [mixin/]: Mixing BuiltInRegistriesMixin from create.mixins.json into net.minecraft.core.registries.BuiltInRegistries
[06Dec2025 14:08:51.408] [main/INFO] [mixin/]: Renaming synthetic method lambda$create$ourRegistriesAreNotEmpty$0(Ljava/util/function/Consumer;Lnet/minecraft/core/Registry;)V to md2b47b5$lambda$create$ourRegistriesAreNotEmpty$0$0 in create.mixins.json:BuiltInRegistriesMixin
[06Dec2025 14:08:51.415] [main/INFO] [mixin/]: Mixing accessor.BuiltInRegistriesAccessor from create.mixins.json into net.minecraft.core.registries.BuiltInRegistries
[06Dec2025 14:08:51.415] [main/INFO] [mixin/]: Renaming @Accessor method create$getWRITABLE_REGISTRY()Lnet/minecraft/core/WritableRegistry; to create$getWRITABLE_REGISTRY_$md$2b47b5$1 in create.mixins.json:accessor.BuiltInRegistriesAccessor
[06Dec2025 14:08:51.505] [main/INFO] [mixin/]: Mixing BlockMixin from create.mixins.json into net.minecraft.world.level.block.Block
[06Dec2025 14:08:51.524] [main/INFO] [mixin/]: Mixing accessor.StateHolderAccessor from create.mixins.json into net.minecraft.world.level.block.state.StateHolder
[06Dec2025 14:08:51.540] [main/INFO] [mixin/]: Mixing accessor.EntityAccessor from ponder-common.mixins.json into net.minecraft.world.entity.Entity
[06Dec2025 14:08:51.543] [main/INFO] [mixin/]: Mixing client.EntityContraptionInteractionMixin from create.mixins.json into net.minecraft.world.entity.Entity
[06Dec2025 14:08:51.544] [main/INFO] [mixin/]: Renaming synthetic method lambda$create$onSpawnSprintParticle$4(Lnet/minecraft/world/entity/Entity;Lnet/minecraft/core/BlockPos;Lcom/simibubi/create/content/contraptions/Contraption;Lnet/minecraft/world/level/block/state/BlockState;Lnet/minecraft/core/BlockPos;)V to md2b47b5$lambda$create$onSpawnSprintParticle$4$0 in create.mixins.json:client.EntityContraptionInteractionMixin
[06Dec2025 14:08:51.544] [main/INFO] [mixin/]: Renaming synthetic method lambda$create$onMove$3(Lnet/minecraft/world/phys/Vec3;Lnet/minecraft/world/entity/Entity;Lcom/simibubi/create/content/contraptions/AbstractContraptionEntity;)Z to md2b47b5$lambda$create$onMove$3$1 in create.mixins.json:client.EntityContraptionInteractionMixin
[06Dec2025 14:08:51.544] [main/INFO] [mixin/]: Renaming synthetic method lambda$create$contraptionStepSounds$2(Lorg/apache/commons/lang3/mutable/MutableBoolean;Lcom/simibubi/create/content/contraptions/Contraption;Lnet/minecraft/world/level/block/state/BlockState;Lnet/minecraft/core/BlockPos;)V to md2b47b5$lambda$create$contraptionStepSounds$2$2 in create.mixins.json:client.EntityContraptionInteractionMixin
[06Dec2025 14:08:51.544] [main/INFO] [mixin/]: Renaming synthetic method lambda$create$forCollision$1(Lnet/minecraft/world/phys/Vec3;Lorg/apache/logging/log4j/util/TriConsumer;Lcom/simibubi/create/content/contraptions/AbstractContraptionEntity;)V to md2b47b5$lambda$create$forCollision$1$3 in create.mixins.json:client.EntityContraptionInteractionMixin
[06Dec2025 14:08:51.544] [main/INFO] [mixin/]: Renaming synthetic method lambda$create$getIntersectionContraptionsStream$0(Lcom/simibubi/create/content/contraptions/AbstractContraptionEntity;)Z to md2b47b5$lambda$create$getIntersectionContraptionsStream$0$4 in create.mixins.json:client.EntityContraptionInteractionMixin
[06Dec2025 14:08:51.568] [main/INFO] [mixin/]: Mixing EntityMixin from create.mixins.json into net.minecraft.world.entity.Entity
[06Dec2025 14:08:51.633] [main/INFO] [mixin/]: Mixing CustomItemUseEffectsMixin from create.mixins.json into net.minecraft.world.entity.LivingEntity
[06Dec2025 14:08:51.636] [main/DEBUG] [net.minecraftforge.coremod.transformer.CoreModBaseTransformer/COREMOD]: Transforming net/minecraft/world/item/ItemStack
[06Dec2025 14:08:51.648] [main/INFO] [mixin/]: Mixing LavaSwimmingMixin from create.mixins.json into net.minecraft.world.entity.LivingEntity
[06Dec2025 14:08:51.655] [main/INFO] [mixin/]: Mixing accessor.LivingEntityAccessor from create.mixins.json into net.minecraft.world.entity.LivingEntity
[06Dec2025 14:08:51.713] [main/INFO] [mixin/]: Mixing LevelMixin from flywheel.impl.mixins.json into net.minecraft.world.level.Level
[06Dec2025 14:08:51.724] [main/INFO] [mixin/]: Mixing accessor.ServerLevelAccessor from create.mixins.json into net.minecraft.server.level.ServerLevel
[06Dec2025 14:08:51.750] [main/INFO] [mixin/]: Mixing PlayerMixin from create.mixins.json into net.minecraft.world.entity.player.Player
[06Dec2025 14:08:51.787] [main/DEBUG] [net.minecraftforge.coremod.transformer.CoreModBaseTransformer/COREMOD]: Transforming net/minecraft/world/entity/EntityType
[06Dec2025 14:08:51.806] [main/INFO] [mixin/]: Mixing EntityTypeMixin from flywheel.impl.mixins.json into net.minecraft.world.entity.EntityType
[06Dec2025 14:08:51.816] [main/INFO] [mixin/]: Mixing BlockEntityTypeMixin from flywheel.impl.mixins.json into net.minecraft.world.level.block.entity.BlockEntityType
[06Dec2025 14:08:51.945] [main/DEBUG] [net.minecraftforge.coremod.transformer.CoreModBaseTransformer/COREMOD]: Transforming net/minecraft/world/level/block/LiquidBlock
[06Dec2025 14:08:51.952] [main/INFO] [mixin/]: Mixing accessor.DispenserBlockAccessor from create.mixins.json into net.minecraft.world.level.block.DispenserBlock
[06Dec2025 14:08:51.965] [main/DEBUG] [net.minecraftforge.coremod.transformer.CoreModBaseTransformer/COREMOD]: Transforming net/minecraft/world/level/block/StairBlock
[06Dec2025 14:08:51.970] [main/INFO] [mixin/]: Mixing accessor.CropBlockAccessor from create.mixins.json into net.minecraft.world.level.block.CropBlock
[06Dec2025 14:08:51.995] [main/DEBUG] [net.minecraftforge.coremod.transformer.CoreModBaseTransformer/COREMOD]: Transforming net/minecraft/world/level/block/FlowerPotBlock
[06Dec2025 14:08:52.009] [main/INFO] [mixin/]: Mixing ShulkerBoxBlockMixin from create.mixins.json into net.minecraft.world.level.block.ShulkerBoxBlock
[06Dec2025 14:08:52.018] [main/INFO] [mixin/]: Mixing accessor.ConcretePowderBlockAccessor from create.mixins.json into net.minecraft.world.level.block.ConcretePowderBlock
[06Dec2025 14:08:52.035] [main/INFO] [mixin/]: Mixing BeehiveBlockMixin from create.mixins.json into net.minecraft.world.level.block.BeehiveBlock
[06Dec2025 14:08:52.070] [main/INFO] [mixin/]: Mixing WaterWheelFluidSpreadMixin from create.mixins.json into net.minecraft.world.level.material.FlowingFluid
[06Dec2025 14:08:52.075] [main/INFO] [mixin/]: Mixing accessor.FlowingFluidAccessor from create.mixins.json into net.minecraft.world.level.material.FlowingFluid
[06Dec2025 14:08:52.116] [main/INFO] [mixin/]: Mixing visualmanage.BlockEntityMixin from flywheel.impl.mixins.json into net.minecraft.world.level.block.entity.BlockEntity
[06Dec2025 14:08:52.121] [main/INFO] [mixin/]: Mixing accessor.FallingBlockEntityAccessor from create.mixins.json into net.minecraft.world.entity.item.FallingBlockEntity
[06Dec2025 14:08:52.122] [main/INFO] [mixin/]: Renaming @Invoker method create$callInit(Lnet/minecraft/world/level/Level;DDDLnet/minecraft/world/level/block/state/BlockState;)Lnet/minecraft/world/entity/item/FallingBlockEntity; to create$callInit_$md$2b47b5$0 in create.mixins.json:accessor.FallingBlockEntityAccessor
[06Dec2025 14:08:52.357] [main/DEBUG] [net.minecraftforge.coremod.transformer.CoreModBaseTransformer/COREMOD]: Transforming net/minecraft/world/item/ItemStack
[06Dec2025 14:08:52.547] [main/INFO] [mixin/]: Mixing SmithingMenuMixin from create.mixins.json into net.minecraft.world.inventory.SmithingMenu
[06Dec2025 14:08:52.549] [main/INFO] [mixin/]: Renaming synthetic method lambda$create$preventUnbreakingOnBacktanks$0(Lnet/minecraft/world/item/ItemStack;Ljava/util/Map;Lnet/minecraft/world/item/enchantment/Enchantment;Ljava/lang/Integer;)V to md2b47b5$lambda$create$preventUnbreakingOnBacktanks$0$0 in create.mixins.json:SmithingMenuMixin
[06Dec2025 14:08:52.638] [main/DEBUG] [net.minecraftforge.coremod.transformer.CoreModBaseTransformer/COREMOD]: Transforming net/minecraft/world/entity/animal/frog/Tadpole
[06Dec2025 14:08:52.647] [main/INFO] [mixin/]: Mixing BlockItemMixin from create.mixins.json into net.minecraft.world.item.BlockItem
[06Dec2025 14:08:52.658] [main/DEBUG] [net.minecraftforge.coremod.transformer.CoreModBaseTransformer/COREMOD]: Transforming net/minecraft/world/item/BucketItem
[06Dec2025 14:08:52.671] [main/INFO] [mixin/]: Mixing accessor.SuspiciousStewItemAccessor from create.mixins.json into net.minecraft.world.item.SuspiciousStewItem
[06Dec2025 14:08:52.671] [main/INFO] [mixin/]: Renaming @Invoker method create$listPotionEffects(Lnet/minecraft/world/item/ItemStack;Ljava/util/function/Consumer;)V to create$listPotionEffects_$md$2b47b5$0 in create.mixins.json:accessor.SuspiciousStewItemAccessor
[06Dec2025 14:08:52.980] [main/DEBUG] [net.minecraftforge.coremod.transformer.CoreModBaseTransformer/COREMOD]: Transforming net/minecraft/world/entity/monster/Spider
[06Dec2025 14:08:53.000] [main/DEBUG] [net.minecraftforge.coremod.transformer.CoreModBaseTransformer/COREMOD]: Transforming net/minecraft/world/entity/monster/Zombie
[06Dec2025 14:08:53.009] [main/DEBUG] [net.minecraftforge.coremod.transformer.CoreModBaseTransformer/COREMOD]: Transforming net/minecraft/world/entity/monster/ZombieVillager
[06Dec2025 14:08:53.029] [main/DEBUG] [net.minecraftforge.coremod.transformer.CoreModBaseTransformer/COREMOD]: Transforming net/minecraft/world/entity/monster/Evoker$EvokerSummonSpellGoal
[06Dec2025 14:08:53.034] [main/INFO] [mixin/]: Mixing accessor.UseOnContextAccessor from create.mixins.json into net.minecraft.world.item.context.UseOnContext
[06Dec2025 14:08:53.086] [main/DEBUG] [net.minecraftforge.coremod.transformer.CoreModBaseTransformer/COREMOD]: Transforming net/minecraft/world/entity/animal/horse/SkeletonTrapGoal
[06Dec2025 14:08:53.093] [main/DEBUG] [net.minecraftforge.coremod.transformer.CoreModBaseTransformer/COREMOD]: Transforming net/minecraft/world/entity/monster/Strider
[06Dec2025 14:08:53.119] [main/INFO] [mixin/]: Mixing visualmanage.LevelChunkMixin from flywheel.impl.mixins.json into net.minecraft.world.level.chunk.LevelChunk
[06Dec2025 14:08:53.135] [main/DEBUG] [net.minecraftforge.coremod.transformer.CoreModBaseTransformer/COREMOD]: Transforming net/minecraft/world/entity/npc/Villager
[06Dec2025 14:08:53.161] [main/DEBUG] [net.minecraftforge.coremod.transformer.CoreModBaseTransformer/COREMOD]: Transforming net/minecraft/world/effect/MobEffectInstance
[06Dec2025 14:08:53.162] [main/INFO] [mixin/]: Mixing accessor.MobEffectInstanceAccessor from create.mixins.json into net.minecraft.world.effect.MobEffectInstance
[06Dec2025 14:08:53.190] [main/INFO] [mixin/]: Mixing accessor.AbstractProjectileDispenseBehaviorAccessor from create.mixins.json into net.minecraft.core.dispenser.AbstractProjectileDispenseBehavior
[06Dec2025 14:08:53.288] [main/INFO] [mixin/]: Mixing LootingEnchantFunctionMixin from create.mixins.json into net.minecraft.world.level.storage.loot.functions.LootingEnchantFunction
[06Dec2025 14:08:53.389] [main/DEBUG] [net.minecraftforge.coremod.transformer.CoreModBaseTransformer/COREMOD]: Transforming net/minecraft/world/level/levelgen/structure/Structure
[06Dec2025 14:08:53.406] [main/DEBUG] [net.minecraftforge.coremod.transformer.CoreModBaseTransformer/COREMOD]: Transforming net/minecraft/world/level/levelgen/structure/structures/OceanRuinPieces$OceanRuinPiece
[06Dec2025 14:08:53.409] [main/DEBUG] [net.minecraftforge.coremod.transformer.CoreModBaseTransformer/COREMOD]: Transforming net/minecraft/world/level/levelgen/structure/structures/SwampHutPiece
[06Dec2025 14:08:53.412] [main/DEBUG] [net.minecraftforge.coremod.transformer.CoreModBaseTransformer/COREMOD]: Transforming net/minecraft/world/level/levelgen/structure/structures/OceanMonumentPieces$OceanMonumentPiece
[06Dec2025 14:08:53.418] [main/DEBUG] [net.minecraftforge.coremod.transformer.CoreModBaseTransformer/COREMOD]: Transforming net/minecraft/world/level/levelgen/structure/structures/WoodlandMansionPieces$WoodlandMansionPiece
[06Dec2025 14:08:53.459] [main/DEBUG] [net.minecraftforge.coremod.transformer.CoreModBaseTransformer/COREMOD]: Transforming net/minecraft/world/level/biome/Biome
[06Dec2025 14:08:53.537] [main/DEBUG] [net.minecraftforge.registries.GameData/REGISTRIES]: Creating vanilla freeze snapshot
[06Dec2025 14:08:53.537] [main/DEBUG] [net.minecraftforge.registries.ForgeRegistry/REGISTRIES]: Registry minecraft:block Sync: VANILLA -> ACTIVE
[06Dec2025 14:08:53.542] [main/DEBUG] [net.minecraftforge.registries.ForgeRegistry/REGISTRIES]: Registry minecraft:fluid Sync: VANILLA -> ACTIVE
[06Dec2025 14:08:53.542] [main/DEBUG] [net.minecraftforge.registries.ForgeRegistry/REGISTRIES]: Registry minecraft:item Sync: VANILLA -> ACTIVE
[06Dec2025 14:08:53.546] [main/DEBUG] [net.minecraftforge.registries.ForgeRegistry/REGISTRIES]: Registry minecraft:mob_effect Sync: VANILLA -> ACTIVE
[06Dec2025 14:08:53.547] [main/DEBUG] [net.minecraftforge.registries.ForgeRegistry/REGISTRIES]: Registry minecraft:sound_event Sync: VANILLA -> ACTIVE
[06Dec2025 14:08:53.551] [main/DEBUG] [net.minecraftforge.registries.ForgeRegistry/REGISTRIES]: Registry minecraft:potion Sync: VANILLA -> ACTIVE
[06Dec2025 14:08:53.551] [main/DEBUG] [net.minecraftforge.registries.ForgeRegistry/REGISTRIES]: Registry minecraft:enchantment Sync: VANILLA -> ACTIVE
[06Dec2025 14:08:53.551] [main/DEBUG] [net.minecraftforge.registries.ForgeRegistry/REGISTRIES]: Registry minecraft:entity_type Sync: VANILLA -> ACTIVE
[06Dec2025 14:08:53.551] [main/DEBUG] [net.minecraftforge.registries.ForgeRegistry/REGISTRIES]: Registry minecraft:block_entity_type Sync: VANILLA -> ACTIVE
[06Dec2025 14:08:53.552] [main/DEBUG] [net.minecraftforge.registries.ForgeRegistry/REGISTRIES]: Registry minecraft:particle_type Sync: VANILLA -> ACTIVE
[06Dec2025 14:08:53.552] [main/DEBUG] [net.minecraftforge.registries.ForgeRegistry/REGISTRIES]: Registry minecraft:menu Sync: VANILLA -> ACTIVE
[06Dec2025 14:08:53.552] [main/DEBUG] [net.minecraftforge.registries.ForgeRegistry/REGISTRIES]: Registry minecraft:painting_variant Sync: VANILLA -> ACTIVE
[06Dec2025 14:08:53.552] [main/DEBUG] [net.minecraftforge.registries.ForgeRegistry/REGISTRIES]: Registry minecraft:recipe_type Sync: VANILLA -> ACTIVE
[06Dec2025 14:08:53.552] [main/DEBUG] [net.minecraftforge.registries.ForgeRegistry/REGISTRIES]: Registry minecraft:recipe_serializer Sync: VANILLA -> ACTIVE
[06Dec2025 14:08:53.552] [main/DEBUG] [net.minecraftforge.registries.ForgeRegistry/REGISTRIES]: Registry minecraft:attribute Sync: VANILLA -> ACTIVE
[06Dec2025 14:08:53.552] [main/DEBUG] [net.minecraftforge.registries.ForgeRegistry/REGISTRIES]: Registry minecraft:stat_type Sync: VANILLA -> ACTIVE
[06Dec2025 14:08:53.552] [main/DEBUG] [net.minecraftforge.registries.ForgeRegistry/REGISTRIES]: Registry minecraft:command_argument_type Sync: VANILLA -> ACTIVE
[06Dec2025 14:08:53.552] [main/DEBUG] [net.minecraftforge.registries.ForgeRegistry/REGISTRIES]: Registry minecraft:villager_profession Sync: VANILLA -> ACTIVE
[06Dec2025 14:08:53.553] [main/DEBUG] [net.minecraftforge.registries.ForgeRegistry/REGISTRIES]: Registry minecraft:point_of_interest_type Sync: VANILLA -> ACTIVE
[06Dec2025 14:08:53.553] [main/DEBUG] [net.minecraftforge.registries.ForgeRegistry/REGISTRIES]: Registry minecraft:memory_module_type Sync: VANILLA -> ACTIVE
[06Dec2025 14:08:53.554] [main/DEBUG] [net.minecraftforge.registries.ForgeRegistry/REGISTRIES]: Registry minecraft:sensor_type Sync: VANILLA -> ACTIVE
[06Dec2025 14:08:53.554] [main/DEBUG] [net.minecraftforge.registries.ForgeRegistry/REGISTRIES]: Registry minecraft:schedule Sync: VANILLA -> ACTIVE
[06Dec2025 14:08:53.554] [main/DEBUG] [net.minecraftforge.registries.ForgeRegistry/REGISTRIES]: Registry minecraft:activity Sync: VANILLA -> ACTIVE
[06Dec2025 14:08:53.554] [main/DEBUG] [net.minecraftforge.registries.ForgeRegistry/REGISTRIES]: Registry minecraft:worldgen/carver Sync: VANILLA -> ACTIVE
[06Dec2025 14:08:53.554] [main/DEBUG] [net.minecraftforge.registries.ForgeRegistry/REGISTRIES]: Registry minecraft:worldgen/feature Sync: VANILLA -> ACTIVE
[06Dec2025 14:08:53.554] [main/DEBUG] [net.minecraftforge.registries.ForgeRegistry/REGISTRIES]: Registry minecraft:chunk_status Sync: VANILLA -> ACTIVE
[06Dec2025 14:08:53.554] [main/DEBUG] [net.minecraftforge.registries.ForgeRegistry/REGISTRIES]: Registry minecraft:worldgen/block_state_provider_type Sync: VANILLA -> ACTIVE
[06Dec2025 14:08:53.554] [main/DEBUG] [net.minecraftforge.registries.ForgeRegistry/REGISTRIES]: Registry minecraft:worldgen/foliage_placer_type Sync: VANILLA -> ACTIVE
[06Dec2025 14:08:53.555] [main/DEBUG] [net.minecraftforge.registries.ForgeRegistry/REGISTRIES]: Registry minecraft:worldgen/tree_decorator_type Sync: VANILLA -> ACTIVE
[06Dec2025 14:08:53.555] [main/DEBUG] [net.minecraftforge.registries.ForgeRegistry/REGISTRIES]: Registry minecraft:worldgen/biome Sync: VANILLA -> ACTIVE
[06Dec2025 14:08:53.557] [main/DEBUG] [net.minecraftforge.registries.GameData/REGISTRIES]: Vanilla freeze snapshot created
[06Dec2025 14:08:53.565] [main/DEBUG] [io.netty.util.internal.PlatformDependent0/]: -Dio.netty.noUnsafe: false
[06Dec2025 14:08:53.566] [main/DEBUG] [io.netty.util.internal.PlatformDependent0/]: Java version: 17
[06Dec2025 14:08:53.566] [main/DEBUG] [io.netty.util.internal.PlatformDependent0/]: sun.misc.Unsafe.theUnsafe: available
[06Dec2025 14:08:53.566] [main/DEBUG] [io.netty.util.internal.PlatformDependent0/]: sun.misc.Unsafe.copyMemory: available
[06Dec2025 14:08:53.566] [main/DEBUG] [io.netty.util.internal.PlatformDependent0/]: sun.misc.Unsafe.storeFence: available
[06Dec2025 14:08:53.566] [main/DEBUG] [io.netty.util.internal.PlatformDependent0/]: java.nio.Buffer.address: available
[06Dec2025 14:08:53.566] [main/DEBUG] [io.netty.util.internal.PlatformDependent0/]: direct buffer constructor: unavailable
java.lang.UnsupportedOperationException: Reflective setAccessible(true) disabled
	at io.netty.util.internal.ReflectionUtil.trySetAccessible(ReflectionUtil.java:31) ~[netty-common-4.1.82.Final.jar:4.1.82.Final]
	at io.netty.util.internal.PlatformDependent0$5.run(PlatformDependent0.java:288) ~[netty-common-4.1.82.Final.jar:4.1.82.Final]
	at java.security.AccessController.doPrivileged(AccessController.java:318) ~[?:?]
	at io.netty.util.internal.PlatformDependent0.<clinit>(PlatformDependent0.java:282) ~[netty-common-4.1.82.Final.jar:4.1.82.Final]
	at io.netty.util.internal.PlatformDependent.isAndroid(PlatformDependent.java:333) ~[netty-common-4.1.82.Final.jar:4.1.82.Final]
	at io.netty.util.internal.PlatformDependent.<clinit>(PlatformDependent.java:88) ~[netty-common-4.1.82.Final.jar:4.1.82.Final]
	at io.netty.util.ConstantPool.<init>(ConstantPool.java:34) ~[netty-common-4.1.82.Final.jar:4.1.82.Final]
	at io.netty.util.AttributeKey$1.<init>(AttributeKey.java:27) ~[netty-common-4.1.82.Final.jar:4.1.82.Final]
	at io.netty.util.AttributeKey.<clinit>(AttributeKey.java:27) ~[netty-common-4.1.82.Final.jar:4.1.82.Final]
	at net.minecraftforge.network.NetworkConstants.<clinit>(NetworkConstants.java:34) ~[forge-1.20.1-47.4.6_mapped_parchment_2023.08.06-1.20.1-recomp.jar:?]
	at net.minecraftforge.network.NetworkHooks.init(NetworkHooks.java:52) ~[forge-1.20.1-47.4.6_mapped_parchment_2023.08.06-1.20.1-recomp.jar:?]
	at net.minecraft.server.Bootstrap.bootStrap(Bootstrap.java:66) ~[forge-1.20.1-47.4.6_mapped_parchment_2023.08.06-1.20.1-recomp.jar:?]
	at net.minecraftforge.data.loading.DatagenModLoader.begin(DatagenModLoader.java:42) ~[forge-1.20.1-47.4.6_mapped_parchment_2023.08.06-1.20.1-recomp.jar:?]
	at net.minecraft.data.Main.main(Main.java:90) ~[forge-1.20.1-47.4.6_mapped_parchment_2023.08.06-1.20.1-recomp.jar:?]
	at jdk.internal.reflect.NativeMethodAccessorImpl.invoke0(Native Method) ~[?:?]
	at jdk.internal.reflect.NativeMethodAccessorImpl.invoke(NativeMethodAccessorImpl.java:77) ~[?:?]
	at jdk.internal.reflect.DelegatingMethodAccessorImpl.invoke(DelegatingMethodAccessorImpl.java:43) ~[?:?]
	at java.lang.reflect.Method.invoke(Method.java:569) ~[?:?]
	at net.minecraftforge.fml.loading.targets.CommonLaunchHandler.runTarget(CommonLaunchHandler.java:111) ~[fmlloader-1.20.1-47.4.6.jar:?]
	at net.minecraftforge.fml.loading.targets.CommonLaunchHandler.dataService(CommonLaunchHandler.java:107) ~[fmlloader-1.20.1-47.4.6.jar:?]
	at net.minecraftforge.fml.loading.targets.ForgeDataUserdevLaunchHandler.devService(ForgeDataUserdevLaunchHandler.java:22) ~[fmlloader-1.20.1-47.4.6.jar:?]
	at net.minecraftforge.fml.loading.targets.CommonDevLaunchHandler.lambda$makeService$7(CommonDevLaunchHandler.java:135) ~[fmlloader-1.20.1-47.4.6.jar:?]
	at cpw.mods.modlauncher.LaunchServiceHandlerDecorator.launch(LaunchServiceHandlerDecorator.java:30) ~[modlauncher-10.0.9.jar:?]
	at cpw.mods.modlauncher.LaunchServiceHandler.launch(LaunchServiceHandler.java:53) ~[modlauncher-10.0.9.jar:?]
	at cpw.mods.modlauncher.LaunchServiceHandler.launch(LaunchServiceHandler.java:71) ~[modlauncher-10.0.9.jar:?]
	at cpw.mods.modlauncher.Launcher.run(Launcher.java:108) ~[modlauncher-10.0.9.jar:?]
	at cpw.mods.modlauncher.Launcher.main(Launcher.java:78) ~[modlauncher-10.0.9.jar:?]
	at cpw.mods.modlauncher.BootstrapLaunchConsumer.accept(BootstrapLaunchConsumer.java:26) ~[modlauncher-10.0.9.jar:?]
	at cpw.mods.modlauncher.BootstrapLaunchConsumer.accept(BootstrapLaunchConsumer.java:23) ~[modlauncher-10.0.9.jar:?]
	at cpw.mods.bootstraplauncher.BootstrapLauncher.main(BootstrapLauncher.java:141) ~[bootstraplauncher-1.1.2.jar:?]
[06Dec2025 14:08:53.579] [main/DEBUG] [io.netty.util.internal.PlatformDependent0/]: java.nio.Bits.unaligned: available, true
[06Dec2025 14:08:53.580] [main/DEBUG] [io.netty.util.internal.PlatformDependent0/]: jdk.internal.misc.Unsafe.allocateUninitializedArray(int): unavailable
java.lang.IllegalAccessException: class io.netty.util.internal.PlatformDependent0$7 (in module io.netty.common) cannot access class jdk.internal.misc.Unsafe (in module java.base) because module java.base does not export jdk.internal.misc to module io.netty.common
	at jdk.internal.reflect.Reflection.newIllegalAccessException(Reflection.java:392) ~[?:?]
	at java.lang.reflect.AccessibleObject.checkAccess(AccessibleObject.java:674) ~[?:?]
	at java.lang.reflect.Method.invoke(Method.java:561) ~[?:?]
	at io.netty.util.internal.PlatformDependent0$7.run(PlatformDependent0.java:410) ~[netty-common-4.1.82.Final.jar:4.1.82.Final]
	at java.security.AccessController.doPrivileged(AccessController.java:318) ~[?:?]
	at io.netty.util.internal.PlatformDependent0.<clinit>(PlatformDependent0.java:401) ~[netty-common-4.1.82.Final.jar:4.1.82.Final]
	at io.netty.util.internal.PlatformDependent.isAndroid(PlatformDependent.java:333) ~[netty-common-4.1.82.Final.jar:4.1.82.Final]
	at io.netty.util.internal.PlatformDependent.<clinit>(PlatformDependent.java:88) ~[netty-common-4.1.82.Final.jar:4.1.82.Final]
	at io.netty.util.ConstantPool.<init>(ConstantPool.java:34) ~[netty-common-4.1.82.Final.jar:4.1.82.Final]
	at io.netty.util.AttributeKey$1.<init>(AttributeKey.java:27) ~[netty-common-4.1.82.Final.jar:4.1.82.Final]
	at io.netty.util.AttributeKey.<clinit>(AttributeKey.java:27) ~[netty-common-4.1.82.Final.jar:4.1.82.Final]
	at net.minecraftforge.network.NetworkConstants.<clinit>(NetworkConstants.java:34) ~[forge-1.20.1-47.4.6_mapped_parchment_2023.08.06-1.20.1-recomp.jar:?]
	at net.minecraftforge.network.NetworkHooks.init(NetworkHooks.java:52) ~[forge-1.20.1-47.4.6_mapped_parchment_2023.08.06-1.20.1-recomp.jar:?]
	at net.minecraft.server.Bootstrap.bootStrap(Bootstrap.java:66) ~[forge-1.20.1-47.4.6_mapped_parchment_2023.08.06-1.20.1-recomp.jar:?]
	at net.minecraftforge.data.loading.DatagenModLoader.begin(DatagenModLoader.java:42) ~[forge-1.20.1-47.4.6_mapped_parchment_2023.08.06-1.20.1-recomp.jar:?]
	at net.minecraft.data.Main.main(Main.java:90) ~[forge-1.20.1-47.4.6_mapped_parchment_2023.08.06-1.20.1-recomp.jar:?]
	at jdk.internal.reflect.NativeMethodAccessorImpl.invoke0(Native Method) ~[?:?]
	at jdk.internal.reflect.NativeMethodAccessorImpl.invoke(NativeMethodAccessorImpl.java:77) ~[?:?]
	at jdk.internal.reflect.DelegatingMethodAccessorImpl.invoke(DelegatingMethodAccessorImpl.java:43) ~[?:?]
	at java.lang.reflect.Method.invoke(Method.java:569) ~[?:?]
	at net.minecraftforge.fml.loading.targets.CommonLaunchHandler.runTarget(CommonLaunchHandler.java:111) ~[fmlloader-1.20.1-47.4.6.jar:?]
	at net.minecraftforge.fml.loading.targets.CommonLaunchHandler.dataService(CommonLaunchHandler.java:107) ~[fmlloader-1.20.1-47.4.6.jar:?]
	at net.minecraftforge.fml.loading.targets.ForgeDataUserdevLaunchHandler.devService(ForgeDataUserdevLaunchHandler.java:22) ~[fmlloader-1.20.1-47.4.6.jar:?]
	at net.minecraftforge.fml.loading.targets.CommonDevLaunchHandler.lambda$makeService$7(CommonDevLaunchHandler.java:135) ~[fmlloader-1.20.1-47.4.6.jar:?]
	at cpw.mods.modlauncher.LaunchServiceHandlerDecorator.launch(LaunchServiceHandlerDecorator.java:30) ~[modlauncher-10.0.9.jar:?]
	at cpw.mods.modlauncher.LaunchServiceHandler.launch(LaunchServiceHandler.java:53) ~[modlauncher-10.0.9.jar:?]
	at cpw.mods.modlauncher.LaunchServiceHandler.launch(LaunchServiceHandler.java:71) ~[modlauncher-10.0.9.jar:?]
	at cpw.mods.modlauncher.Launcher.run(Launcher.java:108) ~[modlauncher-10.0.9.jar:?]
	at cpw.mods.modlauncher.Launcher.main(Launcher.java:78) ~[modlauncher-10.0.9.jar:?]
	at cpw.mods.modlauncher.BootstrapLaunchConsumer.accept(BootstrapLaunchConsumer.java:26) ~[modlauncher-10.0.9.jar:?]
	at cpw.mods.modlauncher.BootstrapLaunchConsumer.accept(BootstrapLaunchConsumer.java:23) ~[modlauncher-10.0.9.jar:?]
	at cpw.mods.bootstraplauncher.BootstrapLauncher.main(BootstrapLauncher.java:141) ~[bootstraplauncher-1.1.2.jar:?]
[06Dec2025 14:08:53.581] [main/DEBUG] [io.netty.util.internal.PlatformDependent0/]: java.nio.DirectByteBuffer.<init>(long, int): unavailable
[06Dec2025 14:08:53.581] [main/DEBUG] [io.netty.util.internal.PlatformDependent/]: sun.misc.Unsafe: available
[06Dec2025 14:08:53.582] [main/DEBUG] [io.netty.util.internal.PlatformDependent/]: maxDirectMemory: 8363442176 bytes (maybe)
[06Dec2025 14:08:53.582] [main/DEBUG] [io.netty.util.internal.PlatformDependent/]: -Dio.netty.tmpdir: /tmp (java.io.tmpdir)
[06Dec2025 14:08:53.582] [main/DEBUG] [io.netty.util.internal.PlatformDependent/]: -Dio.netty.bitMode: 64 (sun.arch.data.model)
[06Dec2025 14:08:53.582] [main/DEBUG] [io.netty.util.internal.PlatformDependent/]: -Dio.netty.maxDirectMemory: -1 bytes
[06Dec2025 14:08:53.582] [main/DEBUG] [io.netty.util.internal.PlatformDependent/]: -Dio.netty.uninitializedArrayAllocationThreshold: -1
[06Dec2025 14:08:53.583] [main/DEBUG] [io.netty.util.internal.CleanerJava9/]: java.nio.ByteBuffer.cleaner(): available
[06Dec2025 14:08:53.583] [main/DEBUG] [io.netty.util.internal.PlatformDependent/]: -Dio.netty.noPreferDirect: false
[06Dec2025 14:08:53.615] [main/DEBUG] [net.minecraftforge.network.NetworkHooks/]: Loading Network data for FML net version: FML3
[06Dec2025 14:08:53.625] [main/DEBUG] [net.minecraftforge.fml.ModWorkManager/LOADING]: Using 16 threads for parallel mod-loading
[06Dec2025 14:08:53.628] [main/DEBUG] [net.minecraftforge.fml.javafmlmod.FMLJavaModLanguageProvider/LOADING]: Loading FMLModContainer from classloader cpw.mods.modlauncher.TransformingClassLoader@4db60246 - got cpw.mods.cl.ModuleClassLoader@25b865b5
[06Dec2025 14:08:53.629] [main/DEBUG] [net.minecraftforge.fml.javafmlmod.FMLModContainer/LOADING]: Creating FMLModContainer instance for net.minecraftforge.common.ForgeMod
[06Dec2025 14:08:53.631] [main/DEBUG] [net.minecraftforge.fml.javafmlmod.FMLJavaModLanguageProvider/LOADING]: Loading FMLModContainer from classloader cpw.mods.modlauncher.TransformingClassLoader@4db60246 - got cpw.mods.cl.ModuleClassLoader@25b865b5
[06Dec2025 14:08:53.631] [main/DEBUG] [net.minecraftforge.fml.javafmlmod.FMLModContainer/LOADING]: Creating FMLModContainer instance for dev.engine_room.flywheel.impl.FlywheelForge
[06Dec2025 14:08:53.632] [main/DEBUG] [net.minecraftforge.fml.javafmlmod.FMLJavaModLanguageProvider/LOADING]: Loading FMLModContainer from classloader cpw.mods.modlauncher.TransformingClassLoader@4db60246 - got cpw.mods.cl.ModuleClassLoader@25b865b5
[06Dec2025 14:08:53.632] [main/DEBUG] [net.minecraftforge.fml.javafmlmod.FMLModContainer/LOADING]: Creating FMLModContainer instance for software.bernie.example.GeckoLibMod
[06Dec2025 14:08:53.632] [main/DEBUG] [net.minecraftforge.fml.javafmlmod.FMLJavaModLanguageProvider/LOADING]: Loading FMLModContainer from classloader cpw.mods.modlauncher.TransformingClassLoader@4db60246 - got cpw.mods.cl.ModuleClassLoader@25b865b5
[06Dec2025 14:08:53.632] [main/DEBUG] [net.minecraftforge.fml.javafmlmod.FMLModContainer/LOADING]: Creating FMLModContainer instance for net.createmod.ponder.ForgePonder
[06Dec2025 14:08:53.632] [main/DEBUG] [net.minecraftforge.fml.javafmlmod.FMLJavaModLanguageProvider/LOADING]: Loading FMLModContainer from classloader cpw.mods.modlauncher.TransformingClassLoader@4db60246 - got cpw.mods.cl.ModuleClassLoader@25b865b5
[06Dec2025 14:08:53.632] [main/DEBUG] [net.minecraftforge.fml.javafmlmod.FMLModContainer/LOADING]: Creating FMLModContainer instance for com.simibubi.create.Create
[06Dec2025 14:08:53.632] [main/DEBUG] [net.minecraftforge.fml.javafmlmod.FMLJavaModLanguageProvider/LOADING]: Loading FMLModContainer from classloader cpw.mods.modlauncher.TransformingClassLoader@4db60246 - got cpw.mods.cl.ModuleClassLoader@25b865b5
[06Dec2025 14:08:53.632] [main/DEBUG] [net.minecraftforge.fml.javafmlmod.FMLModContainer/LOADING]: Creating FMLModContainer instance for com.mod.rbh.ReinforcedBlackHoles
[06Dec2025 14:08:53.639] [modloading-worker-0/INFO] [com.simibubi.create.Create/]: Create 6.0.6 initializing! Commit hash: 338bfa0aec952fa51656e8f61bd621ca9b3b2e00
[06Dec2025 14:08:53.644] [modloading-worker-0/INFO] [mixin/]: Mixing client.MinecraftMixin from rbh.mixins.json into net.minecraft.client.Minecraft
[06Dec2025 14:08:53.646] [modloading-worker-0/INFO] [mixin/]: Mixing MinecraftMixin from flywheel.impl.mixins.json into net.minecraft.client.Minecraft
[06Dec2025 14:08:53.648] [modloading-worker-0/INFO] [mixin/]: Mixing client.WindowResizeMixin from ponder-common.mixins.json into net.minecraft.client.Minecraft
[06Dec2025 14:08:53.681] [modloading-worker-0/DEBUG] [net.minecraftforge.versions.forge.ForgeVersion/CORE]: Forge Version package package net.minecraftforge.versions.forge, Forge, version 47.4 from cpw.mods.modlauncher.TransformingClassLoader@4db60246
[06Dec2025 14:08:53.681] [modloading-worker-0/DEBUG] [net.minecraftforge.versions.forge.ForgeVersion/CORE]: Found Forge version 47.4.6
[06Dec2025 14:08:53.681] [modloading-worker-0/DEBUG] [net.minecraftforge.versions.forge.ForgeVersion/CORE]: Found Forge spec 47.4
[06Dec2025 14:08:53.681] [modloading-worker-0/DEBUG] [net.minecraftforge.versions.forge.ForgeVersion/CORE]: Found Forge group net.minecraftforge
[06Dec2025 14:08:53.682] [modloading-worker-0/DEBUG] [net.minecraftforge.versions.mcp.MCPVersion/CORE]: MCP Version package package net.minecraftforge.versions.mcp, Minecraft, version 1.20.1 from cpw.mods.modlauncher.TransformingClassLoader@4db60246
[06Dec2025 14:08:53.682] [modloading-worker-0/DEBUG] [net.minecraftforge.versions.mcp.MCPVersion/CORE]: Found MC version information 1.20.1
[06Dec2025 14:08:53.682] [modloading-worker-0/DEBUG] [net.minecraftforge.versions.mcp.MCPVersion/CORE]: Found MCP version information 20230612.114412
[06Dec2025 14:08:53.682] [modloading-worker-0/INFO] [net.minecraftforge.common.ForgeMod/FORGEMOD]: Forge mod loading, version 47.4.6, for MC 1.20.1 with MCP 20230612.114412
[06Dec2025 14:08:53.689] [modloading-worker-0/INFO] [net.minecraftforge.common.MinecraftForge/FORGE]: MinecraftForge v47.4.6 Initialized
[06Dec2025 14:08:53.697] [modloading-worker-0/DEBUG] [net.minecraftforge.fml.config.ConfigTracker/CONFIG]: Config file ponder-client.toml for ponder tracking
[06Dec2025 14:08:53.697] [modloading-worker-0/DEBUG] [net.minecraftforge.fml.config.ConfigTracker/CONFIG]: Config file flywheel-client.toml for flywheel tracking
[06Dec2025 14:08:53.697] [modloading-worker-0/DEBUG] [net.minecraftforge.fml.javafmlmod.AutomaticEventSubscriber/LOADING]: Attempting to inject @EventBusSubscriber classes into the eventbus for ponder
[06Dec2025 14:08:53.698] [modloading-worker-0/INFO] [mixin/]: Mixing client.MultiPlayerGameModeMixin from rbh.mixins.json into net.minecraft.client.multiplayer.MultiPlayerGameMode
[06Dec2025 14:08:53.701] [modloading-worker-0/DEBUG] [net.minecraftforge.fml.javafmlmod.AutomaticEventSubscriber/LOADING]: Auto-subscribing net.createmod.ponder.ForgePonderClient$ModBusClientEvents to MOD
[06Dec2025 14:08:53.702] [modloading-worker-0/INFO] [mixin/]: Mixing client.HeavyBootsOnPlayerMixin from create.mixins.json into net.minecraft.client.player.LocalPlayer
[06Dec2025 14:08:53.714] [modloading-worker-0/INFO] [mixin/]: Mixing AbstractClientPlayerAccessor from flywheel.backend.mixins.json into net.minecraft.client.player.AbstractClientPlayer
[06Dec2025 14:08:53.729] [modloading-worker-0/INFO] [mixin/]: Mixing OptionsMixin from flywheel.backend.mixins.json into net.minecraft.client.Options
[06Dec2025 14:08:53.739] [modloading-worker-0/DEBUG] [com.tterrag.registrate.AbstractRegistrate/REGISTRATE.REGISTER]: Captured registration for entry death_count of type create:display_source
[06Dec2025 14:08:53.740] [modloading-worker-0/DEBUG] [com.tterrag.registrate.AbstractRegistrate/REGISTRATE.REGISTER]: Captured registration for entry scoreboard of type create:display_source
[06Dec2025 14:08:53.740] [modloading-worker-0/DEBUG] [net.minecraftforge.fml.javafmlmod.AutomaticEventSubscriber/LOADING]: Auto-subscribing net.createmod.ponder.ForgePonderClient$ClientEvents to FORGE
[06Dec2025 14:08:53.741] [modloading-worker-0/DEBUG] [com.tterrag.registrate.AbstractRegistrate/REGISTRATE.REGISTER]: Captured registration for entry enchant_power of type create:display_source
[06Dec2025 14:08:53.741] [modloading-worker-0/DEBUG] [com.tterrag.registrate.AbstractRegistrate/REGISTRATE.REGISTER]: Captured registration for entry redstone_power of type create:display_source
[06Dec2025 14:08:53.742] [modloading-worker-0/DEBUG] [com.tterrag.registrate.AbstractRegistrate/REGISTRATE.REGISTER]: Captured registration for entry nixie_tube of type create:display_source
[06Dec2025 14:08:53.742] [modloading-worker-0/DEBUG] [com.tterrag.registrate.AbstractRegistrate/REGISTRATE.REGISTER]: Captured registration for entry item_names of type create:display_source
[06Dec2025 14:08:53.743] [modloading-worker-0/DEBUG] [com.tterrag.registrate.AbstractRegistrate/REGISTRATE.REGISTER]: Captured registration for entry boiler of type create:display_source
[06Dec2025 14:08:53.743] [modloading-worker-0/DEBUG] [com.tterrag.registrate.AbstractRegistrate/REGISTRATE.REGISTER]: Captured registration for entry current_floor of type create:display_source
[06Dec2025 14:08:53.744] [modloading-worker-0/DEBUG] [com.tterrag.registrate.AbstractRegistrate/REGISTRATE.REGISTER]: Captured registration for entry fill_level of type create:display_source
[06Dec2025 14:08:53.744] [modloading-worker-0/INFO] [mixin/]: Mixing accessor.FontAccessor from create.mixins.json into net.minecraft.client.gui.Font
[06Dec2025 14:08:53.750] [modloading-worker-0/DEBUG] [com.tterrag.registrate.AbstractRegistrate/REGISTRATE.REGISTER]: Captured registration for entry gauge_status of type create:display_source
[06Dec2025 14:08:53.750] [modloading-worker-0/DEBUG] [com.tterrag.registrate.AbstractRegistrate/REGISTRATE.REGISTER]: Captured registration for entry entity_name of type create:display_source
[06Dec2025 14:08:53.750] [modloading-worker-0/DEBUG] [com.tterrag.registrate.AbstractRegistrate/REGISTRATE.REGISTER]: Captured registration for entry time_of_day of type create:display_source
[06Dec2025 14:08:53.751] [modloading-worker-0/DEBUG] [com.tterrag.registrate.AbstractRegistrate/REGISTRATE.REGISTER]: Captured registration for entry stopwatch of type create:display_source
[06Dec2025 14:08:53.751] [modloading-worker-0/DEBUG] [com.tterrag.registrate.AbstractRegistrate/REGISTRATE.REGISTER]: Captured registration for entry kinetic_speed of type create:display_source
[06Dec2025 14:08:53.751] [modloading-worker-0/DEBUG] [net.minecraftforge.fml.config.ConfigTracker/CONFIG]: Config file forge-client.toml for forge tracking
[06Dec2025 14:08:53.751] [modloading-worker-0/DEBUG] [net.minecraftforge.fml.config.ConfigTracker/CONFIG]: Config file forge-server.toml for forge tracking
[06Dec2025 14:08:53.751] [modloading-worker-0/DEBUG] [net.minecraftforge.fml.ModLoadingContext/]: Attempted to register an empty config for type COMMON on mod forge
[06Dec2025 14:08:53.754] [modloading-worker-0/DEBUG] [com.tterrag.registrate.AbstractRegistrate/REGISTRATE.REGISTER]: Captured registration for entry kinetic_stress of type create:display_source
[06Dec2025 14:08:53.755] [modloading-worker-0/DEBUG] [com.tterrag.registrate.AbstractRegistrate/REGISTRATE.REGISTER]: Captured registration for entry station_summary of type create:display_source
[06Dec2025 14:08:53.756] [modloading-worker-0/INFO] [mixin/]: Mixing client.LevelRendererMixin from rbh.mixins.json into net.minecraft.client.renderer.LevelRenderer
[06Dec2025 14:08:53.757] [modloading-worker-0/INFO] [mixin/]: Mixing LevelRendererAccessor from flywheel.backend.mixins.json into net.minecraft.client.renderer.LevelRenderer
[06Dec2025 14:08:53.759] [modloading-worker-0/INFO] [mixin/]: Mixing fix.FixFabulousDepthMixin from flywheel.impl.mixins.json into net.minecraft.client.renderer.LevelRenderer
[06Dec2025 14:08:53.759] [modloading-worker-0/INFO] [mixin/]: Mixing visualmanage.LevelRendererMixin from flywheel.impl.mixins.json into net.minecraft.client.renderer.LevelRenderer
[06Dec2025 14:08:53.759] [modloading-worker-0/INFO] [mixin/]: Mixing accessor.LevelRendererAccessor from create.mixins.json into net.minecraft.client.renderer.LevelRenderer
[06Dec2025 14:08:53.764] [modloading-worker-0/INFO] [mixin/]: Mixing client.LevelRendererMixin from create.mixins.json into net.minecraft.client.renderer.LevelRenderer
[06Dec2025 14:08:53.764] [modloading-worker-0/INFO] [mixin/]: Renaming synthetic method lambda$create$onDestroyBlockProgress$0(J)Ljava/util/SortedSet; to md2b47b5$lambda$create$onDestroyBlockProgress$0$0 in create.mixins.json:client.LevelRendererMixin
[06Dec2025 14:08:53.766] [modloading-worker-0/INFO] [mixin/]: Mixing LevelRendererMixin from flywheel.impl.mixins.json into net.minecraft.client.renderer.LevelRenderer
[06Dec2025 14:08:53.814] [modloading-worker-0/DEBUG] [com.tterrag.registrate.AbstractRegistrate/REGISTRATE.REGISTER]: Captured registration for entry train_status of type create:display_source
[06Dec2025 14:08:53.814] [modloading-worker-0/DEBUG] [com.tterrag.registrate.AbstractRegistrate/REGISTRATE.REGISTER]: Captured registration for entry observed_train_name of type create:display_source
[06Dec2025 14:08:53.815] [modloading-worker-0/DEBUG] [com.tterrag.registrate.AbstractRegistrate/REGISTRATE.REGISTER]: Captured registration for entry accumulate_items of type create:display_source
[06Dec2025 14:08:53.816] [modloading-worker-0/DEBUG] [com.tterrag.registrate.AbstractRegistrate/REGISTRATE.REGISTER]: Captured registration for entry item_throughput of type create:display_source
[06Dec2025 14:08:53.816] [modloading-worker-0/DEBUG] [com.tterrag.registrate.AbstractRegistrate/REGISTRATE.REGISTER]: Captured registration for entry count_items of type create:display_source
[06Dec2025 14:08:53.816] [modloading-worker-0/DEBUG] [com.tterrag.registrate.AbstractRegistrate/REGISTRATE.REGISTER]: Captured registration for entry list_items of type create:display_source
[06Dec2025 14:08:53.816] [modloading-worker-0/INFO] [mixin/]: Mixing client.GuiMixin from rbh.mixins.json into net.minecraft.client.gui.Gui
[06Dec2025 14:08:53.817] [modloading-worker-0/INFO] [mixin/]: Mixing accessor.GuiAccessor from create.mixins.json into net.minecraft.client.gui.Gui
[06Dec2025 14:08:53.823] [modloading-worker-0/DEBUG] [com.tterrag.registrate.AbstractRegistrate/REGISTRATE.REGISTER]: Captured registration for entry count_fluids of type create:display_source
[06Dec2025 14:08:53.823] [modloading-worker-0/DEBUG] [net.minecraftforge.fml.javafmlmod.AutomaticEventSubscriber/LOADING]: Attempting to inject @EventBusSubscriber classes into the eventbus for flywheel
[06Dec2025 14:08:53.823] [modloading-worker-0/DEBUG] [com.tterrag.registrate.AbstractRegistrate/REGISTRATE.REGISTER]: Captured registration for entry list_fluids of type create:display_source
[06Dec2025 14:08:53.823] [modloading-worker-0/INFO] [mixin/]: Mixing PoseStackAccessor from flywheel.impl.mixins.json into com.mojang.blaze3d.vertex.PoseStack
[06Dec2025 14:08:53.826] [modloading-worker-0/INFO] [mixin/]: Mixing PoseStackMixin from flywheel.impl.mixins.json into com.mojang.blaze3d.vertex.PoseStack
[06Dec2025 14:08:53.827] [modloading-worker-0/INFO] [mixin/]: Mixing fix.FixNormalScalingMixin from flywheel.impl.mixins.json into com.mojang.blaze3d.vertex.PoseStack
[06Dec2025 14:08:53.835] [modloading-worker-0/DEBUG] [com.tterrag.registrate.AbstractRegistrate/REGISTRATE.REGISTER]: Captured registration for entry read_package_address of type create:display_source
[06Dec2025 14:08:53.836] [modloading-worker-0/DEBUG] [com.tterrag.registrate.AbstractRegistrate/REGISTRATE.REGISTER]: Captured registration for entry computer of type create:display_source
[06Dec2025 14:08:53.836] [modloading-worker-0/INFO] [mixin/]: Mixing client.CameraMixin from create.mixins.json into net.minecraft.client.Camera
[06Dec2025 14:08:53.844] [modloading-worker-0/DEBUG] [net.minecraftforge.fml.javafmlmod.AutomaticEventSubscriber/LOADING]: Auto-subscribing net.createmod.ponder.ForgePonder$ModBusEvents to MOD
[06Dec2025 14:08:53.844] [modloading-worker-0/DEBUG] [com.tterrag.registrate.AbstractRegistrate/REGISTRATE.REGISTER]: Captured registration for entry sign of type create:display_target
[06Dec2025 14:08:53.845] [modloading-worker-0/DEBUG] [net.minecraftforge.fml.javafmlmod.AutomaticEventSubscriber/LOADING]: Auto-subscribing net.createmod.ponder.ForgePonder$Events to FORGE
[06Dec2025 14:08:53.845] [modloading-worker-0/DEBUG] [com.tterrag.registrate.AbstractRegistrate/REGISTRATE.REGISTER]: Captured registration for entry lectern of type create:display_target
[06Dec2025 14:08:53.846] [modloading-worker-0/WARN] [software.bernie.geckolib.GeckoLib/]: Minecraft.getInstance() was null, could not register reload listeners
[06Dec2025 14:08:53.847] [modloading-worker-0/DEBUG] [net.minecraftforge.fml.javafmlmod.AutomaticEventSubscriber/LOADING]: Attempting to inject @EventBusSubscriber classes into the eventbus for forge
[06Dec2025 14:08:53.847] [modloading-worker-0/DEBUG] [net.minecraftforge.fml.javafmlmod.AutomaticEventSubscriber/LOADING]: Auto-subscribing net.minecraftforge.common.ForgeSpawnEggItem$CommonHandler to MOD
[06Dec2025 14:08:53.848] [modloading-worker-0/DEBUG] [net.minecraftforge.fml.javafmlmod.AutomaticEventSubscriber/LOADING]: Auto-subscribing net.minecraftforge.common.ForgeSpawnEggItem$ColorRegisterHandler to MOD
[06Dec2025 14:08:53.849] [modloading-worker-0/DEBUG] [net.minecraftforge.fml.javafmlmod.AutomaticEventSubscriber/LOADING]: Auto-subscribing net.minecraftforge.client.model.data.ModelDataManager to FORGE
[06Dec2025 14:08:53.850] [modloading-worker-0/DEBUG] [com.tterrag.registrate.AbstractRegistrate/REGISTRATE.REGISTER]: Captured registration for entry display_board of type create:display_target
[06Dec2025 14:08:53.850] [modloading-worker-0/DEBUG] [net.minecraftforge.fml.javafmlmod.AutomaticEventSubscriber/LOADING]: Auto-subscribing net.minecraftforge.client.ForgeHooksClient$ClientEvents to MOD
[06Dec2025 14:08:53.851] [modloading-worker-0/DEBUG] [com.tterrag.registrate.AbstractRegistrate/REGISTRATE.REGISTER]: Captured registration for entry nixie_tube of type create:display_target
[06Dec2025 14:08:53.851] [modloading-worker-0/INFO] [mixin/]: Mixing client.ShaderInstanceMixin from rbh.mixins.json into net.minecraft.client.renderer.ShaderInstance
[06Dec2025 14:08:53.858] [modloading-worker-0/DEBUG] [net.minecraftforge.fml.javafmlmod.AutomaticEventSubscriber/LOADING]: Auto-subscribing net.minecraftforge.client.ClientForgeMod to MOD
[06Dec2025 14:08:53.865] [modloading-worker-0/DEBUG] [net.minecraftforge.fml.config.ConfigTracker/CONFIG]: Config file rbh-client.toml for rbh tracking
[06Dec2025 14:08:53.868] [modloading-worker-0/DEBUG] [net.minecraftforge.fml.javafmlmod.AutomaticEventSubscriber/LOADING]: Attempting to inject @EventBusSubscriber classes into the eventbus for rbh
[06Dec2025 14:08:53.869] [modloading-worker-0/DEBUG] [net.minecraftforge.fml.javafmlmod.AutomaticEventSubscriber/LOADING]: Auto-subscribing com.mod.rbh.ClientConfig to MOD
[06Dec2025 14:08:53.869] [modloading-worker-0/DEBUG] [net.minecraftforge.fml.javafmlmod.AutomaticEventSubscriber/LOADING]: Auto-subscribing com.mod.rbh.entity.renderer.RendererRegistry to MOD
[06Dec2025 14:08:53.870] [modloading-worker-0/DEBUG] [net.minecraftforge.fml.javafmlmod.AutomaticEventSubscriber/LOADING]: Auto-subscribing com.mod.rbh.datagen.DataGenerators to MOD
[06Dec2025 14:08:53.871] [modloading-worker-0/DEBUG] [net.minecraftforge.fml.javafmlmod.AutomaticEventSubscriber/LOADING]: Auto-subscribing com.mod.rbh.shaders.RBInternalShaders to MOD
[06Dec2025 14:08:53.872] [modloading-worker-0/DEBUG] [net.minecraftforge.fml.javafmlmod.AutomaticEventSubscriber/LOADING]: Auto-subscribing com.mod.rbh.ReinforcedBlackHoles$ClientModEvents to MOD
[06Dec2025 14:08:53.874] [modloading-worker-0/DEBUG] [net.minecraftforge.fml.javafmlmod.AutomaticEventSubscriber/LOADING]: Attempting to inject @EventBusSubscriber classes into the eventbus for geckolib
[06Dec2025 14:08:53.874] [modloading-worker-0/DEBUG] [net.minecraftforge.fml.javafmlmod.AutomaticEventSubscriber/LOADING]: Auto-subscribing software.bernie.example.GeckoLibMod to FORGE
[06Dec2025 14:08:53.874] [modloading-worker-0/DEBUG] [net.minecraftforge.fml.javafmlmod.AutomaticEventSubscriber/LOADING]: Auto-subscribing software.bernie.example.CommonListener to MOD
[06Dec2025 14:08:53.875] [modloading-worker-0/DEBUG] [net.minecraftforge.fml.javafmlmod.AutomaticEventSubscriber/LOADING]: Auto-subscribing software.bernie.example.ClientListener to MOD
[06Dec2025 14:08:53.896] [modloading-worker-0/INFO] [mixin/]: Mixing accessor.BlockLootSubProviderAccessor from create.mixins.json into net.minecraft.data.loot.BlockLootSubProvider
[06Dec2025 14:08:53.896] [modloading-worker-0/INFO] [mixin/]: Renaming @Accessor method create$HAS_SILK_TOUCH()Lnet/minecraft/world/level/storage/loot/predicates/LootItemCondition$Builder; to create$HAS_SILK_TOUCH_$md$2b47b5$0 in create.mixins.json:accessor.BlockLootSubProviderAccessor
[06Dec2025 14:08:53.907] [modloading-worker-0/DEBUG] [com.tterrag.registrate.AbstractRegistrate/REGISTRATE.REGISTER]: Captured registration for entry schematicannon of type minecraft:item
[06Dec2025 14:08:53.908] [modloading-worker-0/DEBUG] [com.tterrag.registrate.AbstractRegistrate/REGISTRATE.REGISTER]: Captured registration for entry schematicannon of type minecraft:block
[06Dec2025 14:08:53.908] [modloading-worker-0/DEBUG] [com.tterrag.registrate.AbstractRegistrate/REGISTRATE.REGISTER]: Captured registration for entry schematic_table of type minecraft:item
[06Dec2025 14:08:53.909] [modloading-worker-0/DEBUG] [com.tterrag.registrate.AbstractRegistrate/REGISTRATE.REGISTER]: Captured registration for entry schematic_table of type minecraft:block
[06Dec2025 14:08:53.914] [modloading-worker-0/DEBUG] [com.tterrag.registrate.AbstractRegistrate/REGISTRATE.REGISTER]: Captured registration for entry shaft of type minecraft:item
[06Dec2025 14:08:53.915] [modloading-worker-0/DEBUG] [com.tterrag.registrate.AbstractRegistrate/REGISTRATE.REGISTER]: Captured registration for entry shaft of type minecraft:block
[06Dec2025 14:08:53.916] [modloading-worker-0/DEBUG] [com.tterrag.registrate.AbstractRegistrate/REGISTRATE.REGISTER]: Captured registration for entry cogwheel of type minecraft:item
[06Dec2025 14:08:53.916] [modloading-worker-0/DEBUG] [com.tterrag.registrate.AbstractRegistrate/REGISTRATE.REGISTER]: Captured registration for entry cogwheel of type minecraft:block
[06Dec2025 14:08:53.917] [modloading-worker-0/DEBUG] [com.tterrag.registrate.AbstractRegistrate/REGISTRATE.REGISTER]: Captured registration for entry large_cogwheel of type minecraft:item
[06Dec2025 14:08:53.917] [modloading-worker-0/DEBUG] [com.tterrag.registrate.AbstractRegistrate/REGISTRATE.REGISTER]: Captured registration for entry large_cogwheel of type minecraft:block
[06Dec2025 14:08:53.924] [modloading-worker-0/DEBUG] [com.tterrag.registrate.AbstractRegistrate/REGISTRATE.REGISTER]: Captured registration for entry andesite_encased_shaft of type minecraft:item
[06Dec2025 14:08:53.924] [modloading-worker-0/DEBUG] [com.tterrag.registrate.AbstractRegistrate/REGISTRATE.REGISTER]: Captured registration for entry andesite_encased_shaft of type minecraft:block
[06Dec2025 14:08:53.925] [modloading-worker-0/DEBUG] [com.tterrag.registrate.AbstractRegistrate/REGISTRATE.REGISTER]: Captured registration for entry brass_encased_shaft of type minecraft:item
[06Dec2025 14:08:53.925] [modloading-worker-0/DEBUG] [com.tterrag.registrate.AbstractRegistrate/REGISTRATE.REGISTER]: Captured registration for entry brass_encased_shaft of type minecraft:block
[06Dec2025 14:08:53.926] [modloading-worker-0/INFO] [mixin/]: Mixing client.accessor.RenderTypeAccessor from ponder-common.mixins.json into net.minecraft.client.renderer.RenderType
[06Dec2025 14:08:53.927] [modloading-worker-0/INFO] [mixin/]: Renaming @Invoker method catnip$create(Ljava/lang/String;Lcom/mojang/blaze3d/vertex/VertexFormat;Lcom/mojang/blaze3d/vertex/VertexFormat$Mode;IZZLnet/minecraft/client/renderer/RenderType$CompositeState;)Lnet/minecraft/client/renderer/RenderType$CompositeRenderType; to catnip$create_$md$2b47b5$0 in ponder-common.mixins.json:client.accessor.RenderTypeAccessor
[06Dec2025 14:08:53.937] [modloading-worker-0/INFO] [mixin/]: Mixing client.GameRendererMixin from rbh.mixins.json into net.minecraft.client.renderer.GameRenderer
[06Dec2025 14:08:53.940] [modloading-worker-0/INFO] [mixin/]: Mixing client.accessor.GameRendererAccessor from ponder-common.mixins.json into net.minecraft.client.renderer.GameRenderer
[06Dec2025 14:08:53.943] [modloading-worker-0/INFO] [mixin/]: Mixing client.GameRendererMixin from create.mixins.json into net.minecraft.client.renderer.GameRenderer
[06Dec2025 14:08:53.980] [modloading-worker-0/DEBUG] [com.tterrag.registrate.AbstractRegistrate/REGISTRATE.REGISTER]: Captured registration for entry andesite_encased_cogwheel of type minecraft:item
[06Dec2025 14:08:53.981] [modloading-worker-0/DEBUG] [com.tterrag.registrate.AbstractRegistrate/REGISTRATE.REGISTER]: Captured registration for entry andesite_encased_cogwheel of type minecraft:block
[06Dec2025 14:08:53.981] [modloading-worker-0/DEBUG] [com.tterrag.registrate.AbstractRegistrate/REGISTRATE.REGISTER]: Captured registration for entry brass_encased_cogwheel of type minecraft:item
[06Dec2025 14:08:53.981] [modloading-worker-0/DEBUG] [com.tterrag.registrate.AbstractRegistrate/REGISTRATE.REGISTER]: Captured registration for entry brass_encased_cogwheel of type minecraft:block
[06Dec2025 14:08:53.981] [modloading-worker-0/DEBUG] [com.tterrag.registrate.AbstractRegistrate/REGISTRATE.REGISTER]: Captured registration for entry andesite_encased_large_cogwheel of type minecraft:item
[06Dec2025 14:08:53.981] [modloading-worker-0/DEBUG] [com.tterrag.registrate.AbstractRegistrate/REGISTRATE.REGISTER]: Captured registration for entry andesite_encased_large_cogwheel of type minecraft:block
[06Dec2025 14:08:53.982] [modloading-worker-0/DEBUG] [com.tterrag.registrate.AbstractRegistrate/REGISTRATE.REGISTER]: Captured registration for entry brass_encased_large_cogwheel of type minecraft:item
[06Dec2025 14:08:53.982] [modloading-worker-0/DEBUG] [com.tterrag.registrate.AbstractRegistrate/REGISTRATE.REGISTER]: Captured registration for entry brass_encased_large_cogwheel of type minecraft:block
[06Dec2025 14:08:53.982] [modloading-worker-0/DEBUG] [com.tterrag.registrate.AbstractRegistrate/REGISTRATE.REGISTER]: Captured registration for entry gearbox of type minecraft:item
[06Dec2025 14:08:53.982] [modloading-worker-0/DEBUG] [com.tterrag.registrate.AbstractRegistrate/REGISTRATE.REGISTER]: Captured registration for entry gearbox of type minecraft:block
[06Dec2025 14:08:53.983] [modloading-worker-0/DEBUG] [com.tterrag.registrate.AbstractRegistrate/REGISTRATE.REGISTER]: Captured registration for entry clutch of type minecraft:item
[06Dec2025 14:08:53.984] [modloading-worker-0/DEBUG] [com.tterrag.registrate.AbstractRegistrate/REGISTRATE.REGISTER]: Captured registration for entry clutch of type minecraft:block
[06Dec2025 14:08:53.984] [modloading-worker-0/DEBUG] [com.tterrag.registrate.AbstractRegistrate/REGISTRATE.REGISTER]: Captured registration for entry gearshift of type minecraft:item
[06Dec2025 14:08:53.984] [modloading-worker-0/DEBUG] [com.tterrag.registrate.AbstractRegistrate/REGISTRATE.REGISTER]: Captured registration for entry gearshift of type minecraft:block
[06Dec2025 14:08:53.985] [modloading-worker-0/DEBUG] [com.tterrag.registrate.AbstractRegistrate/REGISTRATE.REGISTER]: Captured registration for entry encased_chain_drive of type minecraft:item
[06Dec2025 14:08:53.985] [modloading-worker-0/DEBUG] [com.tterrag.registrate.AbstractRegistrate/REGISTRATE.REGISTER]: Captured registration for entry encased_chain_drive of type minecraft:block
[06Dec2025 14:08:53.986] [modloading-worker-0/DEBUG] [com.tterrag.registrate.AbstractRegistrate/REGISTRATE.REGISTER]: Captured registration for entry adjustable_chain_gearshift of type minecraft:item
[06Dec2025 14:08:53.986] [modloading-worker-0/DEBUG] [com.tterrag.registrate.AbstractRegistrate/REGISTRATE.REGISTER]: Captured registration for entry adjustable_chain_gearshift of type minecraft:block
[06Dec2025 14:08:53.990] [modloading-worker-0/DEBUG] [com.tterrag.registrate.AbstractRegistrate/REGISTRATE.REGISTER]: Captured registration for entry belt of type minecraft:block
[06Dec2025 14:08:53.991] [modloading-worker-0/DEBUG] [com.tterrag.registrate.AbstractRegistrate/REGISTRATE.REGISTER]: Captured registration for entry chain_conveyor of type minecraft:item
[06Dec2025 14:08:53.991] [modloading-worker-0/DEBUG] [com.tterrag.registrate.AbstractRegistrate/REGISTRATE.REGISTER]: Captured registration for entry chain_conveyor of type minecraft:block
[06Dec2025 14:08:53.992] [modloading-worker-0/DEBUG] [com.tterrag.registrate.AbstractRegistrate/REGISTRATE.REGISTER]: Captured registration for entry creative_motor of type minecraft:item
[06Dec2025 14:08:53.993] [modloading-worker-0/DEBUG] [com.tterrag.registrate.AbstractRegistrate/REGISTRATE.REGISTER]: Captured registration for entry creative_motor of type minecraft:block
[06Dec2025 14:08:53.994] [modloading-worker-0/DEBUG] [com.tterrag.registrate.AbstractRegistrate/REGISTRATE.REGISTER]: Captured registration for entry water_wheel of type minecraft:item
[06Dec2025 14:08:53.994] [modloading-worker-0/DEBUG] [com.tterrag.registrate.AbstractRegistrate/REGISTRATE.REGISTER]: Captured registration for entry water_wheel of type minecraft:block
[06Dec2025 14:08:53.995] [modloading-worker-0/DEBUG] [com.tterrag.registrate.AbstractRegistrate/REGISTRATE.REGISTER]: Captured registration for entry large_water_wheel of type minecraft:item
[06Dec2025 14:08:53.995] [modloading-worker-0/DEBUG] [com.tterrag.registrate.AbstractRegistrate/REGISTRATE.REGISTER]: Captured registration for entry large_water_wheel of type minecraft:block
[06Dec2025 14:08:53.996] [modloading-worker-0/DEBUG] [com.tterrag.registrate.AbstractRegistrate/REGISTRATE.REGISTER]: Captured registration for entry water_wheel_structure of type minecraft:block
[06Dec2025 14:08:53.997] [modloading-worker-0/DEBUG] [com.tterrag.registrate.AbstractRegistrate/REGISTRATE.REGISTER]: Captured registration for entry encased_fan of type minecraft:item
[06Dec2025 14:08:53.997] [modloading-worker-0/DEBUG] [com.tterrag.registrate.AbstractRegistrate/REGISTRATE.REGISTER]: Captured registration for entry encased_fan of type minecraft:block
[06Dec2025 14:08:53.998] [modloading-worker-0/DEBUG] [com.tterrag.registrate.AbstractRegistrate/REGISTRATE.REGISTER]: Captured registration for entry nozzle of type minecraft:item
[06Dec2025 14:08:53.998] [modloading-worker-0/DEBUG] [com.tterrag.registrate.AbstractRegistrate/REGISTRATE.REGISTER]: Captured registration for entry nozzle of type minecraft:block
[06Dec2025 14:08:53.999] [modloading-worker-0/DEBUG] [com.tterrag.registrate.AbstractRegistrate/REGISTRATE.REGISTER]: Captured registration for entry turntable of type minecraft:item
[06Dec2025 14:08:53.999] [modloading-worker-0/DEBUG] [com.tterrag.registrate.AbstractRegistrate/REGISTRATE.REGISTER]: Captured registration for entry turntable of type minecraft:block
[06Dec2025 14:08:54.000] [modloading-worker-0/DEBUG] [com.tterrag.registrate.AbstractRegistrate/REGISTRATE.REGISTER]: Captured registration for entry hand_crank of type minecraft:item
[06Dec2025 14:08:54.000] [modloading-worker-0/DEBUG] [com.tterrag.registrate.AbstractRegistrate/REGISTRATE.REGISTER]: Captured registration for entry hand_crank of type minecraft:block
[06Dec2025 14:08:54.002] [modloading-worker-0/DEBUG] [com.tterrag.registrate.AbstractRegistrate/REGISTRATE.REGISTER]: Captured registration for entry cuckoo_clock of type minecraft:item
[06Dec2025 14:08:54.002] [modloading-worker-0/DEBUG] [com.tterrag.registrate.AbstractRegistrate/REGISTRATE.REGISTER]: Captured registration for entry cuckoo_clock of type minecraft:block
[06Dec2025 14:08:54.002] [modloading-worker-0/DEBUG] [com.tterrag.registrate.AbstractRegistrate/REGISTRATE.REGISTER]: Captured registration for entry mysterious_cuckoo_clock of type minecraft:item
[06Dec2025 14:08:54.002] [modloading-worker-0/DEBUG] [com.tterrag.registrate.AbstractRegistrate/REGISTRATE.REGISTER]: Captured registration for entry mysterious_cuckoo_clock of type minecraft:block
[06Dec2025 14:08:54.003] [modloading-worker-0/DEBUG] [com.tterrag.registrate.AbstractRegistrate/REGISTRATE.REGISTER]: Captured registration for entry millstone of type minecraft:item
[06Dec2025 14:08:54.004] [modloading-worker-0/DEBUG] [com.tterrag.registrate.AbstractRegistrate/REGISTRATE.REGISTER]: Captured registration for entry millstone of type minecraft:block
[06Dec2025 14:08:54.005] [modloading-worker-0/DEBUG] [com.tterrag.registrate.AbstractRegistrate/REGISTRATE.REGISTER]: Captured registration for entry crushing_wheel of type minecraft:item
[06Dec2025 14:08:54.005] [modloading-worker-0/DEBUG] [com.tterrag.registrate.AbstractRegistrate/REGISTRATE.REGISTER]: Captured registration for entry crushing_wheel of type minecraft:block
[06Dec2025 14:08:54.006] [modloading-worker-0/DEBUG] [com.tterrag.registrate.AbstractRegistrate/REGISTRATE.REGISTER]: Captured registration for entry crushing_wheel_controller of type minecraft:block
[06Dec2025 14:08:54.008] [modloading-worker-0/DEBUG] [com.tterrag.registrate.AbstractRegistrate/REGISTRATE.REGISTER]: Captured registration for entry mechanical_press of type minecraft:item
[06Dec2025 14:08:54.008] [modloading-worker-0/DEBUG] [com.tterrag.registrate.AbstractRegistrate/REGISTRATE.REGISTER]: Captured registration for entry mechanical_press of type minecraft:block
[06Dec2025 14:08:54.010] [modloading-worker-0/DEBUG] [com.tterrag.registrate.AbstractRegistrate/REGISTRATE.REGISTER]: Captured registration for entry mechanical_mixer of type minecraft:item
[06Dec2025 14:08:54.010] [modloading-worker-0/DEBUG] [com.tterrag.registrate.AbstractRegistrate/REGISTRATE.REGISTER]: Captured registration for entry mechanical_mixer of type minecraft:block
[06Dec2025 14:08:54.014] [modloading-worker-0/DEBUG] [com.tterrag.registrate.AbstractRegistrate/REGISTRATE.REGISTER]: Captured registration for entry basin of type minecraft:item
[06Dec2025 14:08:54.015] [modloading-worker-0/DEBUG] [com.tterrag.registrate.AbstractRegistrate/REGISTRATE.REGISTER]: Captured registration for entry basin of type minecraft:block
[06Dec2025 14:08:54.017] [modloading-worker-0/DEBUG] [com.tterrag.registrate.AbstractRegistrate/REGISTRATE.REGISTER]: Captured registration for entry blaze_burner of type minecraft:item
[06Dec2025 14:08:54.017] [modloading-worker-0/DEBUG] [com.tterrag.registrate.AbstractRegistrate/REGISTRATE.REGISTER]: Captured registration for entry blaze_burner of type minecraft:block
[06Dec2025 14:08:54.018] [modloading-worker-0/DEBUG] [com.tterrag.registrate.AbstractRegistrate/REGISTRATE.REGISTER]: Captured registration for entry lit_blaze_burner of type minecraft:block
[06Dec2025 14:08:54.021] [modloading-worker-0/DEBUG] [com.tterrag.registrate.AbstractRegistrate/REGISTRATE.REGISTER]: Captured registration for entry fallback of type create:mounted_item_storage_type
[06Dec2025 14:08:54.022] [modloading-worker-0/DEBUG] [com.tterrag.registrate.AbstractRegistrate/REGISTRATE.REGISTER]: Captured registration for entry creative_crate of type create:mounted_item_storage_type
[06Dec2025 14:08:54.022] [modloading-worker-0/DEBUG] [com.tterrag.registrate.AbstractRegistrate/REGISTRATE.REGISTER]: Captured registration for entry vault of type create:mounted_item_storage_type
[06Dec2025 14:08:54.023] [modloading-worker-0/DEBUG] [com.tterrag.registrate.AbstractRegistrate/REGISTRATE.REGISTER]: Captured registration for entry toolbox of type create:mounted_item_storage_type
[06Dec2025 14:08:54.023] [modloading-worker-0/DEBUG] [com.tterrag.registrate.AbstractRegistrate/REGISTRATE.REGISTER]: Captured registration for entry depot of type create:mounted_item_storage_type
[06Dec2025 14:08:54.025] [modloading-worker-0/DEBUG] [com.tterrag.registrate.AbstractRegistrate/REGISTRATE.REGISTER]: Captured registration for entry fluid_tank of type create:mounted_fluid_storage_type
[06Dec2025 14:08:54.025] [modloading-worker-0/DEBUG] [com.tterrag.registrate.AbstractRegistrate/REGISTRATE.REGISTER]: Captured registration for entry creative_fluid_tank of type create:mounted_fluid_storage_type
[06Dec2025 14:08:54.025] [modloading-worker-0/DEBUG] [com.tterrag.registrate.AbstractRegistrate/REGISTRATE.REGISTER]: Captured registration for entry simple of type create:mounted_item_storage_type
[06Dec2025 14:08:54.026] [modloading-worker-0/DEBUG] [com.tterrag.registrate.AbstractRegistrate/REGISTRATE.REGISTER]: Captured registration for entry chest of type create:mounted_item_storage_type
[06Dec2025 14:08:54.026] [modloading-worker-0/DEBUG] [com.tterrag.registrate.AbstractRegistrate/REGISTRATE.REGISTER]: Captured registration for entry dispenser of type create:mounted_item_storage_type
[06Dec2025 14:08:54.027] [modloading-worker-0/DEBUG] [com.tterrag.registrate.AbstractRegistrate/REGISTRATE.REGISTER]: Captured registration for entry depot of type minecraft:item
[06Dec2025 14:08:54.027] [modloading-worker-0/DEBUG] [com.tterrag.registrate.AbstractRegistrate/REGISTRATE.REGISTER]: Captured registration for entry depot of type minecraft:block
[06Dec2025 14:08:54.028] [modloading-worker-0/DEBUG] [com.tterrag.registrate.AbstractRegistrate/REGISTRATE.REGISTER]: Captured registration for entry weighted_ejector of type minecraft:item
[06Dec2025 14:08:54.028] [modloading-worker-0/DEBUG] [com.tterrag.registrate.AbstractRegistrate/REGISTRATE.REGISTER]: Captured registration for entry weighted_ejector of type minecraft:block
[06Dec2025 14:08:54.030] [modloading-worker-0/DEBUG] [com.tterrag.registrate.AbstractRegistrate/REGISTRATE.REGISTER]: Captured registration for entry chute of type minecraft:item
[06Dec2025 14:08:54.030] [modloading-worker-0/DEBUG] [com.tterrag.registrate.AbstractRegistrate/REGISTRATE.REGISTER]: Captured registration for entry chute of type minecraft:block
[06Dec2025 14:08:54.031] [modloading-worker-0/DEBUG] [com.tterrag.registrate.AbstractRegistrate/REGISTRATE.REGISTER]: Captured registration for entry smart_chute of type minecraft:item
[06Dec2025 14:08:54.031] [modloading-worker-0/DEBUG] [com.tterrag.registrate.AbstractRegistrate/REGISTRATE.REGISTER]: Captured registration for entry smart_chute of type minecraft:block
[06Dec2025 14:08:54.033] [modloading-worker-0/DEBUG] [com.tterrag.registrate.AbstractRegistrate/REGISTRATE.REGISTER]: Captured registration for entry speedometer of type minecraft:item
[06Dec2025 14:08:54.033] [modloading-worker-0/DEBUG] [com.tterrag.registrate.AbstractRegistrate/REGISTRATE.REGISTER]: Captured registration for entry speedometer of type minecraft:block
[06Dec2025 14:08:54.033] [modloading-worker-0/DEBUG] [com.tterrag.registrate.AbstractRegistrate/REGISTRATE.REGISTER]: Captured registration for entry stressometer of type minecraft:item
[06Dec2025 14:08:54.033] [modloading-worker-0/DEBUG] [com.tterrag.registrate.AbstractRegistrate/REGISTRATE.REGISTER]: Captured registration for entry stressometer of type minecraft:block
[06Dec2025 14:08:54.035] [modloading-worker-0/DEBUG] [com.tterrag.registrate.AbstractRegistrate/REGISTRATE.REGISTER]: Captured registration for entry wooden_bracket of type minecraft:item
[06Dec2025 14:08:54.035] [modloading-worker-0/DEBUG] [com.tterrag.registrate.AbstractRegistrate/REGISTRATE.REGISTER]: Captured registration for entry wooden_bracket of type minecraft:block
[06Dec2025 14:08:54.035] [modloading-worker-0/DEBUG] [com.tterrag.registrate.AbstractRegistrate/REGISTRATE.REGISTER]: Captured registration for entry metal_bracket of type minecraft:item
[06Dec2025 14:08:54.035] [modloading-worker-0/DEBUG] [com.tterrag.registrate.AbstractRegistrate/REGISTRATE.REGISTER]: Captured registration for entry metal_bracket of type minecraft:block
[06Dec2025 14:08:54.037] [modloading-worker-0/DEBUG] [com.tterrag.registrate.AbstractRegistrate/REGISTRATE.REGISTER]: Captured registration for entry fluid_pipe of type minecraft:item
[06Dec2025 14:08:54.037] [modloading-worker-0/DEBUG] [com.tterrag.registrate.AbstractRegistrate/REGISTRATE.REGISTER]: Captured registration for entry fluid_pipe of type minecraft:block
[06Dec2025 14:08:54.037] [modloading-worker-0/DEBUG] [com.tterrag.registrate.AbstractRegistrate/REGISTRATE.REGISTER]: Captured registration for entry encased_fluid_pipe of type minecraft:block
[06Dec2025 14:08:54.038] [modloading-worker-0/DEBUG] [com.tterrag.registrate.AbstractRegistrate/REGISTRATE.REGISTER]: Captured registration for entry glass_fluid_pipe of type minecraft:block
[06Dec2025 14:08:54.039] [modloading-worker-0/DEBUG] [com.tterrag.registrate.AbstractRegistrate/REGISTRATE.REGISTER]: Captured registration for entry mechanical_pump of type minecraft:item
[06Dec2025 14:08:54.039] [modloading-worker-0/DEBUG] [com.tterrag.registrate.AbstractRegistrate/REGISTRATE.REGISTER]: Captured registration for entry mechanical_pump of type minecraft:block
[06Dec2025 14:08:54.040] [modloading-worker-0/DEBUG] [com.tterrag.registrate.AbstractRegistrate/REGISTRATE.REGISTER]: Captured registration for entry smart_fluid_pipe of type minecraft:item
[06Dec2025 14:08:54.040] [modloading-worker-0/DEBUG] [com.tterrag.registrate.AbstractRegistrate/REGISTRATE.REGISTER]: Captured registration for entry smart_fluid_pipe of type minecraft:block
[06Dec2025 14:08:54.041] [modloading-worker-0/DEBUG] [com.tterrag.registrate.AbstractRegistrate/REGISTRATE.REGISTER]: Captured registration for entry fluid_valve of type minecraft:item
[06Dec2025 14:08:54.041] [modloading-worker-0/DEBUG] [com.tterrag.registrate.AbstractRegistrate/REGISTRATE.REGISTER]: Captured registration for entry fluid_valve of type minecraft:block
[06Dec2025 14:08:54.042] [modloading-worker-0/DEBUG] [com.tterrag.registrate.AbstractRegistrate/REGISTRATE.REGISTER]: Captured registration for entry copper_valve_handle of type minecraft:item
[06Dec2025 14:08:54.042] [modloading-worker-0/DEBUG] [com.tterrag.registrate.AbstractRegistrate/REGISTRATE.REGISTER]: Captured registration for entry copper_valve_handle of type minecraft:block
[06Dec2025 14:08:54.042] [modloading-worker-0/DEBUG] [com.tterrag.registrate.AbstractRegistrate/REGISTRATE.REGISTER]: Captured registration for entry white_valve_handle of type minecraft:item
[06Dec2025 14:08:54.042] [modloading-worker-0/DEBUG] [com.tterrag.registrate.AbstractRegistrate/REGISTRATE.REGISTER]: Captured registration for entry white_valve_handle of type minecraft:block
[06Dec2025 14:08:54.043] [modloading-worker-0/DEBUG] [com.tterrag.registrate.AbstractRegistrate/REGISTRATE.REGISTER]: Captured registration for entry orange_valve_handle of type minecraft:item
[06Dec2025 14:08:54.043] [modloading-worker-0/DEBUG] [com.tterrag.registrate.AbstractRegistrate/REGISTRATE.REGISTER]: Captured registration for entry orange_valve_handle of type minecraft:block
[06Dec2025 14:08:54.043] [modloading-worker-0/DEBUG] [com.tterrag.registrate.AbstractRegistrate/REGISTRATE.REGISTER]: Captured registration for entry magenta_valve_handle of type minecraft:item
[06Dec2025 14:08:54.043] [modloading-worker-0/DEBUG] [com.tterrag.registrate.AbstractRegistrate/REGISTRATE.REGISTER]: Captured registration for entry magenta_valve_handle of type minecraft:block
[06Dec2025 14:08:54.043] [modloading-worker-0/DEBUG] [com.tterrag.registrate.AbstractRegistrate/REGISTRATE.REGISTER]: Captured registration for entry light_blue_valve_handle of type minecraft:item
[06Dec2025 14:08:54.043] [modloading-worker-0/DEBUG] [com.tterrag.registrate.AbstractRegistrate/REGISTRATE.REGISTER]: Captured registration for entry light_blue_valve_handle of type minecraft:block
[06Dec2025 14:08:54.043] [modloading-worker-0/DEBUG] [com.tterrag.registrate.AbstractRegistrate/REGISTRATE.REGISTER]: Captured registration for entry yellow_valve_handle of type minecraft:item
[06Dec2025 14:08:54.043] [modloading-worker-0/DEBUG] [com.tterrag.registrate.AbstractRegistrate/REGISTRATE.REGISTER]: Captured registration for entry yellow_valve_handle of type minecraft:block
[06Dec2025 14:08:54.043] [modloading-worker-0/DEBUG] [com.tterrag.registrate.AbstractRegistrate/REGISTRATE.REGISTER]: Captured registration for entry lime_valve_handle of type minecraft:item
[06Dec2025 14:08:54.043] [modloading-worker-0/DEBUG] [com.tterrag.registrate.AbstractRegistrate/REGISTRATE.REGISTER]: Captured registration for entry lime_valve_handle of type minecraft:block
[06Dec2025 14:08:54.043] [modloading-worker-0/DEBUG] [com.tterrag.registrate.AbstractRegistrate/REGISTRATE.REGISTER]: Captured registration for entry pink_valve_handle of type minecraft:item
[06Dec2025 14:08:54.043] [modloading-worker-0/DEBUG] [com.tterrag.registrate.AbstractRegistrate/REGISTRATE.REGISTER]: Captured registration for entry pink_valve_handle of type minecraft:block
[06Dec2025 14:08:54.043] [modloading-worker-0/DEBUG] [com.tterrag.registrate.AbstractRegistrate/REGISTRATE.REGISTER]: Captured registration for entry gray_valve_handle of type minecraft:item
[06Dec2025 14:08:54.043] [modloading-worker-0/DEBUG] [com.tterrag.registrate.AbstractRegistrate/REGISTRATE.REGISTER]: Captured registration for entry gray_valve_handle of type minecraft:block
[06Dec2025 14:08:54.043] [modloading-worker-0/DEBUG] [com.tterrag.registrate.AbstractRegistrate/REGISTRATE.REGISTER]: Captured registration for entry light_gray_valve_handle of type minecraft:item
[06Dec2025 14:08:54.043] [modloading-worker-0/DEBUG] [com.tterrag.registrate.AbstractRegistrate/REGISTRATE.REGISTER]: Captured registration for entry light_gray_valve_handle of type minecraft:block
[06Dec2025 14:08:54.043] [modloading-worker-0/DEBUG] [com.tterrag.registrate.AbstractRegistrate/REGISTRATE.REGISTER]: Captured registration for entry cyan_valve_handle of type minecraft:item
[06Dec2025 14:08:54.043] [modloading-worker-0/DEBUG] [com.tterrag.registrate.AbstractRegistrate/REGISTRATE.REGISTER]: Captured registration for entry cyan_valve_handle of type minecraft:block
[06Dec2025 14:08:54.043] [modloading-worker-0/DEBUG] [com.tterrag.registrate.AbstractRegistrate/REGISTRATE.REGISTER]: Captured registration for entry purple_valve_handle of type minecraft:item
[06Dec2025 14:08:54.043] [modloading-worker-0/DEBUG] [com.tterrag.registrate.AbstractRegistrate/REGISTRATE.REGISTER]: Captured registration for entry purple_valve_handle of type minecraft:block
[06Dec2025 14:08:54.043] [modloading-worker-0/DEBUG] [com.tterrag.registrate.AbstractRegistrate/REGISTRATE.REGISTER]: Captured registration for entry blue_valve_handle of type minecraft:item
[06Dec2025 14:08:54.043] [modloading-worker-0/DEBUG] [com.tterrag.registrate.AbstractRegistrate/REGISTRATE.REGISTER]: Captured registration for entry blue_valve_handle of type minecraft:block
[06Dec2025 14:08:54.043] [modloading-worker-0/DEBUG] [com.tterrag.registrate.AbstractRegistrate/REGISTRATE.REGISTER]: Captured registration for entry brown_valve_handle of type minecraft:item
[06Dec2025 14:08:54.043] [modloading-worker-0/DEBUG] [com.tterrag.registrate.AbstractRegistrate/REGISTRATE.REGISTER]: Captured registration for entry brown_valve_handle of type minecraft:block
[06Dec2025 14:08:54.043] [modloading-worker-0/DEBUG] [com.tterrag.registrate.AbstractRegistrate/REGISTRATE.REGISTER]: Captured registration for entry green_valve_handle of type minecraft:item
[06Dec2025 14:08:54.044] [modloading-worker-0/DEBUG] [com.tterrag.registrate.AbstractRegistrate/REGISTRATE.REGISTER]: Captured registration for entry green_valve_handle of type minecraft:block
[06Dec2025 14:08:54.044] [modloading-worker-0/DEBUG] [com.tterrag.registrate.AbstractRegistrate/REGISTRATE.REGISTER]: Captured registration for entry red_valve_handle of type minecraft:item
[06Dec2025 14:08:54.044] [modloading-worker-0/DEBUG] [com.tterrag.registrate.AbstractRegistrate/REGISTRATE.REGISTER]: Captured registration for entry red_valve_handle of type minecraft:block
[06Dec2025 14:08:54.044] [modloading-worker-0/DEBUG] [com.tterrag.registrate.AbstractRegistrate/REGISTRATE.REGISTER]: Captured registration for entry black_valve_handle of type minecraft:item
[06Dec2025 14:08:54.044] [modloading-worker-0/DEBUG] [com.tterrag.registrate.AbstractRegistrate/REGISTRATE.REGISTER]: Captured registration for entry black_valve_handle of type minecraft:block
[06Dec2025 14:08:54.047] [modloading-worker-0/DEBUG] [com.tterrag.registrate.AbstractRegistrate/REGISTRATE.REGISTER]: Captured registration for entry fluid_tank of type minecraft:item
[06Dec2025 14:08:54.047] [modloading-worker-0/DEBUG] [com.tterrag.registrate.AbstractRegistrate/REGISTRATE.REGISTER]: Captured registration for entry fluid_tank of type minecraft:block
[06Dec2025 14:08:54.048] [modloading-worker-0/DEBUG] [com.tterrag.registrate.AbstractRegistrate/REGISTRATE.REGISTER]: Captured registration for entry creative_fluid_tank of type minecraft:item
[06Dec2025 14:08:54.048] [modloading-worker-0/DEBUG] [com.tterrag.registrate.AbstractRegistrate/REGISTRATE.REGISTER]: Captured registration for entry creative_fluid_tank of type minecraft:block
[06Dec2025 14:08:54.049] [modloading-worker-0/DEBUG] [com.tterrag.registrate.AbstractRegistrate/REGISTRATE.REGISTER]: Captured registration for entry hose_pulley of type minecraft:item
[06Dec2025 14:08:54.049] [modloading-worker-0/DEBUG] [com.tterrag.registrate.AbstractRegistrate/REGISTRATE.REGISTER]: Captured registration for entry hose_pulley of type minecraft:block
[06Dec2025 14:08:54.050] [modloading-worker-0/DEBUG] [com.tterrag.registrate.AbstractRegistrate/REGISTRATE.REGISTER]: Captured registration for entry item_drain of type minecraft:item
[06Dec2025 14:08:54.050] [modloading-worker-0/DEBUG] [com.tterrag.registrate.AbstractRegistrate/REGISTRATE.REGISTER]: Captured registration for entry item_drain of type minecraft:block
[06Dec2025 14:08:54.051] [modloading-worker-0/DEBUG] [com.tterrag.registrate.AbstractRegistrate/REGISTRATE.REGISTER]: Captured registration for entry spout of type minecraft:item
[06Dec2025 14:08:54.051] [modloading-worker-0/DEBUG] [com.tterrag.registrate.AbstractRegistrate/REGISTRATE.REGISTER]: Captured registration for entry spout of type minecraft:block
[06Dec2025 14:08:54.053] [modloading-worker-0/DEBUG] [com.tterrag.registrate.AbstractRegistrate/REGISTRATE.REGISTER]: Captured registration for entry portable_fluid_interface of type minecraft:item
[06Dec2025 14:08:54.053] [modloading-worker-0/DEBUG] [com.tterrag.registrate.AbstractRegistrate/REGISTRATE.REGISTER]: Captured registration for entry portable_fluid_interface of type minecraft:block
[06Dec2025 14:08:54.054] [modloading-worker-0/DEBUG] [com.tterrag.registrate.AbstractRegistrate/REGISTRATE.REGISTER]: Captured registration for entry steam_engine of type minecraft:item
[06Dec2025 14:08:54.054] [modloading-worker-0/DEBUG] [com.tterrag.registrate.AbstractRegistrate/REGISTRATE.REGISTER]: Captured registration for entry steam_engine of type minecraft:block
[06Dec2025 14:08:54.055] [modloading-worker-0/DEBUG] [com.tterrag.registrate.AbstractRegistrate/REGISTRATE.REGISTER]: Captured registration for entry steam_whistle of type minecraft:item
[06Dec2025 14:08:54.055] [modloading-worker-0/DEBUG] [com.tterrag.registrate.AbstractRegistrate/REGISTRATE.REGISTER]: Captured registration for entry steam_whistle of type minecraft:block
[06Dec2025 14:08:54.056] [modloading-worker-0/DEBUG] [com.tterrag.registrate.AbstractRegistrate/REGISTRATE.REGISTER]: Captured registration for entry steam_whistle_extension of type minecraft:block
[06Dec2025 14:08:54.056] [modloading-worker-0/DEBUG] [com.tterrag.registrate.AbstractRegistrate/REGISTRATE.REGISTER]: Captured registration for entry powered_shaft of type minecraft:block
[06Dec2025 14:08:54.058] [modloading-worker-0/DEBUG] [com.tterrag.registrate.AbstractRegistrate/REGISTRATE.REGISTER]: Captured registration for entry mechanical_piston of type minecraft:item
[06Dec2025 14:08:54.058] [modloading-worker-0/DEBUG] [com.tterrag.registrate.AbstractRegistrate/REGISTRATE.REGISTER]: Captured registration for entry mechanical_piston of type minecraft:block
[06Dec2025 14:08:54.058] [modloading-worker-0/DEBUG] [com.tterrag.registrate.AbstractRegistrate/REGISTRATE.REGISTER]: Captured registration for entry sticky_mechanical_piston of type minecraft:item
[06Dec2025 14:08:54.058] [modloading-worker-0/DEBUG] [com.tterrag.registrate.AbstractRegistrate/REGISTRATE.REGISTER]: Captured registration for entry sticky_mechanical_piston of type minecraft:block
[06Dec2025 14:08:54.059] [modloading-worker-0/DEBUG] [com.tterrag.registrate.AbstractRegistrate/REGISTRATE.REGISTER]: Captured registration for entry piston_extension_pole of type minecraft:item
[06Dec2025 14:08:54.059] [modloading-worker-0/DEBUG] [com.tterrag.registrate.AbstractRegistrate/REGISTRATE.REGISTER]: Captured registration for entry piston_extension_pole of type minecraft:block
[06Dec2025 14:08:54.059] [modloading-worker-0/DEBUG] [com.tterrag.registrate.AbstractRegistrate/REGISTRATE.REGISTER]: Captured registration for entry mechanical_piston_head of type minecraft:block
[06Dec2025 14:08:54.060] [modloading-worker-0/DEBUG] [com.tterrag.registrate.AbstractRegistrate/REGISTRATE.REGISTER]: Captured registration for entry gantry_carriage of type minecraft:item
[06Dec2025 14:08:54.060] [modloading-worker-0/DEBUG] [com.tterrag.registrate.AbstractRegistrate/REGISTRATE.REGISTER]: Captured registration for entry gantry_carriage of type minecraft:block
[06Dec2025 14:08:54.061] [modloading-worker-0/DEBUG] [com.tterrag.registrate.AbstractRegistrate/REGISTRATE.REGISTER]: Captured registration for entry gantry_shaft of type minecraft:item
[06Dec2025 14:08:54.061] [modloading-worker-0/DEBUG] [com.tterrag.registrate.AbstractRegistrate/REGISTRATE.REGISTER]: Captured registration for entry gantry_shaft of type minecraft:block
[06Dec2025 14:08:54.062] [modloading-worker-0/DEBUG] [com.tterrag.registrate.AbstractRegistrate/REGISTRATE.REGISTER]: Captured registration for entry windmill_bearing of type minecraft:item
[06Dec2025 14:08:54.062] [modloading-worker-0/DEBUG] [com.tterrag.registrate.AbstractRegistrate/REGISTRATE.REGISTER]: Captured registration for entry windmill_bearing of type minecraft:block
[06Dec2025 14:08:54.063] [modloading-worker-0/DEBUG] [com.tterrag.registrate.AbstractRegistrate/REGISTRATE.REGISTER]: Captured registration for entry mechanical_bearing of type minecraft:item
[06Dec2025 14:08:54.064] [modloading-worker-0/DEBUG] [com.tterrag.registrate.AbstractRegistrate/REGISTRATE.REGISTER]: Captured registration for entry mechanical_bearing of type minecraft:block
[06Dec2025 14:08:54.064] [modloading-worker-0/DEBUG] [com.tterrag.registrate.AbstractRegistrate/REGISTRATE.REGISTER]: Captured registration for entry clockwork_bearing of type minecraft:item
[06Dec2025 14:08:54.064] [modloading-worker-0/DEBUG] [com.tterrag.registrate.AbstractRegistrate/REGISTRATE.REGISTER]: Captured registration for entry clockwork_bearing of type minecraft:block
[06Dec2025 14:08:54.065] [modloading-worker-0/DEBUG] [com.tterrag.registrate.AbstractRegistrate/REGISTRATE.REGISTER]: Captured registration for entry rope_pulley of type minecraft:item
[06Dec2025 14:08:54.065] [modloading-worker-0/DEBUG] [com.tterrag.registrate.AbstractRegistrate/REGISTRATE.REGISTER]: Captured registration for entry rope_pulley of type minecraft:block
[06Dec2025 14:08:54.066] [modloading-worker-0/DEBUG] [com.tterrag.registrate.AbstractRegistrate/REGISTRATE.REGISTER]: Captured registration for entry rope of type minecraft:block
[06Dec2025 14:08:54.066] [modloading-worker-0/DEBUG] [com.tterrag.registrate.AbstractRegistrate/REGISTRATE.REGISTER]: Captured registration for entry pulley_magnet of type minecraft:block
[06Dec2025 14:08:54.067] [modloading-worker-0/DEBUG] [com.tterrag.registrate.AbstractRegistrate/REGISTRATE.REGISTER]: Captured registration for entry elevator_pulley of type minecraft:item
[06Dec2025 14:08:54.067] [modloading-worker-0/DEBUG] [com.tterrag.registrate.AbstractRegistrate/REGISTRATE.REGISTER]: Captured registration for entry elevator_pulley of type minecraft:block
[06Dec2025 14:08:54.069] [modloading-worker-0/DEBUG] [com.tterrag.registrate.AbstractRegistrate/REGISTRATE.REGISTER]: Captured registration for entry cart_assembler of type minecraft:item
[06Dec2025 14:08:54.069] [modloading-worker-0/DEBUG] [com.tterrag.registrate.AbstractRegistrate/REGISTRATE.REGISTER]: Captured registration for entry cart_assembler of type minecraft:block
[06Dec2025 14:08:54.071] [modloading-worker-0/DEBUG] [com.tterrag.registrate.AbstractRegistrate/REGISTRATE.REGISTER]: Captured registration for entry controller_rail of type minecraft:item
[06Dec2025 14:08:54.071] [modloading-worker-0/DEBUG] [com.tterrag.registrate.AbstractRegistrate/REGISTRATE.REGISTER]: Captured registration for entry controller_rail of type minecraft:block
[06Dec2025 14:08:54.071] [modloading-worker-0/DEBUG] [com.tterrag.registrate.AbstractRegistrate/REGISTRATE.REGISTER]: Captured registration for entry minecart_anchor of type minecraft:block
[06Dec2025 14:08:54.073] [modloading-worker-0/DEBUG] [com.tterrag.registrate.AbstractRegistrate/REGISTRATE.REGISTER]: Captured registration for entry linear_chassis of type minecraft:item
[06Dec2025 14:08:54.073] [modloading-worker-0/DEBUG] [com.tterrag.registrate.AbstractRegistrate/REGISTRATE.REGISTER]: Captured registration for entry linear_chassis of type minecraft:block
[06Dec2025 14:08:54.073] [modloading-worker-0/DEBUG] [com.tterrag.registrate.AbstractRegistrate/REGISTRATE.REGISTER]: Captured registration for entry secondary_linear_chassis of type minecraft:item
[06Dec2025 14:08:54.073] [modloading-worker-0/DEBUG] [com.tterrag.registrate.AbstractRegistrate/REGISTRATE.REGISTER]: Captured registration for entry secondary_linear_chassis of type minecraft:block
[06Dec2025 14:08:54.074] [modloading-worker-0/DEBUG] [com.tterrag.registrate.AbstractRegistrate/REGISTRATE.REGISTER]: Captured registration for entry radial_chassis of type minecraft:item
[06Dec2025 14:08:54.074] [modloading-worker-0/DEBUG] [com.tterrag.registrate.AbstractRegistrate/REGISTRATE.REGISTER]: Captured registration for entry radial_chassis of type minecraft:block
[06Dec2025 14:08:54.074] [modloading-worker-0/DEBUG] [com.tterrag.registrate.AbstractRegistrate/REGISTRATE.REGISTER]: Captured registration for entry sticker of type minecraft:item
[06Dec2025 14:08:54.074] [modloading-worker-0/DEBUG] [com.tterrag.registrate.AbstractRegistrate/REGISTRATE.REGISTER]: Captured registration for entry sticker of type minecraft:block
[06Dec2025 14:08:54.079] [modloading-worker-0/DEBUG] [com.tterrag.registrate.AbstractRegistrate/REGISTRATE.REGISTER]: Captured registration for entry contraption_controls of type minecraft:item
[06Dec2025 14:08:54.079] [modloading-worker-0/DEBUG] [com.tterrag.registrate.AbstractRegistrate/REGISTRATE.REGISTER]: Captured registration for entry contraption_controls of type minecraft:block
[06Dec2025 14:08:54.081] [modloading-worker-0/DEBUG] [com.tterrag.registrate.AbstractRegistrate/REGISTRATE.REGISTER]: Captured registration for entry mechanical_drill of type minecraft:item
[06Dec2025 14:08:54.081] [modloading-worker-0/DEBUG] [com.tterrag.registrate.AbstractRegistrate/REGISTRATE.REGISTER]: Captured registration for entry mechanical_drill of type minecraft:block
[06Dec2025 14:08:54.083] [modloading-worker-0/DEBUG] [com.tterrag.registrate.AbstractRegistrate/REGISTRATE.REGISTER]: Captured registration for entry mechanical_saw of type minecraft:item
[06Dec2025 14:08:54.083] [modloading-worker-0/DEBUG] [com.tterrag.registrate.AbstractRegistrate/REGISTRATE.REGISTER]: Captured registration for entry mechanical_saw of type minecraft:block
[06Dec2025 14:08:54.086] [modloading-worker-0/DEBUG] [com.tterrag.registrate.AbstractRegistrate/REGISTRATE.REGISTER]: Captured registration for entry deployer of type minecraft:item
[06Dec2025 14:08:54.086] [modloading-worker-0/DEBUG] [com.tterrag.registrate.AbstractRegistrate/REGISTRATE.REGISTER]: Captured registration for entry deployer of type minecraft:block
[06Dec2025 14:08:54.086] [modloading-worker-0/DEBUG] [com.tterrag.registrate.AbstractRegistrate/REGISTRATE.REGISTER]: Captured registration for entry portable_storage_interface of type minecraft:item
[06Dec2025 14:08:54.086] [modloading-worker-0/DEBUG] [com.tterrag.registrate.AbstractRegistrate/REGISTRATE.REGISTER]: Captured registration for entry portable_storage_interface of type minecraft:block
[06Dec2025 14:08:54.087] [modloading-worker-0/DEBUG] [com.tterrag.registrate.AbstractRegistrate/REGISTRATE.REGISTER]: Captured registration for entry redstone_contact of type minecraft:item
[06Dec2025 14:08:54.087] [modloading-worker-0/DEBUG] [com.tterrag.registrate.AbstractRegistrate/REGISTRATE.REGISTER]: Captured registration for entry redstone_contact of type minecraft:block
[06Dec2025 14:08:54.088] [modloading-worker-0/DEBUG] [com.tterrag.registrate.AbstractRegistrate/REGISTRATE.REGISTER]: Captured registration for entry elevator_contact of type minecraft:item
[06Dec2025 14:08:54.088] [modloading-worker-0/DEBUG] [com.tterrag.registrate.AbstractRegistrate/REGISTRATE.REGISTER]: Captured registration for entry elevator_contact of type minecraft:block
[06Dec2025 14:08:54.090] [modloading-worker-0/DEBUG] [com.tterrag.registrate.AbstractRegistrate/REGISTRATE.REGISTER]: Captured registration for entry mechanical_harvester of type minecraft:item
[06Dec2025 14:08:54.090] [modloading-worker-0/DEBUG] [com.tterrag.registrate.AbstractRegistrate/REGISTRATE.REGISTER]: Captured registration for entry mechanical_harvester of type minecraft:block
[06Dec2025 14:08:54.091] [modloading-worker-0/DEBUG] [com.tterrag.registrate.AbstractRegistrate/REGISTRATE.REGISTER]: Captured registration for entry mechanical_plough of type minecraft:item
[06Dec2025 14:08:54.091] [modloading-worker-0/DEBUG] [com.tterrag.registrate.AbstractRegistrate/REGISTRATE.REGISTER]: Captured registration for entry mechanical_plough of type minecraft:block
[06Dec2025 14:08:54.095] [modloading-worker-0/DEBUG] [com.tterrag.registrate.AbstractRegistrate/REGISTRATE.REGISTER]: Captured registration for entry mechanical_roller of type minecraft:item
[06Dec2025 14:08:54.095] [modloading-worker-0/DEBUG] [com.tterrag.registrate.AbstractRegistrate/REGISTRATE.REGISTER]: Captured registration for entry mechanical_roller of type minecraft:block
[06Dec2025 14:08:54.095] [modloading-worker-0/DEBUG] [com.tterrag.registrate.AbstractRegistrate/REGISTRATE.REGISTER]: Captured registration for entry sail_frame of type minecraft:item
[06Dec2025 14:08:54.095] [modloading-worker-0/DEBUG] [com.tterrag.registrate.AbstractRegistrate/REGISTRATE.REGISTER]: Captured registration for entry sail_frame of type minecraft:block
[06Dec2025 14:08:54.096] [modloading-worker-0/DEBUG] [com.tterrag.registrate.AbstractRegistrate/REGISTRATE.REGISTER]: Captured registration for entry white_sail of type minecraft:item
[06Dec2025 14:08:54.096] [modloading-worker-0/DEBUG] [com.tterrag.registrate.AbstractRegistrate/REGISTRATE.REGISTER]: Captured registration for entry white_sail of type minecraft:block
[06Dec2025 14:08:54.096] [modloading-worker-0/DEBUG] [com.tterrag.registrate.AbstractRegistrate/REGISTRATE.REGISTER]: Captured registration for entry orange_sail of type minecraft:block
[06Dec2025 14:08:54.096] [modloading-worker-0/DEBUG] [com.tterrag.registrate.AbstractRegistrate/REGISTRATE.REGISTER]: Captured registration for entry magenta_sail of type minecraft:block
[06Dec2025 14:08:54.096] [modloading-worker-0/DEBUG] [com.tterrag.registrate.AbstractRegistrate/REGISTRATE.REGISTER]: Captured registration for entry light_blue_sail of type minecraft:block
[06Dec2025 14:08:54.096] [modloading-worker-0/DEBUG] [com.tterrag.registrate.AbstractRegistrate/REGISTRATE.REGISTER]: Captured registration for entry yellow_sail of type minecraft:block
[06Dec2025 14:08:54.096] [modloading-worker-0/DEBUG] [com.tterrag.registrate.AbstractRegistrate/REGISTRATE.REGISTER]: Captured registration for entry lime_sail of type minecraft:block
[06Dec2025 14:08:54.096] [modloading-worker-0/DEBUG] [com.tterrag.registrate.AbstractRegistrate/REGISTRATE.REGISTER]: Captured registration for entry pink_sail of type minecraft:block
[06Dec2025 14:08:54.096] [modloading-worker-0/DEBUG] [com.tterrag.registrate.AbstractRegistrate/REGISTRATE.REGISTER]: Captured registration for entry gray_sail of type minecraft:block
[06Dec2025 14:08:54.096] [modloading-worker-0/DEBUG] [com.tterrag.registrate.AbstractRegistrate/REGISTRATE.REGISTER]: Captured registration for entry light_gray_sail of type minecraft:block
[06Dec2025 14:08:54.096] [modloading-worker-0/DEBUG] [com.tterrag.registrate.AbstractRegistrate/REGISTRATE.REGISTER]: Captured registration for entry cyan_sail of type minecraft:block
[06Dec2025 14:08:54.096] [modloading-worker-0/DEBUG] [com.tterrag.registrate.AbstractRegistrate/REGISTRATE.REGISTER]: Captured registration for entry purple_sail of type minecraft:block
[06Dec2025 14:08:54.096] [modloading-worker-0/DEBUG] [com.tterrag.registrate.AbstractRegistrate/REGISTRATE.REGISTER]: Captured registration for entry blue_sail of type minecraft:block
[06Dec2025 14:08:54.097] [modloading-worker-0/DEBUG] [com.tterrag.registrate.AbstractRegistrate/REGISTRATE.REGISTER]: Captured registration for entry brown_sail of type minecraft:block
[06Dec2025 14:08:54.097] [modloading-worker-0/DEBUG] [com.tterrag.registrate.AbstractRegistrate/REGISTRATE.REGISTER]: Captured registration for entry green_sail of type minecraft:block
[06Dec2025 14:08:54.097] [modloading-worker-0/DEBUG] [com.tterrag.registrate.AbstractRegistrate/REGISTRATE.REGISTER]: Captured registration for entry red_sail of type minecraft:block
[06Dec2025 14:08:54.097] [modloading-worker-0/DEBUG] [com.tterrag.registrate.AbstractRegistrate/REGISTRATE.REGISTER]: Captured registration for entry black_sail of type minecraft:block
[06Dec2025 14:08:54.097] [modloading-worker-0/DEBUG] [com.tterrag.registrate.AbstractRegistrate/REGISTRATE.REGISTER]: Captured registration for entry andesite_casing of type minecraft:item
[06Dec2025 14:08:54.097] [modloading-worker-0/DEBUG] [com.tterrag.registrate.AbstractRegistrate/REGISTRATE.REGISTER]: Captured registration for entry andesite_casing of type minecraft:block
[06Dec2025 14:08:54.098] [modloading-worker-0/DEBUG] [com.tterrag.registrate.AbstractRegistrate/REGISTRATE.REGISTER]: Captured registration for entry brass_casing of type minecraft:item
[06Dec2025 14:08:54.098] [modloading-worker-0/DEBUG] [com.tterrag.registrate.AbstractRegistrate/REGISTRATE.REGISTER]: Captured registration for entry brass_casing of type minecraft:block
[06Dec2025 14:08:54.098] [modloading-worker-0/DEBUG] [com.tterrag.registrate.AbstractRegistrate/REGISTRATE.REGISTER]: Captured registration for entry copper_casing of type minecraft:item
[06Dec2025 14:08:54.098] [modloading-worker-0/DEBUG] [com.tterrag.registrate.AbstractRegistrate/REGISTRATE.REGISTER]: Captured registration for entry copper_casing of type minecraft:block
[06Dec2025 14:08:54.098] [modloading-worker-0/DEBUG] [com.tterrag.registrate.AbstractRegistrate/REGISTRATE.REGISTER]: Captured registration for entry shadow_steel_casing of type minecraft:item
[06Dec2025 14:08:54.098] [modloading-worker-0/DEBUG] [com.tterrag.registrate.AbstractRegistrate/REGISTRATE.REGISTER]: Captured registration for entry shadow_steel_casing of type minecraft:block
[06Dec2025 14:08:54.098] [modloading-worker-0/DEBUG] [com.tterrag.registrate.AbstractRegistrate/REGISTRATE.REGISTER]: Captured registration for entry refined_radiance_casing of type minecraft:item
[06Dec2025 14:08:54.098] [modloading-worker-0/DEBUG] [com.tterrag.registrate.AbstractRegistrate/REGISTRATE.REGISTER]: Captured registration for entry refined_radiance_casing of type minecraft:block
[06Dec2025 14:08:54.100] [modloading-worker-0/DEBUG] [com.tterrag.registrate.AbstractRegistrate/REGISTRATE.REGISTER]: Captured registration for entry mechanical_crafter of type minecraft:item
[06Dec2025 14:08:54.100] [modloading-worker-0/DEBUG] [com.tterrag.registrate.AbstractRegistrate/REGISTRATE.REGISTER]: Captured registration for entry mechanical_crafter of type minecraft:block
[06Dec2025 14:08:54.101] [modloading-worker-0/DEBUG] [com.tterrag.registrate.AbstractRegistrate/REGISTRATE.REGISTER]: Captured registration for entry sequenced_gearshift of type minecraft:item
[06Dec2025 14:08:54.101] [modloading-worker-0/DEBUG] [com.tterrag.registrate.AbstractRegistrate/REGISTRATE.REGISTER]: Captured registration for entry sequenced_gearshift of type minecraft:block
[06Dec2025 14:08:54.102] [modloading-worker-0/DEBUG] [com.tterrag.registrate.AbstractRegistrate/REGISTRATE.REGISTER]: Captured registration for entry flywheel of type minecraft:item
[06Dec2025 14:08:54.102] [modloading-worker-0/DEBUG] [com.tterrag.registrate.AbstractRegistrate/REGISTRATE.REGISTER]: Captured registration for entry flywheel of type minecraft:block
[06Dec2025 14:08:54.103] [modloading-worker-0/DEBUG] [com.tterrag.registrate.AbstractRegistrate/REGISTRATE.REGISTER]: Captured registration for entry rotation_speed_controller of type minecraft:item
[06Dec2025 14:08:54.103] [modloading-worker-0/DEBUG] [com.tterrag.registrate.AbstractRegistrate/REGISTRATE.REGISTER]: Captured registration for entry rotation_speed_controller of type minecraft:block
[06Dec2025 14:08:54.104] [modloading-worker-0/DEBUG] [com.tterrag.registrate.AbstractRegistrate/REGISTRATE.REGISTER]: Captured registration for entry mechanical_arm of type minecraft:item
[06Dec2025 14:08:54.104] [modloading-worker-0/DEBUG] [com.tterrag.registrate.AbstractRegistrate/REGISTRATE.REGISTER]: Captured registration for entry mechanical_arm of type minecraft:block
[06Dec2025 14:08:54.116] [modloading-worker-0/DEBUG] [com.tterrag.registrate.AbstractRegistrate/REGISTRATE.REGISTER]: Captured registration for entry track of type minecraft:item
[06Dec2025 14:08:54.116] [modloading-worker-0/DEBUG] [com.tterrag.registrate.AbstractRegistrate/REGISTRATE.REGISTER]: Captured registration for entry track of type minecraft:block
[06Dec2025 14:08:54.117] [modloading-worker-0/DEBUG] [com.tterrag.registrate.AbstractRegistrate/REGISTRATE.REGISTER]: Captured registration for entry fake_track of type minecraft:block
[06Dec2025 14:08:54.118] [modloading-worker-0/DEBUG] [com.tterrag.registrate.AbstractRegistrate/REGISTRATE.REGISTER]: Captured registration for entry railway_casing of type minecraft:item
[06Dec2025 14:08:54.118] [modloading-worker-0/DEBUG] [com.tterrag.registrate.AbstractRegistrate/REGISTRATE.REGISTER]: Captured registration for entry railway_casing of type minecraft:block
[06Dec2025 14:08:54.124] [modloading-worker-0/DEBUG] [com.tterrag.registrate.AbstractRegistrate/REGISTRATE.REGISTER]: Captured registration for entry track_station of type minecraft:item
[06Dec2025 14:08:54.124] [modloading-worker-0/DEBUG] [com.tterrag.registrate.AbstractRegistrate/REGISTRATE.REGISTER]: Captured registration for entry track_station of type minecraft:block
[06Dec2025 14:08:54.125] [modloading-worker-0/DEBUG] [com.tterrag.registrate.AbstractRegistrate/REGISTRATE.REGISTER]: Captured registration for entry track_signal of type minecraft:item
[06Dec2025 14:08:54.125] [modloading-worker-0/DEBUG] [com.tterrag.registrate.AbstractRegistrate/REGISTRATE.REGISTER]: Captured registration for entry track_signal of type minecraft:block
[06Dec2025 14:08:54.125] [modloading-worker-0/DEBUG] [com.tterrag.registrate.AbstractRegistrate/REGISTRATE.REGISTER]: Captured registration for entry track_observer of type minecraft:item
[06Dec2025 14:08:54.125] [modloading-worker-0/DEBUG] [com.tterrag.registrate.AbstractRegistrate/REGISTRATE.REGISTER]: Captured registration for entry track_observer of type minecraft:block
[06Dec2025 14:08:54.126] [modloading-worker-0/DEBUG] [com.tterrag.registrate.AbstractRegistrate/REGISTRATE.REGISTER]: Captured registration for entry small_bogey of type minecraft:block
[06Dec2025 14:08:54.126] [modloading-worker-0/DEBUG] [com.tterrag.registrate.AbstractRegistrate/REGISTRATE.REGISTER]: Captured registration for entry large_bogey of type minecraft:block
[06Dec2025 14:08:54.127] [modloading-worker-0/DEBUG] [com.tterrag.registrate.AbstractRegistrate/REGISTRATE.REGISTER]: Captured registration for entry controls of type minecraft:item
[06Dec2025 14:08:54.127] [modloading-worker-0/DEBUG] [com.tterrag.registrate.AbstractRegistrate/REGISTRATE.REGISTER]: Captured registration for entry controls of type minecraft:block
[06Dec2025 14:08:54.130] [modloading-worker-0/DEBUG] [com.tterrag.registrate.AbstractRegistrate/REGISTRATE.REGISTER]: Captured registration for entry andesite_funnel of type minecraft:item
[06Dec2025 14:08:54.130] [modloading-worker-0/DEBUG] [com.tterrag.registrate.AbstractRegistrate/REGISTRATE.REGISTER]: Captured registration for entry andesite_funnel of type minecraft:block
[06Dec2025 14:08:54.131] [modloading-worker-0/DEBUG] [com.tterrag.registrate.AbstractRegistrate/REGISTRATE.REGISTER]: Captured registration for entry andesite_belt_funnel of type minecraft:block
[06Dec2025 14:08:54.131] [modloading-worker-0/DEBUG] [com.tterrag.registrate.AbstractRegistrate/REGISTRATE.REGISTER]: Captured registration for entry brass_funnel of type minecraft:item
[06Dec2025 14:08:54.132] [modloading-worker-0/DEBUG] [com.tterrag.registrate.AbstractRegistrate/REGISTRATE.REGISTER]: Captured registration for entry brass_funnel of type minecraft:block
[06Dec2025 14:08:54.132] [modloading-worker-0/DEBUG] [com.tterrag.registrate.AbstractRegistrate/REGISTRATE.REGISTER]: Captured registration for entry brass_belt_funnel of type minecraft:block
[06Dec2025 14:08:54.134] [modloading-worker-0/DEBUG] [com.tterrag.registrate.AbstractRegistrate/REGISTRATE.REGISTER]: Captured registration for entry andesite_tunnel of type minecraft:item
[06Dec2025 14:08:54.134] [modloading-worker-0/DEBUG] [com.tterrag.registrate.AbstractRegistrate/REGISTRATE.REGISTER]: Captured registration for entry andesite_tunnel of type minecraft:block
[06Dec2025 14:08:54.135] [modloading-worker-0/DEBUG] [com.tterrag.registrate.AbstractRegistrate/REGISTRATE.REGISTER]: Captured registration for entry brass_tunnel of type minecraft:item
[06Dec2025 14:08:54.135] [modloading-worker-0/DEBUG] [com.tterrag.registrate.AbstractRegistrate/REGISTRATE.REGISTER]: Captured registration for entry brass_tunnel of type minecraft:block
[06Dec2025 14:08:54.137] [modloading-worker-0/DEBUG] [com.tterrag.registrate.AbstractRegistrate/REGISTRATE.REGISTER]: Captured registration for entry content_observer of type minecraft:item
[06Dec2025 14:08:54.138] [modloading-worker-0/DEBUG] [com.tterrag.registrate.AbstractRegistrate/REGISTRATE.REGISTER]: Captured registration for entry content_observer of type minecraft:block
[06Dec2025 14:08:54.139] [modloading-worker-0/DEBUG] [com.tterrag.registrate.AbstractRegistrate/REGISTRATE.REGISTER]: Captured registration for entry stockpile_switch of type minecraft:item
[06Dec2025 14:08:54.139] [modloading-worker-0/DEBUG] [com.tterrag.registrate.AbstractRegistrate/REGISTRATE.REGISTER]: Captured registration for entry stockpile_switch of type minecraft:block
[06Dec2025 14:08:54.140] [modloading-worker-0/DEBUG] [com.tterrag.registrate.AbstractRegistrate/REGISTRATE.REGISTER]: Captured registration for entry creative_crate of type minecraft:item
[06Dec2025 14:08:54.140] [modloading-worker-0/DEBUG] [com.tterrag.registrate.AbstractRegistrate/REGISTRATE.REGISTER]: Captured registration for entry creative_crate of type minecraft:block
[06Dec2025 14:08:54.143] [modloading-worker-0/DEBUG] [com.tterrag.registrate.AbstractRegistrate/REGISTRATE.REGISTER]: Captured registration for entry item_vault of type minecraft:item
[06Dec2025 14:08:54.143] [modloading-worker-0/DEBUG] [com.tterrag.registrate.AbstractRegistrate/REGISTRATE.REGISTER]: Captured registration for entry item_vault of type minecraft:block
[06Dec2025 14:08:54.144] [modloading-worker-0/DEBUG] [com.tterrag.registrate.AbstractRegistrate/REGISTRATE.REGISTER]: Captured registration for entry item_hatch of type minecraft:item
[06Dec2025 14:08:54.144] [modloading-worker-0/DEBUG] [com.tterrag.registrate.AbstractRegistrate/REGISTRATE.REGISTER]: Captured registration for entry item_hatch of type minecraft:block
[06Dec2025 14:08:54.145] [modloading-worker-0/DEBUG] [com.tterrag.registrate.AbstractRegistrate/REGISTRATE.REGISTER]: Captured registration for entry packager of type minecraft:item
[06Dec2025 14:08:54.145] [modloading-worker-0/DEBUG] [com.tterrag.registrate.AbstractRegistrate/REGISTRATE.REGISTER]: Captured registration for entry packager of type minecraft:block
[06Dec2025 14:08:54.146] [modloading-worker-0/DEBUG] [com.tterrag.registrate.AbstractRegistrate/REGISTRATE.REGISTER]: Captured registration for entry repackager of type minecraft:item
[06Dec2025 14:08:54.146] [modloading-worker-0/DEBUG] [com.tterrag.registrate.AbstractRegistrate/REGISTRATE.REGISTER]: Captured registration for entry repackager of type minecraft:block
[06Dec2025 14:08:54.147] [modloading-worker-0/DEBUG] [com.tterrag.registrate.AbstractRegistrate/REGISTRATE.REGISTER]: Captured registration for entry package_frogport of type minecraft:item
[06Dec2025 14:08:54.147] [modloading-worker-0/DEBUG] [com.tterrag.registrate.AbstractRegistrate/REGISTRATE.REGISTER]: Captured registration for entry package_frogport of type minecraft:block
[06Dec2025 14:08:54.148] [modloading-worker-0/DEBUG] [com.tterrag.registrate.AbstractRegistrate/REGISTRATE.REGISTER]: Captured registration for entry white_postbox of type minecraft:item
[06Dec2025 14:08:54.148] [modloading-worker-0/DEBUG] [com.tterrag.registrate.AbstractRegistrate/REGISTRATE.REGISTER]: Captured registration for entry white_postbox of type minecraft:block
[06Dec2025 14:08:54.148] [modloading-worker-0/DEBUG] [com.tterrag.registrate.AbstractRegistrate/REGISTRATE.REGISTER]: Captured registration for entry orange_postbox of type minecraft:item
[06Dec2025 14:08:54.148] [modloading-worker-0/DEBUG] [com.tterrag.registrate.AbstractRegistrate/REGISTRATE.REGISTER]: Captured registration for entry orange_postbox of type minecraft:block
[06Dec2025 14:08:54.148] [modloading-worker-0/DEBUG] [com.tterrag.registrate.AbstractRegistrate/REGISTRATE.REGISTER]: Captured registration for entry magenta_postbox of type minecraft:item
[06Dec2025 14:08:54.148] [modloading-worker-0/DEBUG] [com.tterrag.registrate.AbstractRegistrate/REGISTRATE.REGISTER]: Captured registration for entry magenta_postbox of type minecraft:block
[06Dec2025 14:08:54.148] [modloading-worker-0/DEBUG] [com.tterrag.registrate.AbstractRegistrate/REGISTRATE.REGISTER]: Captured registration for entry light_blue_postbox of type minecraft:item
[06Dec2025 14:08:54.148] [modloading-worker-0/DEBUG] [com.tterrag.registrate.AbstractRegistrate/REGISTRATE.REGISTER]: Captured registration for entry light_blue_postbox of type minecraft:block
[06Dec2025 14:08:54.148] [modloading-worker-0/DEBUG] [com.tterrag.registrate.AbstractRegistrate/REGISTRATE.REGISTER]: Captured registration for entry yellow_postbox of type minecraft:item
[06Dec2025 14:08:54.148] [modloading-worker-0/DEBUG] [com.tterrag.registrate.AbstractRegistrate/REGISTRATE.REGISTER]: Captured registration for entry yellow_postbox of type minecraft:block
[06Dec2025 14:08:54.148] [modloading-worker-0/DEBUG] [com.tterrag.registrate.AbstractRegistrate/REGISTRATE.REGISTER]: Captured registration for entry lime_postbox of type minecraft:item
[06Dec2025 14:08:54.148] [modloading-worker-0/DEBUG] [com.tterrag.registrate.AbstractRegistrate/REGISTRATE.REGISTER]: Captured registration for entry lime_postbox of type minecraft:block
[06Dec2025 14:08:54.148] [modloading-worker-0/DEBUG] [com.tterrag.registrate.AbstractRegistrate/REGISTRATE.REGISTER]: Captured registration for entry pink_postbox of type minecraft:item
[06Dec2025 14:08:54.148] [modloading-worker-0/DEBUG] [com.tterrag.registrate.AbstractRegistrate/REGISTRATE.REGISTER]: Captured registration for entry pink_postbox of type minecraft:block
[06Dec2025 14:08:54.148] [modloading-worker-0/DEBUG] [com.tterrag.registrate.AbstractRegistrate/REGISTRATE.REGISTER]: Captured registration for entry gray_postbox of type minecraft:item
[06Dec2025 14:08:54.148] [modloading-worker-0/DEBUG] [com.tterrag.registrate.AbstractRegistrate/REGISTRATE.REGISTER]: Captured registration for entry gray_postbox of type minecraft:block
[06Dec2025 14:08:54.148] [modloading-worker-0/DEBUG] [com.tterrag.registrate.AbstractRegistrate/REGISTRATE.REGISTER]: Captured registration for entry light_gray_postbox of type minecraft:item
[06Dec2025 14:08:54.148] [modloading-worker-0/DEBUG] [com.tterrag.registrate.AbstractRegistrate/REGISTRATE.REGISTER]: Captured registration for entry light_gray_postbox of type minecraft:block
[06Dec2025 14:08:54.148] [modloading-worker-0/DEBUG] [com.tterrag.registrate.AbstractRegistrate/REGISTRATE.REGISTER]: Captured registration for entry cyan_postbox of type minecraft:item
[06Dec2025 14:08:54.148] [modloading-worker-0/DEBUG] [com.tterrag.registrate.AbstractRegistrate/REGISTRATE.REGISTER]: Captured registration for entry cyan_postbox of type minecraft:block
[06Dec2025 14:08:54.149] [modloading-worker-0/DEBUG] [com.tterrag.registrate.AbstractRegistrate/REGISTRATE.REGISTER]: Captured registration for entry purple_postbox of type minecraft:item
[06Dec2025 14:08:54.149] [modloading-worker-0/DEBUG] [com.tterrag.registrate.AbstractRegistrate/REGISTRATE.REGISTER]: Captured registration for entry purple_postbox of type minecraft:block
[06Dec2025 14:08:54.149] [modloading-worker-0/DEBUG] [com.tterrag.registrate.AbstractRegistrate/REGISTRATE.REGISTER]: Captured registration for entry blue_postbox of type minecraft:item
[06Dec2025 14:08:54.149] [modloading-worker-0/DEBUG] [com.tterrag.registrate.AbstractRegistrate/REGISTRATE.REGISTER]: Captured registration for entry blue_postbox of type minecraft:block
[06Dec2025 14:08:54.149] [modloading-worker-0/DEBUG] [com.tterrag.registrate.AbstractRegistrate/REGISTRATE.REGISTER]: Captured registration for entry brown_postbox of type minecraft:item
[06Dec2025 14:08:54.149] [modloading-worker-0/DEBUG] [com.tterrag.registrate.AbstractRegistrate/REGISTRATE.REGISTER]: Captured registration for entry brown_postbox of type minecraft:block
[06Dec2025 14:08:54.149] [modloading-worker-0/DEBUG] [com.tterrag.registrate.AbstractRegistrate/REGISTRATE.REGISTER]: Captured registration for entry green_postbox of type minecraft:item
[06Dec2025 14:08:54.149] [modloading-worker-0/DEBUG] [com.tterrag.registrate.AbstractRegistrate/REGISTRATE.REGISTER]: Captured registration for entry green_postbox of type minecraft:block
[06Dec2025 14:08:54.149] [modloading-worker-0/DEBUG] [com.tterrag.registrate.AbstractRegistrate/REGISTRATE.REGISTER]: Captured registration for entry red_postbox of type minecraft:item
[06Dec2025 14:08:54.149] [modloading-worker-0/DEBUG] [com.tterrag.registrate.AbstractRegistrate/REGISTRATE.REGISTER]: Captured registration for entry red_postbox of type minecraft:block
[06Dec2025 14:08:54.149] [modloading-worker-0/DEBUG] [com.tterrag.registrate.AbstractRegistrate/REGISTRATE.REGISTER]: Captured registration for entry black_postbox of type minecraft:item
[06Dec2025 14:08:54.149] [modloading-worker-0/DEBUG] [com.tterrag.registrate.AbstractRegistrate/REGISTRATE.REGISTER]: Captured registration for entry black_postbox of type minecraft:block
[06Dec2025 14:08:54.151] [modloading-worker-0/DEBUG] [com.tterrag.registrate.AbstractRegistrate/REGISTRATE.REGISTER]: Captured registration for entry stock_link of type minecraft:item
[06Dec2025 14:08:54.151] [modloading-worker-0/DEBUG] [com.tterrag.registrate.AbstractRegistrate/REGISTRATE.REGISTER]: Captured registration for entry stock_link of type minecraft:block
[06Dec2025 14:08:54.152] [modloading-worker-0/DEBUG] [com.tterrag.registrate.AbstractRegistrate/REGISTRATE.REGISTER]: Captured registration for entry stock_ticker of type minecraft:item
[06Dec2025 14:08:54.152] [modloading-worker-0/DEBUG] [com.tterrag.registrate.AbstractRegistrate/REGISTRATE.REGISTER]: Captured registration for entry stock_ticker of type minecraft:block
[06Dec2025 14:08:54.153] [modloading-worker-0/DEBUG] [com.tterrag.registrate.AbstractRegistrate/REGISTRATE.REGISTER]: Captured registration for entry redstone_requester of type minecraft:item
[06Dec2025 14:08:54.153] [modloading-worker-0/DEBUG] [com.tterrag.registrate.AbstractRegistrate/REGISTRATE.REGISTER]: Captured registration for entry redstone_requester of type minecraft:block
[06Dec2025 14:08:54.155] [modloading-worker-0/DEBUG] [com.tterrag.registrate.AbstractRegistrate/REGISTRATE.REGISTER]: Captured registration for entry factory_gauge of type minecraft:item
[06Dec2025 14:08:54.155] [modloading-worker-0/DEBUG] [com.tterrag.registrate.AbstractRegistrate/REGISTRATE.REGISTER]: Captured registration for entry factory_gauge of type minecraft:block
[06Dec2025 14:08:54.157] [modloading-worker-0/DEBUG] [com.tterrag.registrate.AbstractRegistrate/REGISTRATE.REGISTER]: Captured registration for entry white_table_cloth of type minecraft:item
[06Dec2025 14:08:54.157] [modloading-worker-0/DEBUG] [com.tterrag.registrate.AbstractRegistrate/REGISTRATE.REGISTER]: Captured registration for entry white_table_cloth of type minecraft:block
[06Dec2025 14:08:54.157] [modloading-worker-0/DEBUG] [com.tterrag.registrate.AbstractRegistrate/REGISTRATE.REGISTER]: Captured registration for entry orange_table_cloth of type minecraft:item
[06Dec2025 14:08:54.157] [modloading-worker-0/DEBUG] [com.tterrag.registrate.AbstractRegistrate/REGISTRATE.REGISTER]: Captured registration for entry orange_table_cloth of type minecraft:block
[06Dec2025 14:08:54.157] [modloading-worker-0/DEBUG] [com.tterrag.registrate.AbstractRegistrate/REGISTRATE.REGISTER]: Captured registration for entry magenta_table_cloth of type minecraft:item
[06Dec2025 14:08:54.157] [modloading-worker-0/DEBUG] [com.tterrag.registrate.AbstractRegistrate/REGISTRATE.REGISTER]: Captured registration for entry magenta_table_cloth of type minecraft:block
[06Dec2025 14:08:54.157] [modloading-worker-0/DEBUG] [com.tterrag.registrate.AbstractRegistrate/REGISTRATE.REGISTER]: Captured registration for entry light_blue_table_cloth of type minecraft:item
[06Dec2025 14:08:54.157] [modloading-worker-0/DEBUG] [com.tterrag.registrate.AbstractRegistrate/REGISTRATE.REGISTER]: Captured registration for entry light_blue_table_cloth of type minecraft:block
[06Dec2025 14:08:54.157] [modloading-worker-0/DEBUG] [com.tterrag.registrate.AbstractRegistrate/REGISTRATE.REGISTER]: Captured registration for entry yellow_table_cloth of type minecraft:item
[06Dec2025 14:08:54.157] [modloading-worker-0/DEBUG] [com.tterrag.registrate.AbstractRegistrate/REGISTRATE.REGISTER]: Captured registration for entry yellow_table_cloth of type minecraft:block
[06Dec2025 14:08:54.158] [modloading-worker-0/DEBUG] [com.tterrag.registrate.AbstractRegistrate/REGISTRATE.REGISTER]: Captured registration for entry lime_table_cloth of type minecraft:item
[06Dec2025 14:08:54.158] [modloading-worker-0/DEBUG] [com.tterrag.registrate.AbstractRegistrate/REGISTRATE.REGISTER]: Captured registration for entry lime_table_cloth of type minecraft:block
[06Dec2025 14:08:54.158] [modloading-worker-0/DEBUG] [com.tterrag.registrate.AbstractRegistrate/REGISTRATE.REGISTER]: Captured registration for entry pink_table_cloth of type minecraft:item
[06Dec2025 14:08:54.158] [modloading-worker-0/DEBUG] [com.tterrag.registrate.AbstractRegistrate/REGISTRATE.REGISTER]: Captured registration for entry pink_table_cloth of type minecraft:block
[06Dec2025 14:08:54.158] [modloading-worker-0/DEBUG] [com.tterrag.registrate.AbstractRegistrate/REGISTRATE.REGISTER]: Captured registration for entry gray_table_cloth of type minecraft:item
[06Dec2025 14:08:54.158] [modloading-worker-0/DEBUG] [com.tterrag.registrate.AbstractRegistrate/REGISTRATE.REGISTER]: Captured registration for entry gray_table_cloth of type minecraft:block
[06Dec2025 14:08:54.158] [modloading-worker-0/DEBUG] [com.tterrag.registrate.AbstractRegistrate/REGISTRATE.REGISTER]: Captured registration for entry light_gray_table_cloth of type minecraft:item
[06Dec2025 14:08:54.158] [modloading-worker-0/DEBUG] [com.tterrag.registrate.AbstractRegistrate/REGISTRATE.REGISTER]: Captured registration for entry light_gray_table_cloth of type minecraft:block
[06Dec2025 14:08:54.158] [modloading-worker-0/DEBUG] [com.tterrag.registrate.AbstractRegistrate/REGISTRATE.REGISTER]: Captured registration for entry cyan_table_cloth of type minecraft:item
[06Dec2025 14:08:54.158] [modloading-worker-0/DEBUG] [com.tterrag.registrate.AbstractRegistrate/REGISTRATE.REGISTER]: Captured registration for entry cyan_table_cloth of type minecraft:block
[06Dec2025 14:08:54.158] [modloading-worker-0/DEBUG] [com.tterrag.registrate.AbstractRegistrate/REGISTRATE.REGISTER]: Captured registration for entry purple_table_cloth of type minecraft:item
[06Dec2025 14:08:54.158] [modloading-worker-0/DEBUG] [com.tterrag.registrate.AbstractRegistrate/REGISTRATE.REGISTER]: Captured registration for entry purple_table_cloth of type minecraft:block
[06Dec2025 14:08:54.158] [modloading-worker-0/DEBUG] [com.tterrag.registrate.AbstractRegistrate/REGISTRATE.REGISTER]: Captured registration for entry blue_table_cloth of type minecraft:item
[06Dec2025 14:08:54.158] [modloading-worker-0/DEBUG] [com.tterrag.registrate.AbstractRegistrate/REGISTRATE.REGISTER]: Captured registration for entry blue_table_cloth of type minecraft:block
[06Dec2025 14:08:54.158] [modloading-worker-0/DEBUG] [com.tterrag.registrate.AbstractRegistrate/REGISTRATE.REGISTER]: Captured registration for entry brown_table_cloth of type minecraft:item
[06Dec2025 14:08:54.158] [modloading-worker-0/DEBUG] [com.tterrag.registrate.AbstractRegistrate/REGISTRATE.REGISTER]: Captured registration for entry brown_table_cloth of type minecraft:block
[06Dec2025 14:08:54.158] [modloading-worker-0/DEBUG] [com.tterrag.registrate.AbstractRegistrate/REGISTRATE.REGISTER]: Captured registration for entry green_table_cloth of type minecraft:item
[06Dec2025 14:08:54.158] [modloading-worker-0/DEBUG] [com.tterrag.registrate.AbstractRegistrate/REGISTRATE.REGISTER]: Captured registration for entry green_table_cloth of type minecraft:block
[06Dec2025 14:08:54.158] [modloading-worker-0/DEBUG] [com.tterrag.registrate.AbstractRegistrate/REGISTRATE.REGISTER]: Captured registration for entry red_table_cloth of type minecraft:item
[06Dec2025 14:08:54.158] [modloading-worker-0/DEBUG] [com.tterrag.registrate.AbstractRegistrate/REGISTRATE.REGISTER]: Captured registration for entry red_table_cloth of type minecraft:block
[06Dec2025 14:08:54.158] [modloading-worker-0/DEBUG] [com.tterrag.registrate.AbstractRegistrate/REGISTRATE.REGISTER]: Captured registration for entry black_table_cloth of type minecraft:item
[06Dec2025 14:08:54.158] [modloading-worker-0/DEBUG] [com.tterrag.registrate.AbstractRegistrate/REGISTRATE.REGISTER]: Captured registration for entry black_table_cloth of type minecraft:block
[06Dec2025 14:08:54.158] [modloading-worker-0/DEBUG] [com.tterrag.registrate.AbstractRegistrate/REGISTRATE.REGISTER]: Captured registration for entry andesite_table_cloth of type minecraft:item
[06Dec2025 14:08:54.159] [modloading-worker-0/DEBUG] [com.tterrag.registrate.AbstractRegistrate/REGISTRATE.REGISTER]: Captured registration for entry andesite_table_cloth of type minecraft:block
[06Dec2025 14:08:54.159] [modloading-worker-0/DEBUG] [com.tterrag.registrate.AbstractRegistrate/REGISTRATE.REGISTER]: Captured registration for entry brass_table_cloth of type minecraft:item
[06Dec2025 14:08:54.159] [modloading-worker-0/DEBUG] [com.tterrag.registrate.AbstractRegistrate/REGISTRATE.REGISTER]: Captured registration for entry brass_table_cloth of type minecraft:block
[06Dec2025 14:08:54.159] [modloading-worker-0/DEBUG] [com.tterrag.registrate.AbstractRegistrate/REGISTRATE.REGISTER]: Captured registration for entry copper_table_cloth of type minecraft:item
[06Dec2025 14:08:54.159] [modloading-worker-0/DEBUG] [com.tterrag.registrate.AbstractRegistrate/REGISTRATE.REGISTER]: Captured registration for entry copper_table_cloth of type minecraft:block
[06Dec2025 14:08:54.162] [modloading-worker-0/DEBUG] [com.tterrag.registrate.AbstractRegistrate/REGISTRATE.REGISTER]: Captured registration for entry display_link of type minecraft:item
[06Dec2025 14:08:54.162] [modloading-worker-0/DEBUG] [com.tterrag.registrate.AbstractRegistrate/REGISTRATE.REGISTER]: Captured registration for entry display_link of type minecraft:block
[06Dec2025 14:08:54.164] [modloading-worker-0/DEBUG] [com.tterrag.registrate.AbstractRegistrate/REGISTRATE.REGISTER]: Captured registration for entry display_board of type minecraft:item
[06Dec2025 14:08:54.164] [modloading-worker-0/DEBUG] [com.tterrag.registrate.AbstractRegistrate/REGISTRATE.REGISTER]: Captured registration for entry display_board of type minecraft:block
[06Dec2025 14:08:54.165] [modloading-worker-0/DEBUG] [com.tterrag.registrate.AbstractRegistrate/REGISTRATE.REGISTER]: Captured registration for entry nixie_tube of type minecraft:item
[06Dec2025 14:08:54.165] [modloading-worker-0/DEBUG] [com.tterrag.registrate.AbstractRegistrate/REGISTRATE.REGISTER]: Captured registration for entry nixie_tube of type minecraft:block
[06Dec2025 14:08:54.165] [modloading-worker-0/DEBUG] [com.tterrag.registrate.AbstractRegistrate/REGISTRATE.REGISTER]: Captured registration for entry white_nixie_tube of type minecraft:block
[06Dec2025 14:08:54.165] [modloading-worker-0/DEBUG] [com.tterrag.registrate.AbstractRegistrate/REGISTRATE.REGISTER]: Captured registration for entry magenta_nixie_tube of type minecraft:block
[06Dec2025 14:08:54.165] [modloading-worker-0/DEBUG] [com.tterrag.registrate.AbstractRegistrate/REGISTRATE.REGISTER]: Captured registration for entry light_blue_nixie_tube of type minecraft:block
[06Dec2025 14:08:54.165] [modloading-worker-0/DEBUG] [com.tterrag.registrate.AbstractRegistrate/REGISTRATE.REGISTER]: Captured registration for entry yellow_nixie_tube of type minecraft:block
[06Dec2025 14:08:54.165] [modloading-worker-0/DEBUG] [com.tterrag.registrate.AbstractRegistrate/REGISTRATE.REGISTER]: Captured registration for entry lime_nixie_tube of type minecraft:block
[06Dec2025 14:08:54.165] [modloading-worker-0/DEBUG] [com.tterrag.registrate.AbstractRegistrate/REGISTRATE.REGISTER]: Captured registration for entry pink_nixie_tube of type minecraft:block
[06Dec2025 14:08:54.165] [modloading-worker-0/DEBUG] [com.tterrag.registrate.AbstractRegistrate/REGISTRATE.REGISTER]: Captured registration for entry gray_nixie_tube of type minecraft:block
[06Dec2025 14:08:54.165] [modloading-worker-0/DEBUG] [com.tterrag.registrate.AbstractRegistrate/REGISTRATE.REGISTER]: Captured registration for entry light_gray_nixie_tube of type minecraft:block
[06Dec2025 14:08:54.165] [modloading-worker-0/DEBUG] [com.tterrag.registrate.AbstractRegistrate/REGISTRATE.REGISTER]: Captured registration for entry cyan_nixie_tube of type minecraft:block
[06Dec2025 14:08:54.165] [modloading-worker-0/DEBUG] [com.tterrag.registrate.AbstractRegistrate/REGISTRATE.REGISTER]: Captured registration for entry purple_nixie_tube of type minecraft:block
[06Dec2025 14:08:54.165] [modloading-worker-0/DEBUG] [com.tterrag.registrate.AbstractRegistrate/REGISTRATE.REGISTER]: Captured registration for entry blue_nixie_tube of type minecraft:block
[06Dec2025 14:08:54.165] [modloading-worker-0/DEBUG] [com.tterrag.registrate.AbstractRegistrate/REGISTRATE.REGISTER]: Captured registration for entry brown_nixie_tube of type minecraft:block
[06Dec2025 14:08:54.165] [modloading-worker-0/DEBUG] [com.tterrag.registrate.AbstractRegistrate/REGISTRATE.REGISTER]: Captured registration for entry green_nixie_tube of type minecraft:block
[06Dec2025 14:08:54.165] [modloading-worker-0/DEBUG] [com.tterrag.registrate.AbstractRegistrate/REGISTRATE.REGISTER]: Captured registration for entry red_nixie_tube of type minecraft:block
[06Dec2025 14:08:54.165] [modloading-worker-0/DEBUG] [com.tterrag.registrate.AbstractRegistrate/REGISTRATE.REGISTER]: Captured registration for entry black_nixie_tube of type minecraft:block
[06Dec2025 14:08:54.166] [modloading-worker-0/DEBUG] [com.tterrag.registrate.AbstractRegistrate/REGISTRATE.REGISTER]: Captured registration for entry rose_quartz_lamp of type minecraft:item
[06Dec2025 14:08:54.166] [modloading-worker-0/DEBUG] [com.tterrag.registrate.AbstractRegistrate/REGISTRATE.REGISTER]: Captured registration for entry rose_quartz_lamp of type minecraft:block
[06Dec2025 14:08:54.168] [modloading-worker-0/DEBUG] [com.tterrag.registrate.AbstractRegistrate/REGISTRATE.REGISTER]: Captured registration for entry redstone_link of type minecraft:item
[06Dec2025 14:08:54.168] [modloading-worker-0/DEBUG] [com.tterrag.registrate.AbstractRegistrate/REGISTRATE.REGISTER]: Captured registration for entry redstone_link of type minecraft:block
[06Dec2025 14:08:54.169] [modloading-worker-0/DEBUG] [com.tterrag.registrate.AbstractRegistrate/REGISTRATE.REGISTER]: Captured registration for entry analog_lever of type minecraft:item
[06Dec2025 14:08:54.169] [modloading-worker-0/DEBUG] [com.tterrag.registrate.AbstractRegistrate/REGISTRATE.REGISTER]: Captured registration for entry analog_lever of type minecraft:block
[06Dec2025 14:08:54.170] [modloading-worker-0/DEBUG] [com.tterrag.registrate.AbstractRegistrate/REGISTRATE.REGISTER]: Captured registration for entry placard of type minecraft:item
[06Dec2025 14:08:54.170] [modloading-worker-0/DEBUG] [com.tterrag.registrate.AbstractRegistrate/REGISTRATE.REGISTER]: Captured registration for entry placard of type minecraft:block
[06Dec2025 14:08:54.171] [modloading-worker-0/DEBUG] [com.tterrag.registrate.AbstractRegistrate/REGISTRATE.REGISTER]: Captured registration for entry pulse_repeater of type minecraft:item
[06Dec2025 14:08:54.172] [modloading-worker-0/DEBUG] [com.tterrag.registrate.AbstractRegistrate/REGISTRATE.REGISTER]: Captured registration for entry pulse_repeater of type minecraft:block
[06Dec2025 14:08:54.172] [modloading-worker-0/DEBUG] [com.tterrag.registrate.AbstractRegistrate/REGISTRATE.REGISTER]: Captured registration for entry pulse_extender of type minecraft:item
[06Dec2025 14:08:54.172] [modloading-worker-0/DEBUG] [com.tterrag.registrate.AbstractRegistrate/REGISTRATE.REGISTER]: Captured registration for entry pulse_extender of type minecraft:block
[06Dec2025 14:08:54.172] [modloading-worker-0/DEBUG] [com.tterrag.registrate.AbstractRegistrate/REGISTRATE.REGISTER]: Captured registration for entry pulse_timer of type minecraft:item
[06Dec2025 14:08:54.172] [modloading-worker-0/DEBUG] [com.tterrag.registrate.AbstractRegistrate/REGISTRATE.REGISTER]: Captured registration for entry pulse_timer of type minecraft:block
[06Dec2025 14:08:54.174] [modloading-worker-0/DEBUG] [com.tterrag.registrate.AbstractRegistrate/REGISTRATE.REGISTER]: Captured registration for entry powered_latch of type minecraft:item
[06Dec2025 14:08:54.174] [modloading-worker-0/DEBUG] [com.tterrag.registrate.AbstractRegistrate/REGISTRATE.REGISTER]: Captured registration for entry powered_latch of type minecraft:block
[06Dec2025 14:08:54.174] [modloading-worker-0/DEBUG] [com.tterrag.registrate.AbstractRegistrate/REGISTRATE.REGISTER]: Captured registration for entry powered_toggle_latch of type minecraft:item
[06Dec2025 14:08:54.174] [modloading-worker-0/DEBUG] [com.tterrag.registrate.AbstractRegistrate/REGISTRATE.REGISTER]: Captured registration for entry powered_toggle_latch of type minecraft:block
[06Dec2025 14:08:54.175] [modloading-worker-0/DEBUG] [com.tterrag.registrate.AbstractRegistrate/REGISTRATE.REGISTER]: Captured registration for entry lectern_controller of type minecraft:block
[06Dec2025 14:08:54.177] [modloading-worker-0/DEBUG] [com.tterrag.registrate.AbstractRegistrate/REGISTRATE.REGISTER]: Captured registration for entry wheat_flour of type minecraft:item
[06Dec2025 14:08:54.177] [modloading-worker-0/DEBUG] [com.tterrag.registrate.AbstractRegistrate/REGISTRATE.REGISTER]: Captured registration for entry dough of type minecraft:item
[06Dec2025 14:08:54.178] [modloading-worker-0/DEBUG] [com.tterrag.registrate.AbstractRegistrate/REGISTRATE.REGISTER]: Captured registration for entry cinder_flour of type minecraft:item
[06Dec2025 14:08:54.178] [modloading-worker-0/DEBUG] [com.tterrag.registrate.AbstractRegistrate/REGISTRATE.REGISTER]: Captured registration for entry rose_quartz of type minecraft:item
[06Dec2025 14:08:54.178] [modloading-worker-0/DEBUG] [com.tterrag.registrate.AbstractRegistrate/REGISTRATE.REGISTER]: Captured registration for entry polished_rose_quartz of type minecraft:item
[06Dec2025 14:08:54.178] [modloading-worker-0/DEBUG] [com.tterrag.registrate.AbstractRegistrate/REGISTRATE.REGISTER]: Captured registration for entry powdered_obsidian of type minecraft:item
[06Dec2025 14:08:54.178] [modloading-worker-0/DEBUG] [com.tterrag.registrate.AbstractRegistrate/REGISTRATE.REGISTER]: Captured registration for entry sturdy_sheet of type minecraft:item
[06Dec2025 14:08:54.178] [modloading-worker-0/DEBUG] [com.tterrag.registrate.AbstractRegistrate/REGISTRATE.REGISTER]: Captured registration for entry propeller of type minecraft:item
[06Dec2025 14:08:54.178] [modloading-worker-0/DEBUG] [com.tterrag.registrate.AbstractRegistrate/REGISTRATE.REGISTER]: Captured registration for entry whisk of type minecraft:item
[06Dec2025 14:08:54.178] [modloading-worker-0/DEBUG] [com.tterrag.registrate.AbstractRegistrate/REGISTRATE.REGISTER]: Captured registration for entry brass_hand of type minecraft:item
[06Dec2025 14:08:54.178] [modloading-worker-0/DEBUG] [com.tterrag.registrate.AbstractRegistrate/REGISTRATE.REGISTER]: Captured registration for entry crafter_slot_cover of type minecraft:item
[06Dec2025 14:08:54.178] [modloading-worker-0/DEBUG] [com.tterrag.registrate.AbstractRegistrate/REGISTRATE.REGISTER]: Captured registration for entry electron_tube of type minecraft:item
[06Dec2025 14:08:54.178] [modloading-worker-0/DEBUG] [com.tterrag.registrate.AbstractRegistrate/REGISTRATE.REGISTER]: Captured registration for entry transmitter of type minecraft:item
[06Dec2025 14:08:54.178] [modloading-worker-0/DEBUG] [com.tterrag.registrate.AbstractRegistrate/REGISTRATE.REGISTER]: Captured registration for entry pulp of type minecraft:item
[06Dec2025 14:08:54.178] [modloading-worker-0/DEBUG] [com.tterrag.registrate.AbstractRegistrate/REGISTRATE.REGISTER]: Captured registration for entry cardboard of type minecraft:item
[06Dec2025 14:08:54.179] [modloading-worker-0/DEBUG] [com.tterrag.registrate.AbstractRegistrate/REGISTRATE.REGISTER]: Captured registration for entry incomplete_precision_mechanism of type minecraft:item
[06Dec2025 14:08:54.179] [modloading-worker-0/DEBUG] [com.tterrag.registrate.AbstractRegistrate/REGISTRATE.REGISTER]: Captured registration for entry unprocessed_obsidian_sheet of type minecraft:item
[06Dec2025 14:08:54.179] [modloading-worker-0/DEBUG] [com.tterrag.registrate.AbstractRegistrate/REGISTRATE.REGISTER]: Captured registration for entry incomplete_track of type minecraft:item
[06Dec2025 14:08:54.179] [modloading-worker-0/DEBUG] [com.tterrag.registrate.AbstractRegistrate/REGISTRATE.REGISTER]: Captured registration for entry precision_mechanism of type minecraft:item
[06Dec2025 14:08:54.179] [modloading-worker-0/DEBUG] [com.tterrag.registrate.AbstractRegistrate/REGISTRATE.REGISTER]: Captured registration for entry blaze_cake_base of type minecraft:item
[06Dec2025 14:08:54.179] [modloading-worker-0/DEBUG] [com.tterrag.registrate.AbstractRegistrate/REGISTRATE.REGISTER]: Captured registration for entry blaze_cake of type minecraft:item
[06Dec2025 14:08:54.179] [modloading-worker-0/DEBUG] [com.tterrag.registrate.AbstractRegistrate/REGISTRATE.REGISTER]: Captured registration for entry creative_blaze_cake of type minecraft:item
[06Dec2025 14:08:54.179] [modloading-worker-0/DEBUG] [com.tterrag.registrate.AbstractRegistrate/REGISTRATE.REGISTER]: Captured registration for entry bar_of_chocolate of type minecraft:item
[06Dec2025 14:08:54.179] [modloading-worker-0/DEBUG] [com.tterrag.registrate.AbstractRegistrate/REGISTRATE.REGISTER]: Captured registration for entry sweet_roll of type minecraft:item
[06Dec2025 14:08:54.180] [modloading-worker-0/DEBUG] [com.tterrag.registrate.AbstractRegistrate/REGISTRATE.REGISTER]: Captured registration for entry chocolate_glazed_berries of type minecraft:item
[06Dec2025 14:08:54.180] [modloading-worker-0/DEBUG] [com.tterrag.registrate.AbstractRegistrate/REGISTRATE.REGISTER]: Captured registration for entry honeyed_apple of type minecraft:item
[06Dec2025 14:08:54.180] [modloading-worker-0/DEBUG] [com.tterrag.registrate.AbstractRegistrate/REGISTRATE.REGISTER]: Captured registration for entry builders_tea of type minecraft:item
[06Dec2025 14:08:54.183] [modloading-worker-0/DEBUG] [com.tterrag.registrate.AbstractRegistrate/REGISTRATE.REGISTER]: Captured registration for entry cardboard_sword of type minecraft:item
[06Dec2025 14:08:54.183] [modloading-worker-0/DEBUG] [com.tterrag.registrate.AbstractRegistrate/REGISTRATE.REGISTER]: Captured registration for entry raw_zinc of type minecraft:item
[06Dec2025 14:08:54.183] [modloading-worker-0/DEBUG] [com.tterrag.registrate.AbstractRegistrate/REGISTRATE.REGISTER]: Captured registration for entry andesite_alloy of type minecraft:item
[06Dec2025 14:08:54.183] [modloading-worker-0/DEBUG] [com.tterrag.registrate.AbstractRegistrate/REGISTRATE.REGISTER]: Captured registration for entry zinc_ingot of type minecraft:item
[06Dec2025 14:08:54.183] [modloading-worker-0/DEBUG] [com.tterrag.registrate.AbstractRegistrate/REGISTRATE.REGISTER]: Captured registration for entry brass_ingot of type minecraft:item
[06Dec2025 14:08:54.184] [modloading-worker-0/DEBUG] [com.tterrag.registrate.AbstractRegistrate/REGISTRATE.REGISTER]: Captured registration for entry chromatic_compound of type minecraft:item
[06Dec2025 14:08:54.185] [modloading-worker-0/DEBUG] [com.tterrag.registrate.AbstractRegistrate/REGISTRATE.REGISTER]: Captured registration for entry shadow_steel of type minecraft:item
[06Dec2025 14:08:54.186] [modloading-worker-0/DEBUG] [com.tterrag.registrate.AbstractRegistrate/REGISTRATE.REGISTER]: Captured registration for entry refined_radiance of type minecraft:item
[06Dec2025 14:08:54.186] [modloading-worker-0/DEBUG] [com.tterrag.registrate.AbstractRegistrate/REGISTRATE.REGISTER]: Captured registration for entry copper_nugget of type minecraft:item
[06Dec2025 14:08:54.186] [modloading-worker-0/DEBUG] [com.tterrag.registrate.AbstractRegistrate/REGISTRATE.REGISTER]: Captured registration for entry zinc_nugget of type minecraft:item
[06Dec2025 14:08:54.186] [modloading-worker-0/DEBUG] [com.tterrag.registrate.AbstractRegistrate/REGISTRATE.REGISTER]: Captured registration for entry brass_nugget of type minecraft:item
[06Dec2025 14:08:54.186] [modloading-worker-0/DEBUG] [com.tterrag.registrate.AbstractRegistrate/REGISTRATE.REGISTER]: Captured registration for entry experience_nugget of type minecraft:item
[06Dec2025 14:08:54.186] [modloading-worker-0/DEBUG] [com.tterrag.registrate.AbstractRegistrate/REGISTRATE.REGISTER]: Captured registration for entry copper_sheet of type minecraft:item
[06Dec2025 14:08:54.186] [modloading-worker-0/DEBUG] [com.tterrag.registrate.AbstractRegistrate/REGISTRATE.REGISTER]: Captured registration for entry brass_sheet of type minecraft:item
[06Dec2025 14:08:54.186] [modloading-worker-0/DEBUG] [com.tterrag.registrate.AbstractRegistrate/REGISTRATE.REGISTER]: Captured registration for entry iron_sheet of type minecraft:item
[06Dec2025 14:08:54.186] [modloading-worker-0/DEBUG] [com.tterrag.registrate.AbstractRegistrate/REGISTRATE.REGISTER]: Captured registration for entry golden_sheet of type minecraft:item
[06Dec2025 14:08:54.186] [modloading-worker-0/DEBUG] [com.tterrag.registrate.AbstractRegistrate/REGISTRATE.REGISTER]: Captured registration for entry crushed_raw_iron of type minecraft:item
[06Dec2025 14:08:54.186] [modloading-worker-0/DEBUG] [com.tterrag.registrate.AbstractRegistrate/REGISTRATE.REGISTER]: Captured registration for entry crushed_raw_gold of type minecraft:item
[06Dec2025 14:08:54.186] [modloading-worker-0/DEBUG] [com.tterrag.registrate.AbstractRegistrate/REGISTRATE.REGISTER]: Captured registration for entry crushed_raw_copper of type minecraft:item
[06Dec2025 14:08:54.186] [modloading-worker-0/DEBUG] [com.tterrag.registrate.AbstractRegistrate/REGISTRATE.REGISTER]: Captured registration for entry crushed_raw_zinc of type minecraft:item
[06Dec2025 14:08:54.188] [modloading-worker-0/DEBUG] [com.tterrag.registrate.AbstractRegistrate/REGISTRATE.REGISTER]: Captured registration for entry crushed_raw_osmium of type minecraft:item
[06Dec2025 14:08:54.188] [modloading-worker-0/DEBUG] [com.tterrag.registrate.AbstractRegistrate/REGISTRATE.REGISTER]: Captured registration for entry crushed_raw_platinum of type minecraft:item
[06Dec2025 14:08:54.188] [modloading-worker-0/DEBUG] [com.tterrag.registrate.AbstractRegistrate/REGISTRATE.REGISTER]: Captured registration for entry crushed_raw_silver of type minecraft:item
[06Dec2025 14:08:54.188] [modloading-worker-0/DEBUG] [com.tterrag.registrate.AbstractRegistrate/REGISTRATE.REGISTER]: Captured registration for entry crushed_raw_tin of type minecraft:item
[06Dec2025 14:08:54.188] [modloading-worker-0/DEBUG] [com.tterrag.registrate.AbstractRegistrate/REGISTRATE.REGISTER]: Captured registration for entry crushed_raw_lead of type minecraft:item
[06Dec2025 14:08:54.188] [modloading-worker-0/DEBUG] [com.tterrag.registrate.AbstractRegistrate/REGISTRATE.REGISTER]: Captured registration for entry crushed_raw_quicksilver of type minecraft:item
[06Dec2025 14:08:54.188] [modloading-worker-0/DEBUG] [com.tterrag.registrate.AbstractRegistrate/REGISTRATE.REGISTER]: Captured registration for entry crushed_raw_aluminum of type minecraft:item
[06Dec2025 14:08:54.188] [modloading-worker-0/DEBUG] [com.tterrag.registrate.AbstractRegistrate/REGISTRATE.REGISTER]: Captured registration for entry crushed_raw_uranium of type minecraft:item
[06Dec2025 14:08:54.188] [modloading-worker-0/DEBUG] [com.tterrag.registrate.AbstractRegistrate/REGISTRATE.REGISTER]: Captured registration for entry crushed_raw_nickel of type minecraft:item
[06Dec2025 14:08:54.189] [modloading-worker-0/DEBUG] [com.tterrag.registrate.AbstractRegistrate/REGISTRATE.REGISTER]: Captured registration for entry belt_connector of type minecraft:item
[06Dec2025 14:08:54.190] [modloading-worker-0/DEBUG] [com.tterrag.registrate.AbstractRegistrate/REGISTRATE.REGISTER]: Captured registration for entry vertical_gearbox of type minecraft:item
[06Dec2025 14:08:54.190] [modloading-worker-0/DEBUG] [com.tterrag.registrate.AbstractRegistrate/REGISTRATE.REGISTER]: Captured registration for entry empty_blaze_burner of type minecraft:item
[06Dec2025 14:08:54.190] [modloading-worker-0/DEBUG] [com.tterrag.registrate.AbstractRegistrate/REGISTRATE.REGISTER]: Captured registration for entry goggles of type minecraft:item
[06Dec2025 14:08:54.191] [modloading-worker-0/DEBUG] [com.tterrag.registrate.AbstractRegistrate/REGISTRATE.REGISTER]: Captured registration for entry super_glue of type minecraft:item
[06Dec2025 14:08:54.191] [modloading-worker-0/DEBUG] [com.tterrag.registrate.AbstractRegistrate/REGISTRATE.REGISTER]: Captured registration for entry minecart_coupling of type minecraft:item
[06Dec2025 14:08:54.193] [modloading-worker-0/DEBUG] [com.tterrag.registrate.AbstractRegistrate/REGISTRATE.REGISTER]: Captured registration for entry crafting_blueprint of type minecraft:item
[06Dec2025 14:08:54.194] [modloading-worker-0/DEBUG] [com.tterrag.registrate.AbstractRegistrate/REGISTRATE.REGISTER]: Captured registration for entry copper_backtank_placeable of type minecraft:item
[06Dec2025 14:08:54.194] [modloading-worker-0/DEBUG] [com.tterrag.registrate.AbstractRegistrate/REGISTRATE.REGISTER]: Captured registration for entry netherite_backtank_placeable of type minecraft:item
[06Dec2025 14:08:54.195] [modloading-worker-0/DEBUG] [com.tterrag.registrate.AbstractRegistrate/REGISTRATE.REGISTER]: Captured registration for entry copper_backtank of type minecraft:item
[06Dec2025 14:08:54.196] [modloading-worker-0/DEBUG] [com.tterrag.registrate.AbstractRegistrate/REGISTRATE.REGISTER]: Captured registration for entry netherite_backtank of type minecraft:item
[06Dec2025 14:08:54.196] [modloading-worker-0/DEBUG] [com.tterrag.registrate.AbstractRegistrate/REGISTRATE.REGISTER]: Captured registration for entry copper_diving_helmet of type minecraft:item
[06Dec2025 14:08:54.196] [modloading-worker-0/DEBUG] [com.tterrag.registrate.AbstractRegistrate/REGISTRATE.REGISTER]: Captured registration for entry netherite_diving_helmet of type minecraft:item
[06Dec2025 14:08:54.197] [modloading-worker-0/DEBUG] [com.tterrag.registrate.AbstractRegistrate/REGISTRATE.REGISTER]: Captured registration for entry copper_diving_boots of type minecraft:item
[06Dec2025 14:08:54.197] [modloading-worker-0/DEBUG] [com.tterrag.registrate.AbstractRegistrate/REGISTRATE.REGISTER]: Captured registration for entry netherite_diving_boots of type minecraft:item
[06Dec2025 14:08:54.198] [modloading-worker-0/DEBUG] [com.tterrag.registrate.AbstractRegistrate/REGISTRATE.REGISTER]: Captured registration for entry cardboard_helmet of type minecraft:item
[06Dec2025 14:08:54.198] [modloading-worker-0/DEBUG] [com.tterrag.registrate.AbstractRegistrate/REGISTRATE.REGISTER]: Captured registration for entry cardboard_chestplate of type minecraft:item
[06Dec2025 14:08:54.198] [modloading-worker-0/DEBUG] [com.tterrag.registrate.AbstractRegistrate/REGISTRATE.REGISTER]: Captured registration for entry cardboard_leggings of type minecraft:item
[06Dec2025 14:08:54.199] [modloading-worker-0/DEBUG] [com.tterrag.registrate.AbstractRegistrate/REGISTRATE.REGISTER]: Captured registration for entry cardboard_boots of type minecraft:item
[06Dec2025 14:08:54.200] [modloading-worker-0/DEBUG] [com.tterrag.registrate.AbstractRegistrate/REGISTRATE.REGISTER]: Captured registration for entry sand_paper of type minecraft:item
[06Dec2025 14:08:54.200] [modloading-worker-0/DEBUG] [com.tterrag.registrate.AbstractRegistrate/REGISTRATE.REGISTER]: Captured registration for entry red_sand_paper of type minecraft:item
[06Dec2025 14:08:54.201] [modloading-worker-0/DEBUG] [com.tterrag.registrate.AbstractRegistrate/REGISTRATE.REGISTER]: Captured registration for entry wrench of type minecraft:item
[06Dec2025 14:08:54.202] [modloading-worker-0/DEBUG] [com.tterrag.registrate.AbstractRegistrate/REGISTRATE.REGISTER]: Captured registration for entry minecart_contraption of type minecraft:item
[06Dec2025 14:08:54.202] [modloading-worker-0/DEBUG] [com.tterrag.registrate.AbstractRegistrate/REGISTRATE.REGISTER]: Captured registration for entry furnace_minecart_contraption of type minecraft:item
[06Dec2025 14:08:54.202] [modloading-worker-0/DEBUG] [com.tterrag.registrate.AbstractRegistrate/REGISTRATE.REGISTER]: Captured registration for entry chest_minecart_contraption of type minecraft:item
[06Dec2025 14:08:54.204] [modloading-worker-0/DEBUG] [com.tterrag.registrate.AbstractRegistrate/REGISTRATE.REGISTER]: Captured registration for entry linked_controller of type minecraft:item
[06Dec2025 14:08:54.207] [modloading-worker-0/DEBUG] [com.tterrag.registrate.AbstractRegistrate/REGISTRATE.REGISTER]: Captured registration for entry potato_cannon of type minecraft:item
[06Dec2025 14:08:54.208] [modloading-worker-0/DEBUG] [com.tterrag.registrate.AbstractRegistrate/REGISTRATE.REGISTER]: Captured registration for entry extendo_grip of type minecraft:item
[06Dec2025 14:08:54.211] [modloading-worker-0/DEBUG] [com.tterrag.registrate.AbstractRegistrate/REGISTRATE.REGISTER]: Captured registration for entry wand_of_symmetry of type minecraft:item
[06Dec2025 14:08:54.214] [modloading-worker-0/DEBUG] [com.tterrag.registrate.AbstractRegistrate/REGISTRATE.REGISTER]: Captured registration for entry handheld_worldshaper of type minecraft:item
[06Dec2025 14:08:54.216] [modloading-worker-0/DEBUG] [com.tterrag.registrate.AbstractRegistrate/REGISTRATE.REGISTER]: Captured registration for entry tree_fertilizer of type minecraft:item
[06Dec2025 14:08:54.218] [modloading-worker-0/DEBUG] [com.tterrag.registrate.AbstractRegistrate/REGISTRATE.REGISTER]: Captured registration for entry cardboard_package_12x12 of type minecraft:item
[06Dec2025 14:08:54.218] [modloading-worker-0/DEBUG] [com.tterrag.registrate.AbstractRegistrate/REGISTRATE.REGISTER]: Captured registration for entry cardboard_package_10x12 of type minecraft:item
[06Dec2025 14:08:54.218] [modloading-worker-0/DEBUG] [com.tterrag.registrate.AbstractRegistrate/REGISTRATE.REGISTER]: Captured registration for entry cardboard_package_10x8 of type minecraft:item
[06Dec2025 14:08:54.218] [modloading-worker-0/DEBUG] [com.tterrag.registrate.AbstractRegistrate/REGISTRATE.REGISTER]: Captured registration for entry cardboard_package_12x10 of type minecraft:item
[06Dec2025 14:08:54.218] [modloading-worker-0/DEBUG] [com.tterrag.registrate.AbstractRegistrate/REGISTRATE.REGISTER]: Captured registration for entry rare_creeper_package of type minecraft:item
[06Dec2025 14:08:54.218] [modloading-worker-0/DEBUG] [com.tterrag.registrate.AbstractRegistrate/REGISTRATE.REGISTER]: Captured registration for entry rare_darcy_package of type minecraft:item
[06Dec2025 14:08:54.218] [modloading-worker-0/DEBUG] [com.tterrag.registrate.AbstractRegistrate/REGISTRATE.REGISTER]: Captured registration for entry rare_evan_package of type minecraft:item
[06Dec2025 14:08:54.218] [modloading-worker-0/DEBUG] [com.tterrag.registrate.AbstractRegistrate/REGISTRATE.REGISTER]: Captured registration for entry rare_jinx_package of type minecraft:item
[06Dec2025 14:08:54.218] [modloading-worker-0/DEBUG] [com.tterrag.registrate.AbstractRegistrate/REGISTRATE.REGISTER]: Captured registration for entry rare_kryppers_package of type minecraft:item
[06Dec2025 14:08:54.218] [modloading-worker-0/DEBUG] [com.tterrag.registrate.AbstractRegistrate/REGISTRATE.REGISTER]: Captured registration for entry rare_simi_package of type minecraft:item
[06Dec2025 14:08:54.218] [modloading-worker-0/DEBUG] [com.tterrag.registrate.AbstractRegistrate/REGISTRATE.REGISTER]: Captured registration for entry rare_starlotte_package of type minecraft:item
[06Dec2025 14:08:54.218] [modloading-worker-0/DEBUG] [com.tterrag.registrate.AbstractRegistrate/REGISTRATE.REGISTER]: Captured registration for entry rare_thunder_package of type minecraft:item
[06Dec2025 14:08:54.218] [modloading-worker-0/DEBUG] [com.tterrag.registrate.AbstractRegistrate/REGISTRATE.REGISTER]: Captured registration for entry rare_up_package of type minecraft:item
[06Dec2025 14:08:54.218] [modloading-worker-0/DEBUG] [com.tterrag.registrate.AbstractRegistrate/REGISTRATE.REGISTER]: Captured registration for entry rare_vector_package of type minecraft:item
[06Dec2025 14:08:54.220] [modloading-worker-0/DEBUG] [com.tterrag.registrate.AbstractRegistrate/REGISTRATE.REGISTER]: Captured registration for entry filter of type minecraft:item
[06Dec2025 14:08:54.220] [modloading-worker-0/DEBUG] [com.tterrag.registrate.AbstractRegistrate/REGISTRATE.REGISTER]: Captured registration for entry attribute_filter of type minecraft:item
[06Dec2025 14:08:54.220] [modloading-worker-0/DEBUG] [com.tterrag.registrate.AbstractRegistrate/REGISTRATE.REGISTER]: Captured registration for entry package_filter of type minecraft:item
[06Dec2025 14:08:54.221] [modloading-worker-0/DEBUG] [com.tterrag.registrate.AbstractRegistrate/REGISTRATE.REGISTER]: Captured registration for entry schedule of type minecraft:item
[06Dec2025 14:08:54.222] [modloading-worker-0/DEBUG] [com.tterrag.registrate.AbstractRegistrate/REGISTRATE.REGISTER]: Captured registration for entry shopping_list of type minecraft:item
[06Dec2025 14:08:54.222] [modloading-worker-0/DEBUG] [com.tterrag.registrate.AbstractRegistrate/REGISTRATE.REGISTER]: Captured registration for entry empty_schematic of type minecraft:item
[06Dec2025 14:08:54.223] [modloading-worker-0/DEBUG] [com.tterrag.registrate.AbstractRegistrate/REGISTRATE.REGISTER]: Captured registration for entry schematic_and_quill of type minecraft:item
[06Dec2025 14:08:54.225] [modloading-worker-0/DEBUG] [com.tterrag.registrate.AbstractRegistrate/REGISTRATE.REGISTER]: Captured registration for entry schematic of type minecraft:item
[06Dec2025 14:08:54.225] [modloading-worker-0/DEBUG] [com.tterrag.registrate.AbstractRegistrate/REGISTRATE.REGISTER]: Captured registration for entry copper_backtank of type minecraft:block
[06Dec2025 14:08:54.225] [modloading-worker-0/DEBUG] [com.tterrag.registrate.AbstractRegistrate/REGISTRATE.REGISTER]: Captured registration for entry netherite_backtank of type minecraft:block
[06Dec2025 14:08:54.227] [modloading-worker-0/DEBUG] [com.tterrag.registrate.AbstractRegistrate/REGISTRATE.REGISTER]: Captured registration for entry peculiar_bell of type minecraft:item
[06Dec2025 14:08:54.227] [modloading-worker-0/DEBUG] [com.tterrag.registrate.AbstractRegistrate/REGISTRATE.REGISTER]: Captured registration for entry peculiar_bell of type minecraft:block
[06Dec2025 14:08:54.228] [modloading-worker-0/DEBUG] [com.tterrag.registrate.AbstractRegistrate/REGISTRATE.REGISTER]: Captured registration for entry haunted_bell of type minecraft:item
[06Dec2025 14:08:54.228] [modloading-worker-0/DEBUG] [com.tterrag.registrate.AbstractRegistrate/REGISTRATE.REGISTER]: Captured registration for entry haunted_bell of type minecraft:block
[06Dec2025 14:08:54.229] [modloading-worker-0/DEBUG] [com.tterrag.registrate.AbstractRegistrate/REGISTRATE.REGISTER]: Captured registration for entry desk_bell of type minecraft:item
[06Dec2025 14:08:54.229] [modloading-worker-0/DEBUG] [com.tterrag.registrate.AbstractRegistrate/REGISTRATE.REGISTER]: Captured registration for entry desk_bell of type minecraft:block
[06Dec2025 14:08:54.230] [modloading-worker-0/DEBUG] [com.tterrag.registrate.AbstractRegistrate/REGISTRATE.REGISTER]: Captured registration for entry white_toolbox of type minecraft:item
[06Dec2025 14:08:54.230] [modloading-worker-0/DEBUG] [com.tterrag.registrate.AbstractRegistrate/REGISTRATE.REGISTER]: Captured registration for entry white_toolbox of type minecraft:block
[06Dec2025 14:08:54.230] [modloading-worker-0/DEBUG] [com.tterrag.registrate.AbstractRegistrate/REGISTRATE.REGISTER]: Captured registration for entry orange_toolbox of type minecraft:item
[06Dec2025 14:08:54.230] [modloading-worker-0/DEBUG] [com.tterrag.registrate.AbstractRegistrate/REGISTRATE.REGISTER]: Captured registration for entry orange_toolbox of type minecraft:block
[06Dec2025 14:08:54.230] [modloading-worker-0/DEBUG] [com.tterrag.registrate.AbstractRegistrate/REGISTRATE.REGISTER]: Captured registration for entry magenta_toolbox of type minecraft:item
[06Dec2025 14:08:54.230] [modloading-worker-0/DEBUG] [com.tterrag.registrate.AbstractRegistrate/REGISTRATE.REGISTER]: Captured registration for entry magenta_toolbox of type minecraft:block
[06Dec2025 14:08:54.230] [modloading-worker-0/DEBUG] [com.tterrag.registrate.AbstractRegistrate/REGISTRATE.REGISTER]: Captured registration for entry light_blue_toolbox of type minecraft:item
[06Dec2025 14:08:54.230] [modloading-worker-0/DEBUG] [com.tterrag.registrate.AbstractRegistrate/REGISTRATE.REGISTER]: Captured registration for entry light_blue_toolbox of type minecraft:block
[06Dec2025 14:08:54.230] [modloading-worker-0/DEBUG] [com.tterrag.registrate.AbstractRegistrate/REGISTRATE.REGISTER]: Captured registration for entry yellow_toolbox of type minecraft:item
[06Dec2025 14:08:54.230] [modloading-worker-0/DEBUG] [com.tterrag.registrate.AbstractRegistrate/REGISTRATE.REGISTER]: Captured registration for entry yellow_toolbox of type minecraft:block
[06Dec2025 14:08:54.230] [modloading-worker-0/DEBUG] [com.tterrag.registrate.AbstractRegistrate/REGISTRATE.REGISTER]: Captured registration for entry lime_toolbox of type minecraft:item
[06Dec2025 14:08:54.230] [modloading-worker-0/DEBUG] [com.tterrag.registrate.AbstractRegistrate/REGISTRATE.REGISTER]: Captured registration for entry lime_toolbox of type minecraft:block
[06Dec2025 14:08:54.230] [modloading-worker-0/DEBUG] [com.tterrag.registrate.AbstractRegistrate/REGISTRATE.REGISTER]: Captured registration for entry pink_toolbox of type minecraft:item
[06Dec2025 14:08:54.230] [modloading-worker-0/DEBUG] [com.tterrag.registrate.AbstractRegistrate/REGISTRATE.REGISTER]: Captured registration for entry pink_toolbox of type minecraft:block
[06Dec2025 14:08:54.230] [modloading-worker-0/DEBUG] [com.tterrag.registrate.AbstractRegistrate/REGISTRATE.REGISTER]: Captured registration for entry gray_toolbox of type minecraft:item
[06Dec2025 14:08:54.230] [modloading-worker-0/DEBUG] [com.tterrag.registrate.AbstractRegistrate/REGISTRATE.REGISTER]: Captured registration for entry gray_toolbox of type minecraft:block
[06Dec2025 14:08:54.230] [modloading-worker-0/DEBUG] [com.tterrag.registrate.AbstractRegistrate/REGISTRATE.REGISTER]: Captured registration for entry light_gray_toolbox of type minecraft:item
[06Dec2025 14:08:54.230] [modloading-worker-0/DEBUG] [com.tterrag.registrate.AbstractRegistrate/REGISTRATE.REGISTER]: Captured registration for entry light_gray_toolbox of type minecraft:block
[06Dec2025 14:08:54.230] [modloading-worker-0/DEBUG] [com.tterrag.registrate.AbstractRegistrate/REGISTRATE.REGISTER]: Captured registration for entry cyan_toolbox of type minecraft:item
[06Dec2025 14:08:54.230] [modloading-worker-0/DEBUG] [com.tterrag.registrate.AbstractRegistrate/REGISTRATE.REGISTER]: Captured registration for entry cyan_toolbox of type minecraft:block
[06Dec2025 14:08:54.230] [modloading-worker-0/DEBUG] [com.tterrag.registrate.AbstractRegistrate/REGISTRATE.REGISTER]: Captured registration for entry purple_toolbox of type minecraft:item
[06Dec2025 14:08:54.230] [modloading-worker-0/DEBUG] [com.tterrag.registrate.AbstractRegistrate/REGISTRATE.REGISTER]: Captured registration for entry purple_toolbox of type minecraft:block
[06Dec2025 14:08:54.230] [modloading-worker-0/DEBUG] [com.tterrag.registrate.AbstractRegistrate/REGISTRATE.REGISTER]: Captured registration for entry blue_toolbox of type minecraft:item
[06Dec2025 14:08:54.230] [modloading-worker-0/DEBUG] [com.tterrag.registrate.AbstractRegistrate/REGISTRATE.REGISTER]: Captured registration for entry blue_toolbox of type minecraft:block
[06Dec2025 14:08:54.230] [modloading-worker-0/DEBUG] [com.tterrag.registrate.AbstractRegistrate/REGISTRATE.REGISTER]: Captured registration for entry brown_toolbox of type minecraft:item
[06Dec2025 14:08:54.230] [modloading-worker-0/DEBUG] [com.tterrag.registrate.AbstractRegistrate/REGISTRATE.REGISTER]: Captured registration for entry brown_toolbox of type minecraft:block
[06Dec2025 14:08:54.230] [modloading-worker-0/DEBUG] [com.tterrag.registrate.AbstractRegistrate/REGISTRATE.REGISTER]: Captured registration for entry green_toolbox of type minecraft:item
[06Dec2025 14:08:54.230] [modloading-worker-0/DEBUG] [com.tterrag.registrate.AbstractRegistrate/REGISTRATE.REGISTER]: Captured registration for entry green_toolbox of type minecraft:block
[06Dec2025 14:08:54.230] [modloading-worker-0/DEBUG] [com.tterrag.registrate.AbstractRegistrate/REGISTRATE.REGISTER]: Captured registration for entry red_toolbox of type minecraft:item
[06Dec2025 14:08:54.230] [modloading-worker-0/DEBUG] [com.tterrag.registrate.AbstractRegistrate/REGISTRATE.REGISTER]: Captured registration for entry red_toolbox of type minecraft:block
[06Dec2025 14:08:54.230] [modloading-worker-0/DEBUG] [com.tterrag.registrate.AbstractRegistrate/REGISTRATE.REGISTER]: Captured registration for entry black_toolbox of type minecraft:item
[06Dec2025 14:08:54.230] [modloading-worker-0/DEBUG] [com.tterrag.registrate.AbstractRegistrate/REGISTRATE.REGISTER]: Captured registration for entry black_toolbox of type minecraft:block
[06Dec2025 14:08:54.233] [modloading-worker-0/DEBUG] [com.tterrag.registrate.AbstractRegistrate/REGISTRATE.REGISTER]: Captured registration for entry clipboard of type minecraft:item
[06Dec2025 14:08:54.233] [modloading-worker-0/DEBUG] [com.tterrag.registrate.AbstractRegistrate/REGISTRATE.REGISTER]: Captured registration for entry clipboard of type minecraft:block
[06Dec2025 14:08:54.235] [modloading-worker-0/DEBUG] [com.tterrag.registrate.AbstractRegistrate/REGISTRATE.REGISTER]: Captured registration for entry andesite_ladder of type minecraft:item
[06Dec2025 14:08:54.235] [modloading-worker-0/DEBUG] [com.tterrag.registrate.AbstractRegistrate/REGISTRATE.REGISTER]: Captured registration for entry andesite_ladder of type minecraft:block
[06Dec2025 14:08:54.235] [modloading-worker-0/DEBUG] [com.tterrag.registrate.AbstractRegistrate/REGISTRATE.REGISTER]: Captured registration for entry brass_ladder of type minecraft:item
[06Dec2025 14:08:54.235] [modloading-worker-0/DEBUG] [com.tterrag.registrate.AbstractRegistrate/REGISTRATE.REGISTER]: Captured registration for entry brass_ladder of type minecraft:block
[06Dec2025 14:08:54.235] [modloading-worker-0/DEBUG] [com.tterrag.registrate.AbstractRegistrate/REGISTRATE.REGISTER]: Captured registration for entry copper_ladder of type minecraft:item
[06Dec2025 14:08:54.235] [modloading-worker-0/DEBUG] [com.tterrag.registrate.AbstractRegistrate/REGISTRATE.REGISTER]: Captured registration for entry copper_ladder of type minecraft:block
[06Dec2025 14:08:54.236] [modloading-worker-0/DEBUG] [com.tterrag.registrate.AbstractRegistrate/REGISTRATE.REGISTER]: Captured registration for entry andesite_bars of type minecraft:item
[06Dec2025 14:08:54.236] [modloading-worker-0/DEBUG] [com.tterrag.registrate.AbstractRegistrate/REGISTRATE.REGISTER]: Captured registration for entry andesite_bars of type minecraft:block
[06Dec2025 14:08:54.236] [modloading-worker-0/DEBUG] [com.tterrag.registrate.AbstractRegistrate/REGISTRATE.REGISTER]: Captured registration for entry brass_bars of type minecraft:item
[06Dec2025 14:08:54.236] [modloading-worker-0/DEBUG] [com.tterrag.registrate.AbstractRegistrate/REGISTRATE.REGISTER]: Captured registration for entry brass_bars of type minecraft:block
[06Dec2025 14:08:54.236] [modloading-worker-0/DEBUG] [com.tterrag.registrate.AbstractRegistrate/REGISTRATE.REGISTER]: Captured registration for entry copper_bars of type minecraft:item
[06Dec2025 14:08:54.237] [modloading-worker-0/DEBUG] [com.tterrag.registrate.AbstractRegistrate/REGISTRATE.REGISTER]: Captured registration for entry copper_bars of type minecraft:block
[06Dec2025 14:08:54.239] [modloading-worker-0/DEBUG] [Ponder/]: Loaded net.createmod.catnip.platform.ForgePlatformHelper@2101edcb for service interface net.createmod.catnip.platform.services.PlatformHelper
[06Dec2025 14:08:54.240] [modloading-worker-0/DEBUG] [Ponder/]: Loaded net.createmod.catnip.platform.ForgeFluidHelper@3a10e08d for service interface net.createmod.catnip.platform.services.ModFluidHelper
[06Dec2025 14:08:54.241] [modloading-worker-0/DEBUG] [Ponder/]: Loaded net.createmod.catnip.platform.ForgeHooksHelper@2bcabdf3 for service interface net.createmod.catnip.platform.services.ModHooksHelper
[06Dec2025 14:08:54.241] [modloading-worker-0/DEBUG] [Ponder/]: Loaded net.createmod.catnip.platform.ForgeRegisteredObjectsHelper@414cff61 for service interface net.createmod.catnip.platform.services.RegisteredObjectsHelper
[06Dec2025 14:08:54.242] [modloading-worker-0/DEBUG] [Ponder/]: Loaded net.createmod.catnip.platform.ForgeNetworkHelper@7041006f for service interface net.createmod.catnip.platform.services.NetworkHelper
[06Dec2025 14:08:54.246] [modloading-worker-0/DEBUG] [com.tterrag.registrate.AbstractRegistrate/REGISTRATE.REGISTER]: Captured registration for entry andesite_scaffolding of type minecraft:item
[06Dec2025 14:08:54.247] [modloading-worker-0/DEBUG] [com.tterrag.registrate.AbstractRegistrate/REGISTRATE.REGISTER]: Captured registration for entry andesite_scaffolding of type minecraft:block
[06Dec2025 14:08:54.247] [modloading-worker-0/DEBUG] [com.tterrag.registrate.AbstractRegistrate/REGISTRATE.REGISTER]: Captured registration for entry brass_scaffolding of type minecraft:item
[06Dec2025 14:08:54.247] [modloading-worker-0/DEBUG] [com.tterrag.registrate.AbstractRegistrate/REGISTRATE.REGISTER]: Captured registration for entry brass_scaffolding of type minecraft:block
[06Dec2025 14:08:54.247] [modloading-worker-0/DEBUG] [com.tterrag.registrate.AbstractRegistrate/REGISTRATE.REGISTER]: Captured registration for entry copper_scaffolding of type minecraft:item
[06Dec2025 14:08:54.247] [modloading-worker-0/DEBUG] [com.tterrag.registrate.AbstractRegistrate/REGISTRATE.REGISTER]: Captured registration for entry copper_scaffolding of type minecraft:block
[06Dec2025 14:08:54.248] [modloading-worker-0/DEBUG] [com.tterrag.registrate.AbstractRegistrate/REGISTRATE.REGISTER]: Captured registration for entry metal_girder of type minecraft:item
[06Dec2025 14:08:54.248] [modloading-worker-0/DEBUG] [com.tterrag.registrate.AbstractRegistrate/REGISTRATE.REGISTER]: Captured registration for entry metal_girder of type minecraft:block
[06Dec2025 14:08:54.249] [modloading-worker-0/DEBUG] [com.tterrag.registrate.AbstractRegistrate/REGISTRATE.REGISTER]: Captured registration for entry metal_girder_encased_shaft of type minecraft:block
[06Dec2025 14:08:54.249] [modloading-worker-0/DEBUG] [com.tterrag.registrate.AbstractRegistrate/REGISTRATE.REGISTER]: Captured registration for entry copycat_base of type minecraft:block
[06Dec2025 14:08:54.252] [modloading-worker-0/DEBUG] [com.tterrag.registrate.AbstractRegistrate/REGISTRATE.REGISTER]: Captured registration for entry copycat_step of type minecraft:item
[06Dec2025 14:08:54.252] [modloading-worker-0/DEBUG] [com.tterrag.registrate.AbstractRegistrate/REGISTRATE.REGISTER]: Captured registration for entry copycat_step of type minecraft:block
[06Dec2025 14:08:54.253] [modloading-worker-0/DEBUG] [com.tterrag.registrate.AbstractRegistrate/REGISTRATE.REGISTER]: Captured registration for entry copycat_panel of type minecraft:item
[06Dec2025 14:08:54.253] [modloading-worker-0/DEBUG] [com.tterrag.registrate.AbstractRegistrate/REGISTRATE.REGISTER]: Captured registration for entry copycat_panel of type minecraft:block
[06Dec2025 14:08:54.254] [modloading-worker-0/DEBUG] [com.tterrag.registrate.AbstractRegistrate/REGISTRATE.REGISTER]: Captured registration for entry copycat_bars of type minecraft:block
[06Dec2025 14:08:54.255] [modloading-worker-0/DEBUG] [com.tterrag.registrate.AbstractRegistrate/REGISTRATE.REGISTER]: Captured registration for entry white_seat of type minecraft:item
[06Dec2025 14:08:54.255] [modloading-worker-0/DEBUG] [com.tterrag.registrate.AbstractRegistrate/REGISTRATE.REGISTER]: Captured registration for entry white_seat of type minecraft:block
[06Dec2025 14:08:54.256] [modloading-worker-0/DEBUG] [com.tterrag.registrate.AbstractRegistrate/REGISTRATE.REGISTER]: Captured registration for entry orange_seat of type minecraft:item
[06Dec2025 14:08:54.256] [modloading-worker-0/DEBUG] [com.tterrag.registrate.AbstractRegistrate/REGISTRATE.REGISTER]: Captured registration for entry orange_seat of type minecraft:block
[06Dec2025 14:08:54.256] [modloading-worker-0/DEBUG] [com.tterrag.registrate.AbstractRegistrate/REGISTRATE.REGISTER]: Captured registration for entry magenta_seat of type minecraft:item
[06Dec2025 14:08:54.256] [modloading-worker-0/DEBUG] [com.tterrag.registrate.AbstractRegistrate/REGISTRATE.REGISTER]: Captured registration for entry magenta_seat of type minecraft:block
[06Dec2025 14:08:54.256] [modloading-worker-0/DEBUG] [com.tterrag.registrate.AbstractRegistrate/REGISTRATE.REGISTER]: Captured registration for entry light_blue_seat of type minecraft:item
[06Dec2025 14:08:54.256] [modloading-worker-0/DEBUG] [com.tterrag.registrate.AbstractRegistrate/REGISTRATE.REGISTER]: Captured registration for entry light_blue_seat of type minecraft:block
[06Dec2025 14:08:54.256] [modloading-worker-0/DEBUG] [com.tterrag.registrate.AbstractRegistrate/REGISTRATE.REGISTER]: Captured registration for entry yellow_seat of type minecraft:item
[06Dec2025 14:08:54.256] [modloading-worker-0/DEBUG] [com.tterrag.registrate.AbstractRegistrate/REGISTRATE.REGISTER]: Captured registration for entry yellow_seat of type minecraft:block
[06Dec2025 14:08:54.256] [modloading-worker-0/DEBUG] [com.tterrag.registrate.AbstractRegistrate/REGISTRATE.REGISTER]: Captured registration for entry lime_seat of type minecraft:item
[06Dec2025 14:08:54.256] [modloading-worker-0/DEBUG] [com.tterrag.registrate.AbstractRegistrate/REGISTRATE.REGISTER]: Captured registration for entry lime_seat of type minecraft:block
[06Dec2025 14:08:54.256] [modloading-worker-0/DEBUG] [com.tterrag.registrate.AbstractRegistrate/REGISTRATE.REGISTER]: Captured registration for entry pink_seat of type minecraft:item
[06Dec2025 14:08:54.256] [modloading-worker-0/DEBUG] [com.tterrag.registrate.AbstractRegistrate/REGISTRATE.REGISTER]: Captured registration for entry pink_seat of type minecraft:block
[06Dec2025 14:08:54.256] [modloading-worker-0/DEBUG] [com.tterrag.registrate.AbstractRegistrate/REGISTRATE.REGISTER]: Captured registration for entry gray_seat of type minecraft:item
[06Dec2025 14:08:54.256] [modloading-worker-0/DEBUG] [com.tterrag.registrate.AbstractRegistrate/REGISTRATE.REGISTER]: Captured registration for entry gray_seat of type minecraft:block
[06Dec2025 14:08:54.256] [modloading-worker-0/DEBUG] [com.tterrag.registrate.AbstractRegistrate/REGISTRATE.REGISTER]: Captured registration for entry light_gray_seat of type minecraft:item
[06Dec2025 14:08:54.256] [modloading-worker-0/DEBUG] [com.tterrag.registrate.AbstractRegistrate/REGISTRATE.REGISTER]: Captured registration for entry light_gray_seat of type minecraft:block
[06Dec2025 14:08:54.256] [modloading-worker-0/DEBUG] [com.tterrag.registrate.AbstractRegistrate/REGISTRATE.REGISTER]: Captured registration for entry cyan_seat of type minecraft:item
[06Dec2025 14:08:54.256] [modloading-worker-0/DEBUG] [com.tterrag.registrate.AbstractRegistrate/REGISTRATE.REGISTER]: Captured registration for entry cyan_seat of type minecraft:block
[06Dec2025 14:08:54.256] [modloading-worker-0/DEBUG] [com.tterrag.registrate.AbstractRegistrate/REGISTRATE.REGISTER]: Captured registration for entry purple_seat of type minecraft:item
[06Dec2025 14:08:54.256] [modloading-worker-0/DEBUG] [com.tterrag.registrate.AbstractRegistrate/REGISTRATE.REGISTER]: Captured registration for entry purple_seat of type minecraft:block
[06Dec2025 14:08:54.256] [modloading-worker-0/DEBUG] [com.tterrag.registrate.AbstractRegistrate/REGISTRATE.REGISTER]: Captured registration for entry blue_seat of type minecraft:item
[06Dec2025 14:08:54.256] [modloading-worker-0/DEBUG] [com.tterrag.registrate.AbstractRegistrate/REGISTRATE.REGISTER]: Captured registration for entry blue_seat of type minecraft:block
[06Dec2025 14:08:54.256] [modloading-worker-0/DEBUG] [com.tterrag.registrate.AbstractRegistrate/REGISTRATE.REGISTER]: Captured registration for entry brown_seat of type minecraft:item
[06Dec2025 14:08:54.256] [modloading-worker-0/DEBUG] [com.tterrag.registrate.AbstractRegistrate/REGISTRATE.REGISTER]: Captured registration for entry brown_seat of type minecraft:block
[06Dec2025 14:08:54.256] [modloading-worker-0/DEBUG] [com.tterrag.registrate.AbstractRegistrate/REGISTRATE.REGISTER]: Captured registration for entry green_seat of type minecraft:item
[06Dec2025 14:08:54.256] [modloading-worker-0/DEBUG] [com.tterrag.registrate.AbstractRegistrate/REGISTRATE.REGISTER]: Captured registration for entry green_seat of type minecraft:block
[06Dec2025 14:08:54.256] [modloading-worker-0/DEBUG] [com.tterrag.registrate.AbstractRegistrate/REGISTRATE.REGISTER]: Captured registration for entry red_seat of type minecraft:item
[06Dec2025 14:08:54.256] [modloading-worker-0/DEBUG] [com.tterrag.registrate.AbstractRegistrate/REGISTRATE.REGISTER]: Captured registration for entry red_seat of type minecraft:block
[06Dec2025 14:08:54.256] [modloading-worker-0/DEBUG] [com.tterrag.registrate.AbstractRegistrate/REGISTRATE.REGISTER]: Captured registration for entry black_seat of type minecraft:item
[06Dec2025 14:08:54.256] [modloading-worker-0/DEBUG] [com.tterrag.registrate.AbstractRegistrate/REGISTRATE.REGISTER]: Captured registration for entry black_seat of type minecraft:block
[06Dec2025 14:08:54.258] [modloading-worker-0/DEBUG] [com.tterrag.registrate.AbstractRegistrate/REGISTRATE.REGISTER]: Captured registration for entry andesite_door of type minecraft:item
[06Dec2025 14:08:54.258] [modloading-worker-0/DEBUG] [com.tterrag.registrate.AbstractRegistrate/REGISTRATE.REGISTER]: Captured registration for entry andesite_door of type minecraft:block
[06Dec2025 14:08:54.258] [modloading-worker-0/DEBUG] [com.tterrag.registrate.AbstractRegistrate/REGISTRATE.REGISTER]: Captured registration for entry brass_door of type minecraft:item
[06Dec2025 14:08:54.258] [modloading-worker-0/DEBUG] [com.tterrag.registrate.AbstractRegistrate/REGISTRATE.REGISTER]: Captured registration for entry brass_door of type minecraft:block
[06Dec2025 14:08:54.258] [modloading-worker-0/DEBUG] [com.tterrag.registrate.AbstractRegistrate/REGISTRATE.REGISTER]: Captured registration for entry copper_door of type minecraft:item
[06Dec2025 14:08:54.258] [modloading-worker-0/DEBUG] [com.tterrag.registrate.AbstractRegistrate/REGISTRATE.REGISTER]: Captured registration for entry copper_door of type minecraft:block
[06Dec2025 14:08:54.258] [modloading-worker-0/DEBUG] [com.tterrag.registrate.AbstractRegistrate/REGISTRATE.REGISTER]: Captured registration for entry train_door of type minecraft:item
[06Dec2025 14:08:54.259] [modloading-worker-0/DEBUG] [com.tterrag.registrate.AbstractRegistrate/REGISTRATE.REGISTER]: Captured registration for entry train_door of type minecraft:block
[06Dec2025 14:08:54.259] [modloading-worker-0/DEBUG] [com.tterrag.registrate.AbstractRegistrate/REGISTRATE.REGISTER]: Captured registration for entry train_trapdoor of type minecraft:item
[06Dec2025 14:08:54.259] [modloading-worker-0/DEBUG] [com.tterrag.registrate.AbstractRegistrate/REGISTRATE.REGISTER]: Captured registration for entry train_trapdoor of type minecraft:block
[06Dec2025 14:08:54.260] [modloading-worker-0/DEBUG] [com.tterrag.registrate.AbstractRegistrate/REGISTRATE.REGISTER]: Captured registration for entry framed_glass_door of type minecraft:item
[06Dec2025 14:08:54.260] [modloading-worker-0/DEBUG] [com.tterrag.registrate.AbstractRegistrate/REGISTRATE.REGISTER]: Captured registration for entry framed_glass_door of type minecraft:block
[06Dec2025 14:08:54.260] [modloading-worker-0/DEBUG] [com.tterrag.registrate.AbstractRegistrate/REGISTRATE.REGISTER]: Captured registration for entry framed_glass_trapdoor of type minecraft:item
[06Dec2025 14:08:54.260] [modloading-worker-0/DEBUG] [com.tterrag.registrate.AbstractRegistrate/REGISTRATE.REGISTER]: Captured registration for entry framed_glass_trapdoor of type minecraft:block
[06Dec2025 14:08:54.261] [modloading-worker-0/DEBUG] [com.tterrag.registrate.AbstractRegistrate/REGISTRATE.REGISTER]: Captured registration for entry zinc_ore of type minecraft:item
[06Dec2025 14:08:54.261] [modloading-worker-0/DEBUG] [com.tterrag.registrate.AbstractRegistrate/REGISTRATE.REGISTER]: Captured registration for entry zinc_ore of type minecraft:block
[06Dec2025 14:08:54.261] [modloading-worker-0/DEBUG] [com.tterrag.registrate.AbstractRegistrate/REGISTRATE.REGISTER]: Captured registration for entry deepslate_zinc_ore of type minecraft:item
[06Dec2025 14:08:54.261] [modloading-worker-0/DEBUG] [com.tterrag.registrate.AbstractRegistrate/REGISTRATE.REGISTER]: Captured registration for entry deepslate_zinc_ore of type minecraft:block
[06Dec2025 14:08:54.261] [modloading-worker-0/DEBUG] [com.tterrag.registrate.AbstractRegistrate/REGISTRATE.REGISTER]: Captured registration for entry raw_zinc_block of type minecraft:item
[06Dec2025 14:08:54.261] [modloading-worker-0/DEBUG] [com.tterrag.registrate.AbstractRegistrate/REGISTRATE.REGISTER]: Captured registration for entry raw_zinc_block of type minecraft:block
[06Dec2025 14:08:54.262] [modloading-worker-0/DEBUG] [com.tterrag.registrate.AbstractRegistrate/REGISTRATE.REGISTER]: Captured registration for entry zinc_block of type minecraft:item
[06Dec2025 14:08:54.262] [modloading-worker-0/DEBUG] [com.tterrag.registrate.AbstractRegistrate/REGISTRATE.REGISTER]: Captured registration for entry zinc_block of type minecraft:block
[06Dec2025 14:08:54.262] [modloading-worker-0/DEBUG] [com.tterrag.registrate.AbstractRegistrate/REGISTRATE.REGISTER]: Captured registration for entry andesite_alloy_block of type minecraft:item
[06Dec2025 14:08:54.262] [modloading-worker-0/DEBUG] [com.tterrag.registrate.AbstractRegistrate/REGISTRATE.REGISTER]: Captured registration for entry andesite_alloy_block of type minecraft:block
[06Dec2025 14:08:54.262] [modloading-worker-0/DEBUG] [com.tterrag.registrate.AbstractRegistrate/REGISTRATE.REGISTER]: Captured registration for entry industrial_iron_block of type minecraft:item
[06Dec2025 14:08:54.262] [modloading-worker-0/DEBUG] [com.tterrag.registrate.AbstractRegistrate/REGISTRATE.REGISTER]: Captured registration for entry industrial_iron_block of type minecraft:block
[06Dec2025 14:08:54.262] [modloading-worker-0/DEBUG] [com.tterrag.registrate.AbstractRegistrate/REGISTRATE.REGISTER]: Captured registration for entry weathered_iron_block of type minecraft:item
[06Dec2025 14:08:54.262] [modloading-worker-0/DEBUG] [com.tterrag.registrate.AbstractRegistrate/REGISTRATE.REGISTER]: Captured registration for entry weathered_iron_block of type minecraft:block
[06Dec2025 14:08:54.263] [modloading-worker-0/DEBUG] [com.tterrag.registrate.AbstractRegistrate/REGISTRATE.REGISTER]: Captured registration for entry brass_block of type minecraft:item
[06Dec2025 14:08:54.263] [modloading-worker-0/DEBUG] [com.tterrag.registrate.AbstractRegistrate/REGISTRATE.REGISTER]: Captured registration for entry brass_block of type minecraft:block
[06Dec2025 14:08:54.263] [modloading-worker-0/DEBUG] [com.tterrag.registrate.AbstractRegistrate/REGISTRATE.REGISTER]: Captured registration for entry cardboard_block of type minecraft:item
[06Dec2025 14:08:54.263] [modloading-worker-0/DEBUG] [com.tterrag.registrate.AbstractRegistrate/REGISTRATE.REGISTER]: Captured registration for entry cardboard_block of type minecraft:block
[06Dec2025 14:08:54.264] [modloading-worker-0/DEBUG] [com.tterrag.registrate.AbstractRegistrate/REGISTRATE.REGISTER]: Captured registration for entry bound_cardboard_block of type minecraft:item
[06Dec2025 14:08:54.264] [modloading-worker-0/DEBUG] [com.tterrag.registrate.AbstractRegistrate/REGISTRATE.REGISTER]: Captured registration for entry bound_cardboard_block of type minecraft:block
[06Dec2025 14:08:54.264] [modloading-worker-0/DEBUG] [com.tterrag.registrate.AbstractRegistrate/REGISTRATE.REGISTER]: Captured registration for entry experience_block of type minecraft:item
[06Dec2025 14:08:54.264] [modloading-worker-0/DEBUG] [com.tterrag.registrate.AbstractRegistrate/REGISTRATE.REGISTER]: Captured registration for entry experience_block of type minecraft:block
[06Dec2025 14:08:54.265] [modloading-worker-0/DEBUG] [com.tterrag.registrate.AbstractRegistrate/REGISTRATE.REGISTER]: Captured registration for entry rose_quartz_block of type minecraft:item
[06Dec2025 14:08:54.265] [modloading-worker-0/DEBUG] [com.tterrag.registrate.AbstractRegistrate/REGISTRATE.REGISTER]: Captured registration for entry rose_quartz_block of type minecraft:block
[06Dec2025 14:08:54.265] [modloading-worker-0/DEBUG] [com.tterrag.registrate.AbstractRegistrate/REGISTRATE.REGISTER]: Captured registration for entry rose_quartz_tiles of type minecraft:item
[06Dec2025 14:08:54.265] [modloading-worker-0/DEBUG] [com.tterrag.registrate.AbstractRegistrate/REGISTRATE.REGISTER]: Captured registration for entry rose_quartz_tiles of type minecraft:block
[06Dec2025 14:08:54.265] [modloading-worker-0/DEBUG] [com.tterrag.registrate.AbstractRegistrate/REGISTRATE.REGISTER]: Captured registration for entry small_rose_quartz_tiles of type minecraft:item
[06Dec2025 14:08:54.265] [modloading-worker-0/DEBUG] [com.tterrag.registrate.AbstractRegistrate/REGISTRATE.REGISTER]: Captured registration for entry small_rose_quartz_tiles of type minecraft:block
[06Dec2025 14:08:54.268] [modloading-worker-0/DEBUG] [com.tterrag.registrate.AbstractRegistrate/REGISTRATE.REGISTER]: Captured registration for entry copper_shingles of type minecraft:item
[06Dec2025 14:08:54.268] [modloading-worker-0/DEBUG] [com.tterrag.registrate.AbstractRegistrate/REGISTRATE.REGISTER]: Captured registration for entry copper_shingles of type minecraft:block
[06Dec2025 14:08:54.268] [modloading-worker-0/DEBUG] [com.tterrag.registrate.AbstractRegistrate/REGISTRATE.REGISTER]: Captured registration for entry exposed_copper_shingles of type minecraft:item
[06Dec2025 14:08:54.268] [modloading-worker-0/DEBUG] [com.tterrag.registrate.AbstractRegistrate/REGISTRATE.REGISTER]: Captured registration for entry exposed_copper_shingles of type minecraft:block
[06Dec2025 14:08:54.269] [modloading-worker-0/DEBUG] [com.tterrag.registrate.AbstractRegistrate/REGISTRATE.REGISTER]: Captured registration for entry weathered_copper_shingles of type minecraft:item
[06Dec2025 14:08:54.269] [modloading-worker-0/DEBUG] [com.tterrag.registrate.AbstractRegistrate/REGISTRATE.REGISTER]: Captured registration for entry weathered_copper_shingles of type minecraft:block
[06Dec2025 14:08:54.269] [modloading-worker-0/DEBUG] [com.tterrag.registrate.AbstractRegistrate/REGISTRATE.REGISTER]: Captured registration for entry oxidized_copper_shingles of type minecraft:item
[06Dec2025 14:08:54.269] [modloading-worker-0/DEBUG] [com.tterrag.registrate.AbstractRegistrate/REGISTRATE.REGISTER]: Captured registration for entry oxidized_copper_shingles of type minecraft:block
[06Dec2025 14:08:54.269] [modloading-worker-0/DEBUG] [com.tterrag.registrate.AbstractRegistrate/REGISTRATE.REGISTER]: Captured registration for entry copper_shingle_slab of type minecraft:item
[06Dec2025 14:08:54.269] [modloading-worker-0/DEBUG] [com.tterrag.registrate.AbstractRegistrate/REGISTRATE.REGISTER]: Captured registration for entry copper_shingle_slab of type minecraft:block
[06Dec2025 14:08:54.269] [modloading-worker-0/DEBUG] [com.tterrag.registrate.AbstractRegistrate/REGISTRATE.REGISTER]: Captured registration for entry exposed_copper_shingle_slab of type minecraft:item
[06Dec2025 14:08:54.269] [modloading-worker-0/DEBUG] [com.tterrag.registrate.AbstractRegistrate/REGISTRATE.REGISTER]: Captured registration for entry exposed_copper_shingle_slab of type minecraft:block
[06Dec2025 14:08:54.269] [modloading-worker-0/DEBUG] [com.tterrag.registrate.AbstractRegistrate/REGISTRATE.REGISTER]: Captured registration for entry weathered_copper_shingle_slab of type minecraft:item
[06Dec2025 14:08:54.270] [modloading-worker-0/DEBUG] [com.tterrag.registrate.AbstractRegistrate/REGISTRATE.REGISTER]: Captured registration for entry weathered_copper_shingle_slab of type minecraft:block
[06Dec2025 14:08:54.270] [modloading-worker-0/DEBUG] [com.tterrag.registrate.AbstractRegistrate/REGISTRATE.REGISTER]: Captured registration for entry oxidized_copper_shingle_slab of type minecraft:item
[06Dec2025 14:08:54.270] [modloading-worker-0/DEBUG] [com.tterrag.registrate.AbstractRegistrate/REGISTRATE.REGISTER]: Captured registration for entry oxidized_copper_shingle_slab of type minecraft:block
[06Dec2025 14:08:54.270] [modloading-worker-0/DEBUG] [com.tterrag.registrate.AbstractRegistrate/REGISTRATE.REGISTER]: Captured registration for entry copper_shingle_stairs of type minecraft:item
[06Dec2025 14:08:54.270] [modloading-worker-0/DEBUG] [com.tterrag.registrate.AbstractRegistrate/REGISTRATE.REGISTER]: Captured registration for entry copper_shingle_stairs of type minecraft:block
[06Dec2025 14:08:54.270] [modloading-worker-0/DEBUG] [com.tterrag.registrate.AbstractRegistrate/REGISTRATE.REGISTER]: Captured registration for entry exposed_copper_shingle_stairs of type minecraft:item
[06Dec2025 14:08:54.270] [modloading-worker-0/DEBUG] [com.tterrag.registrate.AbstractRegistrate/REGISTRATE.REGISTER]: Captured registration for entry exposed_copper_shingle_stairs of type minecraft:block
[06Dec2025 14:08:54.270] [modloading-worker-0/DEBUG] [com.tterrag.registrate.AbstractRegistrate/REGISTRATE.REGISTER]: Captured registration for entry weathered_copper_shingle_stairs of type minecraft:item
[06Dec2025 14:08:54.270] [modloading-worker-0/DEBUG] [com.tterrag.registrate.AbstractRegistrate/REGISTRATE.REGISTER]: Captured registration for entry weathered_copper_shingle_stairs of type minecraft:block
[06Dec2025 14:08:54.270] [modloading-worker-0/DEBUG] [com.tterrag.registrate.AbstractRegistrate/REGISTRATE.REGISTER]: Captured registration for entry oxidized_copper_shingle_stairs of type minecraft:item
[06Dec2025 14:08:54.270] [modloading-worker-0/DEBUG] [com.tterrag.registrate.AbstractRegistrate/REGISTRATE.REGISTER]: Captured registration for entry oxidized_copper_shingle_stairs of type minecraft:block
[06Dec2025 14:08:54.271] [modloading-worker-0/DEBUG] [com.tterrag.registrate.AbstractRegistrate/REGISTRATE.REGISTER]: Captured registration for entry waxed_copper_shingles of type minecraft:item
[06Dec2025 14:08:54.271] [modloading-worker-0/DEBUG] [com.tterrag.registrate.AbstractRegistrate/REGISTRATE.REGISTER]: Captured registration for entry waxed_copper_shingles of type minecraft:block
[06Dec2025 14:08:54.271] [modloading-worker-0/DEBUG] [com.tterrag.registrate.AbstractRegistrate/REGISTRATE.REGISTER]: Captured registration for entry waxed_exposed_copper_shingles of type minecraft:item
[06Dec2025 14:08:54.271] [modloading-worker-0/DEBUG] [com.tterrag.registrate.AbstractRegistrate/REGISTRATE.REGISTER]: Captured registration for entry waxed_exposed_copper_shingles of type minecraft:block
[06Dec2025 14:08:54.271] [modloading-worker-0/DEBUG] [com.tterrag.registrate.AbstractRegistrate/REGISTRATE.REGISTER]: Captured registration for entry waxed_weathered_copper_shingles of type minecraft:item
[06Dec2025 14:08:54.271] [modloading-worker-0/DEBUG] [com.tterrag.registrate.AbstractRegistrate/REGISTRATE.REGISTER]: Captured registration for entry waxed_weathered_copper_shingles of type minecraft:block
[06Dec2025 14:08:54.271] [modloading-worker-0/DEBUG] [com.tterrag.registrate.AbstractRegistrate/REGISTRATE.REGISTER]: Captured registration for entry waxed_oxidized_copper_shingles of type minecraft:item
[06Dec2025 14:08:54.271] [modloading-worker-0/DEBUG] [com.tterrag.registrate.AbstractRegistrate/REGISTRATE.REGISTER]: Captured registration for entry waxed_oxidized_copper_shingles of type minecraft:block
[06Dec2025 14:08:54.271] [modloading-worker-0/DEBUG] [com.tterrag.registrate.AbstractRegistrate/REGISTRATE.REGISTER]: Captured registration for entry waxed_copper_shingle_slab of type minecraft:item
[06Dec2025 14:08:54.271] [modloading-worker-0/DEBUG] [com.tterrag.registrate.AbstractRegistrate/REGISTRATE.REGISTER]: Captured registration for entry waxed_copper_shingle_slab of type minecraft:block
[06Dec2025 14:08:54.271] [modloading-worker-0/DEBUG] [com.tterrag.registrate.AbstractRegistrate/REGISTRATE.REGISTER]: Captured registration for entry waxed_exposed_copper_shingle_slab of type minecraft:item
[06Dec2025 14:08:54.271] [modloading-worker-0/DEBUG] [com.tterrag.registrate.AbstractRegistrate/REGISTRATE.REGISTER]: Captured registration for entry waxed_exposed_copper_shingle_slab of type minecraft:block
[06Dec2025 14:08:54.271] [modloading-worker-0/DEBUG] [com.tterrag.registrate.AbstractRegistrate/REGISTRATE.REGISTER]: Captured registration for entry waxed_weathered_copper_shingle_slab of type minecraft:item
[06Dec2025 14:08:54.271] [modloading-worker-0/DEBUG] [com.tterrag.registrate.AbstractRegistrate/REGISTRATE.REGISTER]: Captured registration for entry waxed_weathered_copper_shingle_slab of type minecraft:block
[06Dec2025 14:08:54.271] [modloading-worker-0/DEBUG] [com.tterrag.registrate.AbstractRegistrate/REGISTRATE.REGISTER]: Captured registration for entry waxed_oxidized_copper_shingle_slab of type minecraft:item
[06Dec2025 14:08:54.271] [modloading-worker-0/DEBUG] [com.tterrag.registrate.AbstractRegistrate/REGISTRATE.REGISTER]: Captured registration for entry waxed_oxidized_copper_shingle_slab of type minecraft:block
[06Dec2025 14:08:54.272] [modloading-worker-0/DEBUG] [com.tterrag.registrate.AbstractRegistrate/REGISTRATE.REGISTER]: Captured registration for entry waxed_copper_shingle_stairs of type minecraft:item
[06Dec2025 14:08:54.272] [modloading-worker-0/DEBUG] [com.tterrag.registrate.AbstractRegistrate/REGISTRATE.REGISTER]: Captured registration for entry waxed_copper_shingle_stairs of type minecraft:block
[06Dec2025 14:08:54.272] [modloading-worker-0/DEBUG] [com.tterrag.registrate.AbstractRegistrate/REGISTRATE.REGISTER]: Captured registration for entry waxed_exposed_copper_shingle_stairs of type minecraft:item
[06Dec2025 14:08:54.272] [modloading-worker-0/DEBUG] [com.tterrag.registrate.AbstractRegistrate/REGISTRATE.REGISTER]: Captured registration for entry waxed_exposed_copper_shingle_stairs of type minecraft:block
[06Dec2025 14:08:54.272] [modloading-worker-0/DEBUG] [com.tterrag.registrate.AbstractRegistrate/REGISTRATE.REGISTER]: Captured registration for entry waxed_weathered_copper_shingle_stairs of type minecraft:item
[06Dec2025 14:08:54.272] [modloading-worker-0/DEBUG] [com.tterrag.registrate.AbstractRegistrate/REGISTRATE.REGISTER]: Captured registration for entry waxed_weathered_copper_shingle_stairs of type minecraft:block
[06Dec2025 14:08:54.272] [modloading-worker-0/DEBUG] [com.tterrag.registrate.AbstractRegistrate/REGISTRATE.REGISTER]: Captured registration for entry waxed_oxidized_copper_shingle_stairs of type minecraft:item
[06Dec2025 14:08:54.272] [modloading-worker-0/DEBUG] [com.tterrag.registrate.AbstractRegistrate/REGISTRATE.REGISTER]: Captured registration for entry waxed_oxidized_copper_shingle_stairs of type minecraft:block
[06Dec2025 14:08:54.272] [modloading-worker-0/DEBUG] [com.tterrag.registrate.AbstractRegistrate/REGISTRATE.REGISTER]: Captured registration for entry copper_tiles of type minecraft:item
[06Dec2025 14:08:54.272] [modloading-worker-0/DEBUG] [com.tterrag.registrate.AbstractRegistrate/REGISTRATE.REGISTER]: Captured registration for entry copper_tiles of type minecraft:block
[06Dec2025 14:08:54.272] [modloading-worker-0/DEBUG] [com.tterrag.registrate.AbstractRegistrate/REGISTRATE.REGISTER]: Captured registration for entry exposed_copper_tiles of type minecraft:item
[06Dec2025 14:08:54.272] [modloading-worker-0/DEBUG] [com.tterrag.registrate.AbstractRegistrate/REGISTRATE.REGISTER]: Captured registration for entry exposed_copper_tiles of type minecraft:block
[06Dec2025 14:08:54.272] [modloading-worker-0/DEBUG] [com.tterrag.registrate.AbstractRegistrate/REGISTRATE.REGISTER]: Captured registration for entry weathered_copper_tiles of type minecraft:item
[06Dec2025 14:08:54.272] [modloading-worker-0/DEBUG] [com.tterrag.registrate.AbstractRegistrate/REGISTRATE.REGISTER]: Captured registration for entry weathered_copper_tiles of type minecraft:block
[06Dec2025 14:08:54.272] [modloading-worker-0/DEBUG] [com.tterrag.registrate.AbstractRegistrate/REGISTRATE.REGISTER]: Captured registration for entry oxidized_copper_tiles of type minecraft:item
[06Dec2025 14:08:54.272] [modloading-worker-0/DEBUG] [com.tterrag.registrate.AbstractRegistrate/REGISTRATE.REGISTER]: Captured registration for entry oxidized_copper_tiles of type minecraft:block
[06Dec2025 14:08:54.272] [modloading-worker-0/DEBUG] [com.tterrag.registrate.AbstractRegistrate/REGISTRATE.REGISTER]: Captured registration for entry copper_tile_slab of type minecraft:item
[06Dec2025 14:08:54.272] [modloading-worker-0/DEBUG] [com.tterrag.registrate.AbstractRegistrate/REGISTRATE.REGISTER]: Captured registration for entry copper_tile_slab of type minecraft:block
[06Dec2025 14:08:54.272] [modloading-worker-0/DEBUG] [com.tterrag.registrate.AbstractRegistrate/REGISTRATE.REGISTER]: Captured registration for entry exposed_copper_tile_slab of type minecraft:item
[06Dec2025 14:08:54.272] [modloading-worker-0/DEBUG] [com.tterrag.registrate.AbstractRegistrate/REGISTRATE.REGISTER]: Captured registration for entry exposed_copper_tile_slab of type minecraft:block
[06Dec2025 14:08:54.272] [modloading-worker-0/DEBUG] [com.tterrag.registrate.AbstractRegistrate/REGISTRATE.REGISTER]: Captured registration for entry weathered_copper_tile_slab of type minecraft:item
[06Dec2025 14:08:54.272] [modloading-worker-0/DEBUG] [com.tterrag.registrate.AbstractRegistrate/REGISTRATE.REGISTER]: Captured registration for entry weathered_copper_tile_slab of type minecraft:block
[06Dec2025 14:08:54.272] [modloading-worker-0/DEBUG] [com.tterrag.registrate.AbstractRegistrate/REGISTRATE.REGISTER]: Captured registration for entry oxidized_copper_tile_slab of type minecraft:item
[06Dec2025 14:08:54.272] [modloading-worker-0/DEBUG] [com.tterrag.registrate.AbstractRegistrate/REGISTRATE.REGISTER]: Captured registration for entry oxidized_copper_tile_slab of type minecraft:block
[06Dec2025 14:08:54.272] [modloading-worker-0/DEBUG] [com.tterrag.registrate.AbstractRegistrate/REGISTRATE.REGISTER]: Captured registration for entry copper_tile_stairs of type minecraft:item
[06Dec2025 14:08:54.272] [modloading-worker-0/DEBUG] [com.tterrag.registrate.AbstractRegistrate/REGISTRATE.REGISTER]: Captured registration for entry copper_tile_stairs of type minecraft:block
[06Dec2025 14:08:54.272] [modloading-worker-0/DEBUG] [com.tterrag.registrate.AbstractRegistrate/REGISTRATE.REGISTER]: Captured registration for entry exposed_copper_tile_stairs of type minecraft:item
[06Dec2025 14:08:54.272] [modloading-worker-0/DEBUG] [com.tterrag.registrate.AbstractRegistrate/REGISTRATE.REGISTER]: Captured registration for entry exposed_copper_tile_stairs of type minecraft:block
[06Dec2025 14:08:54.272] [modloading-worker-0/DEBUG] [com.tterrag.registrate.AbstractRegistrate/REGISTRATE.REGISTER]: Captured registration for entry weathered_copper_tile_stairs of type minecraft:item
[06Dec2025 14:08:54.272] [modloading-worker-0/DEBUG] [com.tterrag.registrate.AbstractRegistrate/REGISTRATE.REGISTER]: Captured registration for entry weathered_copper_tile_stairs of type minecraft:block
[06Dec2025 14:08:54.272] [modloading-worker-0/DEBUG] [com.tterrag.registrate.AbstractRegistrate/REGISTRATE.REGISTER]: Captured registration for entry oxidized_copper_tile_stairs of type minecraft:item
[06Dec2025 14:08:54.272] [modloading-worker-0/DEBUG] [com.tterrag.registrate.AbstractRegistrate/REGISTRATE.REGISTER]: Captured registration for entry oxidized_copper_tile_stairs of type minecraft:block
[06Dec2025 14:08:54.272] [modloading-worker-0/DEBUG] [com.tterrag.registrate.AbstractRegistrate/REGISTRATE.REGISTER]: Captured registration for entry waxed_copper_tiles of type minecraft:item
[06Dec2025 14:08:54.272] [modloading-worker-0/DEBUG] [com.tterrag.registrate.AbstractRegistrate/REGISTRATE.REGISTER]: Captured registration for entry waxed_copper_tiles of type minecraft:block
[06Dec2025 14:08:54.272] [modloading-worker-0/DEBUG] [com.tterrag.registrate.AbstractRegistrate/REGISTRATE.REGISTER]: Captured registration for entry waxed_exposed_copper_tiles of type minecraft:item
[06Dec2025 14:08:54.272] [modloading-worker-0/DEBUG] [com.tterrag.registrate.AbstractRegistrate/REGISTRATE.REGISTER]: Captured registration for entry waxed_exposed_copper_tiles of type minecraft:block
[06Dec2025 14:08:54.272] [modloading-worker-0/DEBUG] [com.tterrag.registrate.AbstractRegistrate/REGISTRATE.REGISTER]: Captured registration for entry waxed_weathered_copper_tiles of type minecraft:item
[06Dec2025 14:08:54.272] [modloading-worker-0/DEBUG] [com.tterrag.registrate.AbstractRegistrate/REGISTRATE.REGISTER]: Captured registration for entry waxed_weathered_copper_tiles of type minecraft:block
[06Dec2025 14:08:54.273] [modloading-worker-0/DEBUG] [com.tterrag.registrate.AbstractRegistrate/REGISTRATE.REGISTER]: Captured registration for entry waxed_oxidized_copper_tiles of type minecraft:item
[06Dec2025 14:08:54.273] [modloading-worker-0/DEBUG] [com.tterrag.registrate.AbstractRegistrate/REGISTRATE.REGISTER]: Captured registration for entry waxed_oxidized_copper_tiles of type minecraft:block
[06Dec2025 14:08:54.273] [modloading-worker-0/DEBUG] [com.tterrag.registrate.AbstractRegistrate/REGISTRATE.REGISTER]: Captured registration for entry waxed_copper_tile_slab of type minecraft:item
[06Dec2025 14:08:54.273] [modloading-worker-0/DEBUG] [com.tterrag.registrate.AbstractRegistrate/REGISTRATE.REGISTER]: Captured registration for entry waxed_copper_tile_slab of type minecraft:block
[06Dec2025 14:08:54.273] [modloading-worker-0/DEBUG] [com.tterrag.registrate.AbstractRegistrate/REGISTRATE.REGISTER]: Captured registration for entry waxed_exposed_copper_tile_slab of type minecraft:item
[06Dec2025 14:08:54.273] [modloading-worker-0/DEBUG] [com.tterrag.registrate.AbstractRegistrate/REGISTRATE.REGISTER]: Captured registration for entry waxed_exposed_copper_tile_slab of type minecraft:block
[06Dec2025 14:08:54.273] [modloading-worker-0/DEBUG] [com.tterrag.registrate.AbstractRegistrate/REGISTRATE.REGISTER]: Captured registration for entry waxed_weathered_copper_tile_slab of type minecraft:item
[06Dec2025 14:08:54.273] [modloading-worker-0/DEBUG] [com.tterrag.registrate.AbstractRegistrate/REGISTRATE.REGISTER]: Captured registration for entry waxed_weathered_copper_tile_slab of type minecraft:block
[06Dec2025 14:08:54.273] [modloading-worker-0/DEBUG] [com.tterrag.registrate.AbstractRegistrate/REGISTRATE.REGISTER]: Captured registration for entry waxed_oxidized_copper_tile_slab of type minecraft:item
[06Dec2025 14:08:54.273] [modloading-worker-0/DEBUG] [com.tterrag.registrate.AbstractRegistrate/REGISTRATE.REGISTER]: Captured registration for entry waxed_oxidized_copper_tile_slab of type minecraft:block
[06Dec2025 14:08:54.273] [modloading-worker-0/DEBUG] [com.tterrag.registrate.AbstractRegistrate/REGISTRATE.REGISTER]: Captured registration for entry waxed_copper_tile_stairs of type minecraft:item
[06Dec2025 14:08:54.273] [modloading-worker-0/DEBUG] [com.tterrag.registrate.AbstractRegistrate/REGISTRATE.REGISTER]: Captured registration for entry waxed_copper_tile_stairs of type minecraft:block
[06Dec2025 14:08:54.273] [modloading-worker-0/DEBUG] [com.tterrag.registrate.AbstractRegistrate/REGISTRATE.REGISTER]: Captured registration for entry waxed_exposed_copper_tile_stairs of type minecraft:item
[06Dec2025 14:08:54.273] [modloading-worker-0/DEBUG] [com.tterrag.registrate.AbstractRegistrate/REGISTRATE.REGISTER]: Captured registration for entry waxed_exposed_copper_tile_stairs of type minecraft:block
[06Dec2025 14:08:54.273] [modloading-worker-0/DEBUG] [com.tterrag.registrate.AbstractRegistrate/REGISTRATE.REGISTER]: Captured registration for entry waxed_weathered_copper_tile_stairs of type minecraft:item
[06Dec2025 14:08:54.273] [modloading-worker-0/DEBUG] [com.tterrag.registrate.AbstractRegistrate/REGISTRATE.REGISTER]: Captured registration for entry waxed_weathered_copper_tile_stairs of type minecraft:block
[06Dec2025 14:08:54.273] [modloading-worker-0/DEBUG] [com.tterrag.registrate.AbstractRegistrate/REGISTRATE.REGISTER]: Captured registration for entry waxed_oxidized_copper_tile_stairs of type minecraft:item
[06Dec2025 14:08:54.273] [modloading-worker-0/DEBUG] [com.tterrag.registrate.AbstractRegistrate/REGISTRATE.REGISTER]: Captured registration for entry waxed_oxidized_copper_tile_stairs of type minecraft:block
[06Dec2025 14:08:54.277] [modloading-worker-0/DEBUG] [com.tterrag.registrate.AbstractRegistrate/REGISTRATE.REGISTER]: Captured registration for entry potion of type forge:fluid_type
[06Dec2025 14:08:54.277] [modloading-worker-0/DEBUG] [com.tterrag.registrate.AbstractRegistrate/REGISTRATE.REGISTER]: Captured registration for entry potion of type minecraft:fluid
[06Dec2025 14:08:54.278] [modloading-worker-0/DEBUG] [com.tterrag.registrate.AbstractRegistrate/REGISTRATE.REGISTER]: Captured registration for entry flowing_potion of type minecraft:fluid
[06Dec2025 14:08:54.278] [modloading-worker-0/DEBUG] [com.tterrag.registrate.AbstractRegistrate/REGISTRATE.REGISTER]: Captured registration for entry tea of type forge:fluid_type
[06Dec2025 14:08:54.278] [modloading-worker-0/DEBUG] [com.tterrag.registrate.AbstractRegistrate/REGISTRATE.REGISTER]: Captured registration for entry tea of type minecraft:fluid
[06Dec2025 14:08:54.278] [modloading-worker-0/DEBUG] [com.tterrag.registrate.AbstractRegistrate/REGISTRATE.REGISTER]: Captured registration for entry flowing_tea of type minecraft:fluid
[06Dec2025 14:08:54.280] [modloading-worker-0/DEBUG] [com.tterrag.registrate.AbstractRegistrate/REGISTRATE.REGISTER]: Captured registration for entry honey of type minecraft:block
[06Dec2025 14:08:54.281] [modloading-worker-0/DEBUG] [com.tterrag.registrate.AbstractRegistrate/REGISTRATE.REGISTER]: Captured registration for entry honey_bucket of type minecraft:item
[06Dec2025 14:08:54.281] [modloading-worker-0/DEBUG] [com.tterrag.registrate.AbstractRegistrate/REGISTRATE.REGISTER]: Captured registration for entry honey of type forge:fluid_type
[06Dec2025 14:08:54.281] [modloading-worker-0/DEBUG] [com.tterrag.registrate.AbstractRegistrate/REGISTRATE.REGISTER]: Captured registration for entry honey of type minecraft:fluid
[06Dec2025 14:08:54.281] [modloading-worker-0/DEBUG] [com.tterrag.registrate.AbstractRegistrate/REGISTRATE.REGISTER]: Captured registration for entry flowing_honey of type minecraft:fluid
[06Dec2025 14:08:54.281] [modloading-worker-0/DEBUG] [com.tterrag.registrate.AbstractRegistrate/REGISTRATE.REGISTER]: Captured registration for entry chocolate of type minecraft:block
[06Dec2025 14:08:54.281] [modloading-worker-0/DEBUG] [com.tterrag.registrate.AbstractRegistrate/REGISTRATE.REGISTER]: Captured registration for entry chocolate of type forge:fluid_type
[06Dec2025 14:08:54.281] [modloading-worker-0/DEBUG] [com.tterrag.registrate.AbstractRegistrate/REGISTRATE.REGISTER]: Captured registration for entry chocolate_bucket of type minecraft:item
[06Dec2025 14:08:54.281] [modloading-worker-0/DEBUG] [com.tterrag.registrate.AbstractRegistrate/REGISTRATE.REGISTER]: Captured registration for entry chocolate of type minecraft:fluid
[06Dec2025 14:08:54.281] [modloading-worker-0/DEBUG] [com.tterrag.registrate.AbstractRegistrate/REGISTRATE.REGISTER]: Captured registration for entry flowing_chocolate of type minecraft:fluid
[06Dec2025 14:08:54.283] [modloading-worker-0/DEBUG] [com.tterrag.registrate.AbstractRegistrate/REGISTRATE.REGISTER]: Captured registration for entry tiled_glass of type minecraft:item
[06Dec2025 14:08:54.283] [modloading-worker-0/DEBUG] [com.tterrag.registrate.AbstractRegistrate/REGISTRATE.REGISTER]: Captured registration for entry tiled_glass of type minecraft:block
[06Dec2025 14:08:54.285] [modloading-worker-0/DEBUG] [com.tterrag.registrate.AbstractRegistrate/REGISTRATE.REGISTER]: Captured registration for entry framed_glass of type minecraft:item
[06Dec2025 14:08:54.285] [modloading-worker-0/DEBUG] [com.tterrag.registrate.AbstractRegistrate/REGISTRATE.REGISTER]: Captured registration for entry framed_glass of type minecraft:block
[06Dec2025 14:08:54.285] [modloading-worker-0/DEBUG] [com.tterrag.registrate.AbstractRegistrate/REGISTRATE.REGISTER]: Captured registration for entry horizontal_framed_glass of type minecraft:item
[06Dec2025 14:08:54.285] [modloading-worker-0/DEBUG] [com.tterrag.registrate.AbstractRegistrate/REGISTRATE.REGISTER]: Captured registration for entry horizontal_framed_glass of type minecraft:block
[06Dec2025 14:08:54.285] [modloading-worker-0/DEBUG] [com.tterrag.registrate.AbstractRegistrate/REGISTRATE.REGISTER]: Captured registration for entry vertical_framed_glass of type minecraft:item
[06Dec2025 14:08:54.285] [modloading-worker-0/DEBUG] [com.tterrag.registrate.AbstractRegistrate/REGISTRATE.REGISTER]: Captured registration for entry vertical_framed_glass of type minecraft:block
[06Dec2025 14:08:54.286] [modloading-worker-0/DEBUG] [com.tterrag.registrate.AbstractRegistrate/REGISTRATE.REGISTER]: Captured registration for entry tiled_glass_pane of type minecraft:item
[06Dec2025 14:08:54.286] [modloading-worker-0/DEBUG] [com.tterrag.registrate.AbstractRegistrate/REGISTRATE.REGISTER]: Captured registration for entry tiled_glass_pane of type minecraft:block
[06Dec2025 14:08:54.287] [modloading-worker-0/DEBUG] [com.tterrag.registrate.AbstractRegistrate/REGISTRATE.REGISTER]: Captured registration for entry framed_glass_pane of type minecraft:item
[06Dec2025 14:08:54.287] [modloading-worker-0/DEBUG] [com.tterrag.registrate.AbstractRegistrate/REGISTRATE.REGISTER]: Captured registration for entry framed_glass_pane of type minecraft:block
[06Dec2025 14:08:54.287] [modloading-worker-0/DEBUG] [com.tterrag.registrate.AbstractRegistrate/REGISTRATE.REGISTER]: Captured registration for entry horizontal_framed_glass_pane of type minecraft:item
[06Dec2025 14:08:54.287] [modloading-worker-0/DEBUG] [com.tterrag.registrate.AbstractRegistrate/REGISTRATE.REGISTER]: Captured registration for entry horizontal_framed_glass_pane of type minecraft:block
[06Dec2025 14:08:54.287] [modloading-worker-0/DEBUG] [com.tterrag.registrate.AbstractRegistrate/REGISTRATE.REGISTER]: Captured registration for entry vertical_framed_glass_pane of type minecraft:item
[06Dec2025 14:08:54.287] [modloading-worker-0/DEBUG] [com.tterrag.registrate.AbstractRegistrate/REGISTRATE.REGISTER]: Captured registration for entry vertical_framed_glass_pane of type minecraft:block
[06Dec2025 14:08:54.288] [modloading-worker-0/DEBUG] [com.tterrag.registrate.AbstractRegistrate/REGISTRATE.REGISTER]: Captured registration for entry oak_window of type minecraft:item
[06Dec2025 14:08:54.288] [modloading-worker-0/DEBUG] [com.tterrag.registrate.AbstractRegistrate/REGISTRATE.REGISTER]: Captured registration for entry oak_window of type minecraft:block
[06Dec2025 14:08:54.288] [modloading-worker-0/DEBUG] [com.tterrag.registrate.AbstractRegistrate/REGISTRATE.REGISTER]: Captured registration for entry spruce_window of type minecraft:item
[06Dec2025 14:08:54.288] [modloading-worker-0/DEBUG] [com.tterrag.registrate.AbstractRegistrate/REGISTRATE.REGISTER]: Captured registration for entry spruce_window of type minecraft:block
[06Dec2025 14:08:54.288] [modloading-worker-0/DEBUG] [com.tterrag.registrate.AbstractRegistrate/REGISTRATE.REGISTER]: Captured registration for entry birch_window of type minecraft:item
[06Dec2025 14:08:54.288] [modloading-worker-0/DEBUG] [com.tterrag.registrate.AbstractRegistrate/REGISTRATE.REGISTER]: Captured registration for entry birch_window of type minecraft:block
[06Dec2025 14:08:54.288] [modloading-worker-0/DEBUG] [com.tterrag.registrate.AbstractRegistrate/REGISTRATE.REGISTER]: Captured registration for entry jungle_window of type minecraft:item
[06Dec2025 14:08:54.288] [modloading-worker-0/DEBUG] [com.tterrag.registrate.AbstractRegistrate/REGISTRATE.REGISTER]: Captured registration for entry jungle_window of type minecraft:block
[06Dec2025 14:08:54.288] [modloading-worker-0/DEBUG] [com.tterrag.registrate.AbstractRegistrate/REGISTRATE.REGISTER]: Captured registration for entry acacia_window of type minecraft:item
[06Dec2025 14:08:54.288] [modloading-worker-0/DEBUG] [com.tterrag.registrate.AbstractRegistrate/REGISTRATE.REGISTER]: Captured registration for entry acacia_window of type minecraft:block
[06Dec2025 14:08:54.288] [modloading-worker-0/DEBUG] [com.tterrag.registrate.AbstractRegistrate/REGISTRATE.REGISTER]: Captured registration for entry dark_oak_window of type minecraft:item
[06Dec2025 14:08:54.288] [modloading-worker-0/DEBUG] [com.tterrag.registrate.AbstractRegistrate/REGISTRATE.REGISTER]: Captured registration for entry dark_oak_window of type minecraft:block
[06Dec2025 14:08:54.288] [modloading-worker-0/DEBUG] [com.tterrag.registrate.AbstractRegistrate/REGISTRATE.REGISTER]: Captured registration for entry mangrove_window of type minecraft:item
[06Dec2025 14:08:54.288] [modloading-worker-0/DEBUG] [com.tterrag.registrate.AbstractRegistrate/REGISTRATE.REGISTER]: Captured registration for entry mangrove_window of type minecraft:block
[06Dec2025 14:08:54.288] [modloading-worker-0/DEBUG] [com.tterrag.registrate.AbstractRegistrate/REGISTRATE.REGISTER]: Captured registration for entry crimson_window of type minecraft:item
[06Dec2025 14:08:54.288] [modloading-worker-0/DEBUG] [com.tterrag.registrate.AbstractRegistrate/REGISTRATE.REGISTER]: Captured registration for entry crimson_window of type minecraft:block
[06Dec2025 14:08:54.288] [modloading-worker-0/DEBUG] [com.tterrag.registrate.AbstractRegistrate/REGISTRATE.REGISTER]: Captured registration for entry warped_window of type minecraft:item
[06Dec2025 14:08:54.288] [modloading-worker-0/DEBUG] [com.tterrag.registrate.AbstractRegistrate/REGISTRATE.REGISTER]: Captured registration for entry warped_window of type minecraft:block
[06Dec2025 14:08:54.288] [modloading-worker-0/DEBUG] [com.tterrag.registrate.AbstractRegistrate/REGISTRATE.REGISTER]: Captured registration for entry cherry_window of type minecraft:item
[06Dec2025 14:08:54.288] [modloading-worker-0/DEBUG] [com.tterrag.registrate.AbstractRegistrate/REGISTRATE.REGISTER]: Captured registration for entry cherry_window of type minecraft:block
[06Dec2025 14:08:54.288] [modloading-worker-0/DEBUG] [com.tterrag.registrate.AbstractRegistrate/REGISTRATE.REGISTER]: Captured registration for entry bamboo_window of type minecraft:item
[06Dec2025 14:08:54.288] [modloading-worker-0/DEBUG] [com.tterrag.registrate.AbstractRegistrate/REGISTRATE.REGISTER]: Captured registration for entry bamboo_window of type minecraft:block
[06Dec2025 14:08:54.288] [modloading-worker-0/DEBUG] [com.tterrag.registrate.AbstractRegistrate/REGISTRATE.REGISTER]: Captured registration for entry ornate_iron_window of type minecraft:item
[06Dec2025 14:08:54.288] [modloading-worker-0/DEBUG] [com.tterrag.registrate.AbstractRegistrate/REGISTRATE.REGISTER]: Captured registration for entry ornate_iron_window of type minecraft:block
[06Dec2025 14:08:54.289] [modloading-worker-0/DEBUG] [com.tterrag.registrate.AbstractRegistrate/REGISTRATE.REGISTER]: Captured registration for entry industrial_iron_window of type minecraft:item
[06Dec2025 14:08:54.289] [modloading-worker-0/DEBUG] [com.tterrag.registrate.AbstractRegistrate/REGISTRATE.REGISTER]: Captured registration for entry industrial_iron_window of type minecraft:block
[06Dec2025 14:08:54.289] [modloading-worker-0/DEBUG] [com.tterrag.registrate.AbstractRegistrate/REGISTRATE.REGISTER]: Captured registration for entry weathered_iron_window of type minecraft:item
[06Dec2025 14:08:54.289] [modloading-worker-0/DEBUG] [com.tterrag.registrate.AbstractRegistrate/REGISTRATE.REGISTER]: Captured registration for entry weathered_iron_window of type minecraft:item
[06Dec2025 14:08:54.289] [modloading-worker-0/DEBUG] [com.tterrag.registrate.AbstractRegistrate/REGISTRATE.REGISTER]: Captured registration for entry weathered_iron_window of type minecraft:block
[06Dec2025 14:08:54.289] [modloading-worker-0/DEBUG] [com.tterrag.registrate.AbstractRegistrate/REGISTRATE.REGISTER]: Captured registration for entry oak_window_pane of type minecraft:item
[06Dec2025 14:08:54.289] [modloading-worker-0/DEBUG] [com.tterrag.registrate.AbstractRegistrate/REGISTRATE.REGISTER]: Captured registration for entry oak_window_pane of type minecraft:block
[06Dec2025 14:08:54.289] [modloading-worker-0/DEBUG] [com.tterrag.registrate.AbstractRegistrate/REGISTRATE.REGISTER]: Captured registration for entry spruce_window_pane of type minecraft:item
[06Dec2025 14:08:54.290] [modloading-worker-0/DEBUG] [com.tterrag.registrate.AbstractRegistrate/REGISTRATE.REGISTER]: Captured registration for entry spruce_window_pane of type minecraft:block
[06Dec2025 14:08:54.290] [modloading-worker-0/DEBUG] [com.tterrag.registrate.AbstractRegistrate/REGISTRATE.REGISTER]: Captured registration for entry birch_window_pane of type minecraft:item
[06Dec2025 14:08:54.290] [modloading-worker-0/DEBUG] [com.tterrag.registrate.AbstractRegistrate/REGISTRATE.REGISTER]: Captured registration for entry birch_window_pane of type minecraft:block
[06Dec2025 14:08:54.290] [modloading-worker-0/DEBUG] [com.tterrag.registrate.AbstractRegistrate/REGISTRATE.REGISTER]: Captured registration for entry jungle_window_pane of type minecraft:item
[06Dec2025 14:08:54.290] [modloading-worker-0/DEBUG] [com.tterrag.registrate.AbstractRegistrate/REGISTRATE.REGISTER]: Captured registration for entry jungle_window_pane of type minecraft:block
[06Dec2025 14:08:54.290] [modloading-worker-0/DEBUG] [com.tterrag.registrate.AbstractRegistrate/REGISTRATE.REGISTER]: Captured registration for entry acacia_window_pane of type minecraft:item
[06Dec2025 14:08:54.290] [modloading-worker-0/DEBUG] [com.tterrag.registrate.AbstractRegistrate/REGISTRATE.REGISTER]: Captured registration for entry acacia_window_pane of type minecraft:block
[06Dec2025 14:08:54.290] [modloading-worker-0/DEBUG] [com.tterrag.registrate.AbstractRegistrate/REGISTRATE.REGISTER]: Captured registration for entry dark_oak_window_pane of type minecraft:item
[06Dec2025 14:08:54.290] [modloading-worker-0/DEBUG] [com.tterrag.registrate.AbstractRegistrate/REGISTRATE.REGISTER]: Captured registration for entry dark_oak_window_pane of type minecraft:block
[06Dec2025 14:08:54.290] [modloading-worker-0/DEBUG] [com.tterrag.registrate.AbstractRegistrate/REGISTRATE.REGISTER]: Captured registration for entry mangrove_window_pane of type minecraft:item
[06Dec2025 14:08:54.290] [modloading-worker-0/DEBUG] [com.tterrag.registrate.AbstractRegistrate/REGISTRATE.REGISTER]: Captured registration for entry mangrove_window_pane of type minecraft:block
[06Dec2025 14:08:54.290] [modloading-worker-0/DEBUG] [com.tterrag.registrate.AbstractRegistrate/REGISTRATE.REGISTER]: Captured registration for entry crimson_window_pane of type minecraft:item
[06Dec2025 14:08:54.290] [modloading-worker-0/DEBUG] [com.tterrag.registrate.AbstractRegistrate/REGISTRATE.REGISTER]: Captured registration for entry crimson_window_pane of type minecraft:block
[06Dec2025 14:08:54.290] [modloading-worker-0/DEBUG] [com.tterrag.registrate.AbstractRegistrate/REGISTRATE.REGISTER]: Captured registration for entry warped_window_pane of type minecraft:item
[06Dec2025 14:08:54.290] [modloading-worker-0/DEBUG] [com.tterrag.registrate.AbstractRegistrate/REGISTRATE.REGISTER]: Captured registration for entry warped_window_pane of type minecraft:block
[06Dec2025 14:08:54.290] [modloading-worker-0/DEBUG] [com.tterrag.registrate.AbstractRegistrate/REGISTRATE.REGISTER]: Captured registration for entry cherry_window_pane of type minecraft:item
[06Dec2025 14:08:54.290] [modloading-worker-0/DEBUG] [com.tterrag.registrate.AbstractRegistrate/REGISTRATE.REGISTER]: Captured registration for entry cherry_window_pane of type minecraft:block
[06Dec2025 14:08:54.290] [modloading-worker-0/DEBUG] [com.tterrag.registrate.AbstractRegistrate/REGISTRATE.REGISTER]: Captured registration for entry bamboo_window_pane of type minecraft:item
[06Dec2025 14:08:54.290] [modloading-worker-0/DEBUG] [com.tterrag.registrate.AbstractRegistrate/REGISTRATE.REGISTER]: Captured registration for entry bamboo_window_pane of type minecraft:block
[06Dec2025 14:08:54.290] [modloading-worker-0/DEBUG] [com.tterrag.registrate.AbstractRegistrate/REGISTRATE.REGISTER]: Captured registration for entry ornate_iron_window_pane of type minecraft:item
[06Dec2025 14:08:54.290] [modloading-worker-0/DEBUG] [com.tterrag.registrate.AbstractRegistrate/REGISTRATE.REGISTER]: Captured registration for entry ornate_iron_window_pane of type minecraft:block
[06Dec2025 14:08:54.290] [modloading-worker-0/DEBUG] [com.tterrag.registrate.AbstractRegistrate/REGISTRATE.REGISTER]: Captured registration for entry industrial_iron_window_pane of type minecraft:item
[06Dec2025 14:08:54.290] [modloading-worker-0/DEBUG] [com.tterrag.registrate.AbstractRegistrate/REGISTRATE.REGISTER]: Captured registration for entry industrial_iron_window_pane of type minecraft:block
[06Dec2025 14:08:54.291] [modloading-worker-0/DEBUG] [com.tterrag.registrate.AbstractRegistrate/REGISTRATE.REGISTER]: Captured registration for entry weathered_iron_window_pane of type minecraft:item
[06Dec2025 14:08:54.291] [modloading-worker-0/DEBUG] [com.tterrag.registrate.AbstractRegistrate/REGISTRATE.REGISTER]: Captured registration for entry weathered_iron_window_pane of type minecraft:block
[06Dec2025 14:08:54.297] [modloading-worker-0/DEBUG] [com.tterrag.registrate.AbstractRegistrate/REGISTRATE.REGISTER]: Captured registration for entry cut_granite of type minecraft:item
[06Dec2025 14:08:54.297] [modloading-worker-0/DEBUG] [com.tterrag.registrate.AbstractRegistrate/REGISTRATE.REGISTER]: Captured registration for entry cut_granite of type minecraft:block
[06Dec2025 14:08:54.297] [modloading-worker-0/DEBUG] [com.tterrag.registrate.AbstractRegistrate/REGISTRATE.REGISTER]: Captured registration for entry cut_granite_stairs of type minecraft:item
[06Dec2025 14:08:54.298] [modloading-worker-0/DEBUG] [com.tterrag.registrate.AbstractRegistrate/REGISTRATE.REGISTER]: Captured registration for entry cut_granite_stairs of type minecraft:block
[06Dec2025 14:08:54.298] [modloading-worker-0/DEBUG] [com.tterrag.registrate.AbstractRegistrate/REGISTRATE.REGISTER]: Captured registration for entry cut_granite_slab of type minecraft:item
[06Dec2025 14:08:54.298] [modloading-worker-0/DEBUG] [com.tterrag.registrate.AbstractRegistrate/REGISTRATE.REGISTER]: Captured registration for entry cut_granite_slab of type minecraft:block
[06Dec2025 14:08:54.298] [modloading-worker-0/DEBUG] [com.tterrag.registrate.AbstractRegistrate/REGISTRATE.REGISTER]: Captured registration for entry cut_granite_wall of type minecraft:item
[06Dec2025 14:08:54.298] [modloading-worker-0/DEBUG] [com.tterrag.registrate.AbstractRegistrate/REGISTRATE.REGISTER]: Captured registration for entry cut_granite_wall of type minecraft:block
[06Dec2025 14:08:54.298] [modloading-worker-0/DEBUG] [com.tterrag.registrate.AbstractRegistrate/REGISTRATE.REGISTER]: Captured registration for entry polished_cut_granite of type minecraft:item
[06Dec2025 14:08:54.298] [modloading-worker-0/DEBUG] [com.tterrag.registrate.AbstractRegistrate/REGISTRATE.REGISTER]: Captured registration for entry polished_cut_granite of type minecraft:block
[06Dec2025 14:08:54.298] [modloading-worker-0/DEBUG] [com.tterrag.registrate.AbstractRegistrate/REGISTRATE.REGISTER]: Captured registration for entry polished_cut_granite_stairs of type minecraft:item
[06Dec2025 14:08:54.298] [modloading-worker-0/DEBUG] [com.tterrag.registrate.AbstractRegistrate/REGISTRATE.REGISTER]: Captured registration for entry polished_cut_granite_stairs of type minecraft:block
[06Dec2025 14:08:54.298] [modloading-worker-0/DEBUG] [com.tterrag.registrate.AbstractRegistrate/REGISTRATE.REGISTER]: Captured registration for entry polished_cut_granite_slab of type minecraft:item
[06Dec2025 14:08:54.298] [modloading-worker-0/DEBUG] [com.tterrag.registrate.AbstractRegistrate/REGISTRATE.REGISTER]: Captured registration for entry polished_cut_granite_slab of type minecraft:block
[06Dec2025 14:08:54.298] [modloading-worker-0/DEBUG] [com.tterrag.registrate.AbstractRegistrate/REGISTRATE.REGISTER]: Captured registration for entry polished_cut_granite_wall of type minecraft:item
[06Dec2025 14:08:54.298] [modloading-worker-0/DEBUG] [com.tterrag.registrate.AbstractRegistrate/REGISTRATE.REGISTER]: Captured registration for entry polished_cut_granite_wall of type minecraft:block
[06Dec2025 14:08:54.298] [modloading-worker-0/DEBUG] [com.tterrag.registrate.AbstractRegistrate/REGISTRATE.REGISTER]: Captured registration for entry cut_granite_bricks of type minecraft:item
[06Dec2025 14:08:54.298] [modloading-worker-0/DEBUG] [com.tterrag.registrate.AbstractRegistrate/REGISTRATE.REGISTER]: Captured registration for entry cut_granite_bricks of type minecraft:block
[06Dec2025 14:08:54.298] [modloading-worker-0/DEBUG] [com.tterrag.registrate.AbstractRegistrate/REGISTRATE.REGISTER]: Captured registration for entry cut_granite_brick_stairs of type minecraft:item
[06Dec2025 14:08:54.298] [modloading-worker-0/DEBUG] [com.tterrag.registrate.AbstractRegistrate/REGISTRATE.REGISTER]: Captured registration for entry cut_granite_brick_stairs of type minecraft:block
[06Dec2025 14:08:54.298] [modloading-worker-0/DEBUG] [com.tterrag.registrate.AbstractRegistrate/REGISTRATE.REGISTER]: Captured registration for entry cut_granite_brick_slab of type minecraft:item
[06Dec2025 14:08:54.298] [modloading-worker-0/DEBUG] [com.tterrag.registrate.AbstractRegistrate/REGISTRATE.REGISTER]: Captured registration for entry cut_granite_brick_slab of type minecraft:block
[06Dec2025 14:08:54.298] [modloading-worker-0/DEBUG] [com.tterrag.registrate.AbstractRegistrate/REGISTRATE.REGISTER]: Captured registration for entry cut_granite_brick_wall of type minecraft:item
[06Dec2025 14:08:54.298] [modloading-worker-0/DEBUG] [com.tterrag.registrate.AbstractRegistrate/REGISTRATE.REGISTER]: Captured registration for entry cut_granite_brick_wall of type minecraft:block
[06Dec2025 14:08:54.298] [modloading-worker-0/DEBUG] [com.tterrag.registrate.AbstractRegistrate/REGISTRATE.REGISTER]: Captured registration for entry small_granite_bricks of type minecraft:item
[06Dec2025 14:08:54.298] [modloading-worker-0/DEBUG] [com.tterrag.registrate.AbstractRegistrate/REGISTRATE.REGISTER]: Captured registration for entry small_granite_bricks of type minecraft:block
[06Dec2025 14:08:54.298] [modloading-worker-0/DEBUG] [com.tterrag.registrate.AbstractRegistrate/REGISTRATE.REGISTER]: Captured registration for entry small_granite_brick_stairs of type minecraft:item
[06Dec2025 14:08:54.298] [modloading-worker-0/DEBUG] [com.tterrag.registrate.AbstractRegistrate/REGISTRATE.REGISTER]: Captured registration for entry small_granite_brick_stairs of type minecraft:block
[06Dec2025 14:08:54.298] [modloading-worker-0/DEBUG] [com.tterrag.registrate.AbstractRegistrate/REGISTRATE.REGISTER]: Captured registration for entry small_granite_brick_slab of type minecraft:item
[06Dec2025 14:08:54.298] [modloading-worker-0/DEBUG] [com.tterrag.registrate.AbstractRegistrate/REGISTRATE.REGISTER]: Captured registration for entry small_granite_brick_slab of type minecraft:block
[06Dec2025 14:08:54.298] [modloading-worker-0/DEBUG] [com.tterrag.registrate.AbstractRegistrate/REGISTRATE.REGISTER]: Captured registration for entry small_granite_brick_wall of type minecraft:item
[06Dec2025 14:08:54.298] [modloading-worker-0/DEBUG] [com.tterrag.registrate.AbstractRegistrate/REGISTRATE.REGISTER]: Captured registration for entry small_granite_brick_wall of type minecraft:block
[06Dec2025 14:08:54.299] [modloading-worker-0/DEBUG] [com.tterrag.registrate.AbstractRegistrate/REGISTRATE.REGISTER]: Captured registration for entry layered_granite of type minecraft:item
[06Dec2025 14:08:54.299] [modloading-worker-0/DEBUG] [com.tterrag.registrate.AbstractRegistrate/REGISTRATE.REGISTER]: Captured registration for entry layered_granite of type minecraft:block
[06Dec2025 14:08:54.299] [modloading-worker-0/DEBUG] [com.tterrag.registrate.AbstractRegistrate/REGISTRATE.REGISTER]: Captured registration for entry granite_pillar of type minecraft:item
[06Dec2025 14:08:54.299] [modloading-worker-0/DEBUG] [com.tterrag.registrate.AbstractRegistrate/REGISTRATE.REGISTER]: Captured registration for entry granite_pillar of type minecraft:block
[06Dec2025 14:08:54.300] [modloading-worker-0/DEBUG] [com.tterrag.registrate.AbstractRegistrate/REGISTRATE.REGISTER]: Captured registration for entry cut_diorite of type minecraft:item
[06Dec2025 14:08:54.300] [modloading-worker-0/DEBUG] [com.tterrag.registrate.AbstractRegistrate/REGISTRATE.REGISTER]: Captured registration for entry cut_diorite of type minecraft:block
[06Dec2025 14:08:54.301] [modloading-worker-0/DEBUG] [com.tterrag.registrate.AbstractRegistrate/REGISTRATE.REGISTER]: Captured registration for entry cut_diorite_stairs of type minecraft:item
[06Dec2025 14:08:54.301] [modloading-worker-0/DEBUG] [com.tterrag.registrate.AbstractRegistrate/REGISTRATE.REGISTER]: Captured registration for entry cut_diorite_stairs of type minecraft:block
[06Dec2025 14:08:54.301] [modloading-worker-0/DEBUG] [com.tterrag.registrate.AbstractRegistrate/REGISTRATE.REGISTER]: Captured registration for entry cut_diorite_slab of type minecraft:item
[06Dec2025 14:08:54.301] [modloading-worker-0/DEBUG] [com.tterrag.registrate.AbstractRegistrate/REGISTRATE.REGISTER]: Captured registration for entry cut_diorite_slab of type minecraft:block
[06Dec2025 14:08:54.301] [modloading-worker-0/DEBUG] [com.tterrag.registrate.AbstractRegistrate/REGISTRATE.REGISTER]: Captured registration for entry cut_diorite_wall of type minecraft:item
[06Dec2025 14:08:54.301] [modloading-worker-0/DEBUG] [com.tterrag.registrate.AbstractRegistrate/REGISTRATE.REGISTER]: Captured registration for entry cut_diorite_wall of type minecraft:block
[06Dec2025 14:08:54.301] [modloading-worker-0/DEBUG] [com.tterrag.registrate.AbstractRegistrate/REGISTRATE.REGISTER]: Captured registration for entry polished_cut_diorite of type minecraft:item
[06Dec2025 14:08:54.301] [modloading-worker-0/DEBUG] [com.tterrag.registrate.AbstractRegistrate/REGISTRATE.REGISTER]: Captured registration for entry polished_cut_diorite of type minecraft:block
[06Dec2025 14:08:54.301] [modloading-worker-0/DEBUG] [com.tterrag.registrate.AbstractRegistrate/REGISTRATE.REGISTER]: Captured registration for entry polished_cut_diorite_stairs of type minecraft:item
[06Dec2025 14:08:54.301] [modloading-worker-0/DEBUG] [com.tterrag.registrate.AbstractRegistrate/REGISTRATE.REGISTER]: Captured registration for entry polished_cut_diorite_stairs of type minecraft:block
[06Dec2025 14:08:54.301] [modloading-worker-0/DEBUG] [com.tterrag.registrate.AbstractRegistrate/REGISTRATE.REGISTER]: Captured registration for entry polished_cut_diorite_slab of type minecraft:item
[06Dec2025 14:08:54.301] [modloading-worker-0/DEBUG] [com.tterrag.registrate.AbstractRegistrate/REGISTRATE.REGISTER]: Captured registration for entry polished_cut_diorite_slab of type minecraft:block
[06Dec2025 14:08:54.301] [modloading-worker-0/DEBUG] [com.tterrag.registrate.AbstractRegistrate/REGISTRATE.REGISTER]: Captured registration for entry polished_cut_diorite_wall of type minecraft:item
[06Dec2025 14:08:54.301] [modloading-worker-0/DEBUG] [com.tterrag.registrate.AbstractRegistrate/REGISTRATE.REGISTER]: Captured registration for entry polished_cut_diorite_wall of type minecraft:block
[06Dec2025 14:08:54.301] [modloading-worker-0/DEBUG] [com.tterrag.registrate.AbstractRegistrate/REGISTRATE.REGISTER]: Captured registration for entry cut_diorite_bricks of type minecraft:item
[06Dec2025 14:08:54.301] [modloading-worker-0/DEBUG] [com.tterrag.registrate.AbstractRegistrate/REGISTRATE.REGISTER]: Captured registration for entry cut_diorite_bricks of type minecraft:block
[06Dec2025 14:08:54.301] [modloading-worker-0/DEBUG] [com.tterrag.registrate.AbstractRegistrate/REGISTRATE.REGISTER]: Captured registration for entry cut_diorite_brick_stairs of type minecraft:item
[06Dec2025 14:08:54.301] [modloading-worker-0/DEBUG] [com.tterrag.registrate.AbstractRegistrate/REGISTRATE.REGISTER]: Captured registration for entry cut_diorite_brick_stairs of type minecraft:block
[06Dec2025 14:08:54.301] [modloading-worker-0/DEBUG] [com.tterrag.registrate.AbstractRegistrate/REGISTRATE.REGISTER]: Captured registration for entry cut_diorite_brick_slab of type minecraft:item
[06Dec2025 14:08:54.301] [modloading-worker-0/DEBUG] [com.tterrag.registrate.AbstractRegistrate/REGISTRATE.REGISTER]: Captured registration for entry cut_diorite_brick_slab of type minecraft:block
[06Dec2025 14:08:54.301] [modloading-worker-0/DEBUG] [com.tterrag.registrate.AbstractRegistrate/REGISTRATE.REGISTER]: Captured registration for entry cut_diorite_brick_wall of type minecraft:item
[06Dec2025 14:08:54.301] [modloading-worker-0/DEBUG] [com.tterrag.registrate.AbstractRegistrate/REGISTRATE.REGISTER]: Captured registration for entry cut_diorite_brick_wall of type minecraft:block
[06Dec2025 14:08:54.301] [modloading-worker-0/DEBUG] [com.tterrag.registrate.AbstractRegistrate/REGISTRATE.REGISTER]: Captured registration for entry small_diorite_bricks of type minecraft:item
[06Dec2025 14:08:54.301] [modloading-worker-0/DEBUG] [com.tterrag.registrate.AbstractRegistrate/REGISTRATE.REGISTER]: Captured registration for entry small_diorite_bricks of type minecraft:block
[06Dec2025 14:08:54.301] [modloading-worker-0/DEBUG] [com.tterrag.registrate.AbstractRegistrate/REGISTRATE.REGISTER]: Captured registration for entry small_diorite_brick_stairs of type minecraft:item
[06Dec2025 14:08:54.301] [modloading-worker-0/DEBUG] [com.tterrag.registrate.AbstractRegistrate/REGISTRATE.REGISTER]: Captured registration for entry small_diorite_brick_stairs of type minecraft:block
[06Dec2025 14:08:54.301] [modloading-worker-0/DEBUG] [com.tterrag.registrate.AbstractRegistrate/REGISTRATE.REGISTER]: Captured registration for entry small_diorite_brick_slab of type minecraft:item
[06Dec2025 14:08:54.301] [modloading-worker-0/DEBUG] [com.tterrag.registrate.AbstractRegistrate/REGISTRATE.REGISTER]: Captured registration for entry small_diorite_brick_slab of type minecraft:block
[06Dec2025 14:08:54.301] [modloading-worker-0/DEBUG] [com.tterrag.registrate.AbstractRegistrate/REGISTRATE.REGISTER]: Captured registration for entry small_diorite_brick_wall of type minecraft:item
[06Dec2025 14:08:54.301] [modloading-worker-0/DEBUG] [com.tterrag.registrate.AbstractRegistrate/REGISTRATE.REGISTER]: Captured registration for entry small_diorite_brick_wall of type minecraft:block
[06Dec2025 14:08:54.301] [modloading-worker-0/DEBUG] [com.tterrag.registrate.AbstractRegistrate/REGISTRATE.REGISTER]: Captured registration for entry layered_diorite of type minecraft:item
[06Dec2025 14:08:54.301] [modloading-worker-0/DEBUG] [com.tterrag.registrate.AbstractRegistrate/REGISTRATE.REGISTER]: Captured registration for entry layered_diorite of type minecraft:block
[06Dec2025 14:08:54.301] [modloading-worker-0/DEBUG] [com.tterrag.registrate.AbstractRegistrate/REGISTRATE.REGISTER]: Captured registration for entry diorite_pillar of type minecraft:item
[06Dec2025 14:08:54.301] [modloading-worker-0/DEBUG] [com.tterrag.registrate.AbstractRegistrate/REGISTRATE.REGISTER]: Captured registration for entry diorite_pillar of type minecraft:block
[06Dec2025 14:08:54.301] [modloading-worker-0/DEBUG] [com.tterrag.registrate.AbstractRegistrate/REGISTRATE.REGISTER]: Captured registration for entry cut_andesite of type minecraft:item
[06Dec2025 14:08:54.301] [modloading-worker-0/DEBUG] [com.tterrag.registrate.AbstractRegistrate/REGISTRATE.REGISTER]: Captured registration for entry cut_andesite of type minecraft:block
[06Dec2025 14:08:54.301] [modloading-worker-0/DEBUG] [com.tterrag.registrate.AbstractRegistrate/REGISTRATE.REGISTER]: Captured registration for entry cut_andesite_stairs of type minecraft:item
[06Dec2025 14:08:54.302] [modloading-worker-0/DEBUG] [com.tterrag.registrate.AbstractRegistrate/REGISTRATE.REGISTER]: Captured registration for entry cut_andesite_stairs of type minecraft:block
[06Dec2025 14:08:54.302] [modloading-worker-0/DEBUG] [com.tterrag.registrate.AbstractRegistrate/REGISTRATE.REGISTER]: Captured registration for entry cut_andesite_slab of type minecraft:item
[06Dec2025 14:08:54.302] [modloading-worker-0/DEBUG] [com.tterrag.registrate.AbstractRegistrate/REGISTRATE.REGISTER]: Captured registration for entry cut_andesite_slab of type minecraft:block
[06Dec2025 14:08:54.302] [modloading-worker-0/DEBUG] [com.tterrag.registrate.AbstractRegistrate/REGISTRATE.REGISTER]: Captured registration for entry cut_andesite_wall of type minecraft:item
[06Dec2025 14:08:54.302] [modloading-worker-0/DEBUG] [com.tterrag.registrate.AbstractRegistrate/REGISTRATE.REGISTER]: Captured registration for entry cut_andesite_wall of type minecraft:block
[06Dec2025 14:08:54.302] [modloading-worker-0/DEBUG] [com.tterrag.registrate.AbstractRegistrate/REGISTRATE.REGISTER]: Captured registration for entry polished_cut_andesite of type minecraft:item
[06Dec2025 14:08:54.302] [modloading-worker-0/DEBUG] [com.tterrag.registrate.AbstractRegistrate/REGISTRATE.REGISTER]: Captured registration for entry polished_cut_andesite of type minecraft:block
[06Dec2025 14:08:54.302] [modloading-worker-0/DEBUG] [com.tterrag.registrate.AbstractRegistrate/REGISTRATE.REGISTER]: Captured registration for entry polished_cut_andesite_stairs of type minecraft:item
[06Dec2025 14:08:54.302] [modloading-worker-0/DEBUG] [com.tterrag.registrate.AbstractRegistrate/REGISTRATE.REGISTER]: Captured registration for entry polished_cut_andesite_stairs of type minecraft:block
[06Dec2025 14:08:54.302] [modloading-worker-0/DEBUG] [com.tterrag.registrate.AbstractRegistrate/REGISTRATE.REGISTER]: Captured registration for entry polished_cut_andesite_slab of type minecraft:item
[06Dec2025 14:08:54.302] [modloading-worker-0/DEBUG] [com.tterrag.registrate.AbstractRegistrate/REGISTRATE.REGISTER]: Captured registration for entry polished_cut_andesite_slab of type minecraft:block
[06Dec2025 14:08:54.302] [modloading-worker-0/DEBUG] [com.tterrag.registrate.AbstractRegistrate/REGISTRATE.REGISTER]: Captured registration for entry polished_cut_andesite_wall of type minecraft:item
[06Dec2025 14:08:54.302] [modloading-worker-0/DEBUG] [com.tterrag.registrate.AbstractRegistrate/REGISTRATE.REGISTER]: Captured registration for entry polished_cut_andesite_wall of type minecraft:block
[06Dec2025 14:08:54.302] [modloading-worker-0/DEBUG] [com.tterrag.registrate.AbstractRegistrate/REGISTRATE.REGISTER]: Captured registration for entry cut_andesite_bricks of type minecraft:item
[06Dec2025 14:08:54.302] [modloading-worker-0/DEBUG] [com.tterrag.registrate.AbstractRegistrate/REGISTRATE.REGISTER]: Captured registration for entry cut_andesite_bricks of type minecraft:block
[06Dec2025 14:08:54.302] [modloading-worker-0/DEBUG] [com.tterrag.registrate.AbstractRegistrate/REGISTRATE.REGISTER]: Captured registration for entry cut_andesite_brick_stairs of type minecraft:item
[06Dec2025 14:08:54.302] [modloading-worker-0/DEBUG] [com.tterrag.registrate.AbstractRegistrate/REGISTRATE.REGISTER]: Captured registration for entry cut_andesite_brick_stairs of type minecraft:block
[06Dec2025 14:08:54.302] [modloading-worker-0/DEBUG] [com.tterrag.registrate.AbstractRegistrate/REGISTRATE.REGISTER]: Captured registration for entry cut_andesite_brick_slab of type minecraft:item
[06Dec2025 14:08:54.302] [modloading-worker-0/DEBUG] [com.tterrag.registrate.AbstractRegistrate/REGISTRATE.REGISTER]: Captured registration for entry cut_andesite_brick_slab of type minecraft:block
[06Dec2025 14:08:54.302] [modloading-worker-0/DEBUG] [com.tterrag.registrate.AbstractRegistrate/REGISTRATE.REGISTER]: Captured registration for entry cut_andesite_brick_wall of type minecraft:item
[06Dec2025 14:08:54.302] [modloading-worker-0/DEBUG] [com.tterrag.registrate.AbstractRegistrate/REGISTRATE.REGISTER]: Captured registration for entry cut_andesite_brick_wall of type minecraft:block
[06Dec2025 14:08:54.302] [modloading-worker-0/DEBUG] [com.tterrag.registrate.AbstractRegistrate/REGISTRATE.REGISTER]: Captured registration for entry small_andesite_bricks of type minecraft:item
[06Dec2025 14:08:54.302] [modloading-worker-0/DEBUG] [com.tterrag.registrate.AbstractRegistrate/REGISTRATE.REGISTER]: Captured registration for entry small_andesite_bricks of type minecraft:block
[06Dec2025 14:08:54.302] [modloading-worker-0/DEBUG] [com.tterrag.registrate.AbstractRegistrate/REGISTRATE.REGISTER]: Captured registration for entry small_andesite_brick_stairs of type minecraft:item
[06Dec2025 14:08:54.302] [modloading-worker-0/DEBUG] [com.tterrag.registrate.AbstractRegistrate/REGISTRATE.REGISTER]: Captured registration for entry small_andesite_brick_stairs of type minecraft:block
[06Dec2025 14:08:54.302] [modloading-worker-0/DEBUG] [com.tterrag.registrate.AbstractRegistrate/REGISTRATE.REGISTER]: Captured registration for entry small_andesite_brick_slab of type minecraft:item
[06Dec2025 14:08:54.302] [modloading-worker-0/DEBUG] [com.tterrag.registrate.AbstractRegistrate/REGISTRATE.REGISTER]: Captured registration for entry small_andesite_brick_slab of type minecraft:block
[06Dec2025 14:08:54.302] [modloading-worker-0/DEBUG] [com.tterrag.registrate.AbstractRegistrate/REGISTRATE.REGISTER]: Captured registration for entry small_andesite_brick_wall of type minecraft:item
[06Dec2025 14:08:54.302] [modloading-worker-0/DEBUG] [com.tterrag.registrate.AbstractRegistrate/REGISTRATE.REGISTER]: Captured registration for entry small_andesite_brick_wall of type minecraft:block
[06Dec2025 14:08:54.302] [modloading-worker-0/DEBUG] [com.tterrag.registrate.AbstractRegistrate/REGISTRATE.REGISTER]: Captured registration for entry layered_andesite of type minecraft:item
[06Dec2025 14:08:54.302] [modloading-worker-0/DEBUG] [com.tterrag.registrate.AbstractRegistrate/REGISTRATE.REGISTER]: Captured registration for entry layered_andesite of type minecraft:block
[06Dec2025 14:08:54.302] [modloading-worker-0/DEBUG] [com.tterrag.registrate.AbstractRegistrate/REGISTRATE.REGISTER]: Captured registration for entry andesite_pillar of type minecraft:item
[06Dec2025 14:08:54.302] [modloading-worker-0/DEBUG] [com.tterrag.registrate.AbstractRegistrate/REGISTRATE.REGISTER]: Captured registration for entry andesite_pillar of type minecraft:block
[06Dec2025 14:08:54.302] [modloading-worker-0/DEBUG] [com.tterrag.registrate.AbstractRegistrate/REGISTRATE.REGISTER]: Captured registration for entry cut_calcite of type minecraft:item
[06Dec2025 14:08:54.302] [modloading-worker-0/DEBUG] [com.tterrag.registrate.AbstractRegistrate/REGISTRATE.REGISTER]: Captured registration for entry cut_calcite of type minecraft:block
[06Dec2025 14:08:54.302] [modloading-worker-0/DEBUG] [com.tterrag.registrate.AbstractRegistrate/REGISTRATE.REGISTER]: Captured registration for entry cut_calcite_stairs of type minecraft:item
[06Dec2025 14:08:54.302] [modloading-worker-0/DEBUG] [com.tterrag.registrate.AbstractRegistrate/REGISTRATE.REGISTER]: Captured registration for entry cut_calcite_stairs of type minecraft:block
[06Dec2025 14:08:54.302] [modloading-worker-0/DEBUG] [com.tterrag.registrate.AbstractRegistrate/REGISTRATE.REGISTER]: Captured registration for entry cut_calcite_slab of type minecraft:item
[06Dec2025 14:08:54.302] [modloading-worker-0/DEBUG] [com.tterrag.registrate.AbstractRegistrate/REGISTRATE.REGISTER]: Captured registration for entry cut_calcite_slab of type minecraft:block
[06Dec2025 14:08:54.302] [modloading-worker-0/DEBUG] [com.tterrag.registrate.AbstractRegistrate/REGISTRATE.REGISTER]: Captured registration for entry cut_calcite_wall of type minecraft:item
[06Dec2025 14:08:54.302] [modloading-worker-0/DEBUG] [com.tterrag.registrate.AbstractRegistrate/REGISTRATE.REGISTER]: Captured registration for entry cut_calcite_wall of type minecraft:block
[06Dec2025 14:08:54.302] [modloading-worker-0/DEBUG] [com.tterrag.registrate.AbstractRegistrate/REGISTRATE.REGISTER]: Captured registration for entry polished_cut_calcite of type minecraft:item
[06Dec2025 14:08:54.302] [modloading-worker-0/DEBUG] [com.tterrag.registrate.AbstractRegistrate/REGISTRATE.REGISTER]: Captured registration for entry polished_cut_calcite of type minecraft:block
[06Dec2025 14:08:54.302] [modloading-worker-0/DEBUG] [com.tterrag.registrate.AbstractRegistrate/REGISTRATE.REGISTER]: Captured registration for entry polished_cut_calcite_stairs of type minecraft:item
[06Dec2025 14:08:54.302] [modloading-worker-0/DEBUG] [com.tterrag.registrate.AbstractRegistrate/REGISTRATE.REGISTER]: Captured registration for entry polished_cut_calcite_stairs of type minecraft:block
[06Dec2025 14:08:54.302] [modloading-worker-0/DEBUG] [com.tterrag.registrate.AbstractRegistrate/REGISTRATE.REGISTER]: Captured registration for entry polished_cut_calcite_slab of type minecraft:item
[06Dec2025 14:08:54.302] [modloading-worker-0/DEBUG] [com.tterrag.registrate.AbstractRegistrate/REGISTRATE.REGISTER]: Captured registration for entry polished_cut_calcite_slab of type minecraft:block
[06Dec2025 14:08:54.303] [modloading-worker-0/DEBUG] [com.tterrag.registrate.AbstractRegistrate/REGISTRATE.REGISTER]: Captured registration for entry polished_cut_calcite_wall of type minecraft:item
[06Dec2025 14:08:54.303] [modloading-worker-0/DEBUG] [com.tterrag.registrate.AbstractRegistrate/REGISTRATE.REGISTER]: Captured registration for entry polished_cut_calcite_wall of type minecraft:block
[06Dec2025 14:08:54.303] [modloading-worker-0/DEBUG] [com.tterrag.registrate.AbstractRegistrate/REGISTRATE.REGISTER]: Captured registration for entry cut_calcite_bricks of type minecraft:item
[06Dec2025 14:08:54.303] [modloading-worker-0/DEBUG] [com.tterrag.registrate.AbstractRegistrate/REGISTRATE.REGISTER]: Captured registration for entry cut_calcite_bricks of type minecraft:block
[06Dec2025 14:08:54.303] [modloading-worker-0/DEBUG] [com.tterrag.registrate.AbstractRegistrate/REGISTRATE.REGISTER]: Captured registration for entry cut_calcite_brick_stairs of type minecraft:item
[06Dec2025 14:08:54.303] [modloading-worker-0/DEBUG] [com.tterrag.registrate.AbstractRegistrate/REGISTRATE.REGISTER]: Captured registration for entry cut_calcite_brick_stairs of type minecraft:block
[06Dec2025 14:08:54.303] [modloading-worker-0/DEBUG] [com.tterrag.registrate.AbstractRegistrate/REGISTRATE.REGISTER]: Captured registration for entry cut_calcite_brick_slab of type minecraft:item
[06Dec2025 14:08:54.303] [modloading-worker-0/DEBUG] [com.tterrag.registrate.AbstractRegistrate/REGISTRATE.REGISTER]: Captured registration for entry cut_calcite_brick_slab of type minecraft:block
[06Dec2025 14:08:54.303] [modloading-worker-0/DEBUG] [com.tterrag.registrate.AbstractRegistrate/REGISTRATE.REGISTER]: Captured registration for entry cut_calcite_brick_wall of type minecraft:item
[06Dec2025 14:08:54.303] [modloading-worker-0/DEBUG] [com.tterrag.registrate.AbstractRegistrate/REGISTRATE.REGISTER]: Captured registration for entry cut_calcite_brick_wall of type minecraft:block
[06Dec2025 14:08:54.303] [modloading-worker-0/DEBUG] [com.tterrag.registrate.AbstractRegistrate/REGISTRATE.REGISTER]: Captured registration for entry small_calcite_bricks of type minecraft:item
[06Dec2025 14:08:54.303] [modloading-worker-0/DEBUG] [com.tterrag.registrate.AbstractRegistrate/REGISTRATE.REGISTER]: Captured registration for entry small_calcite_bricks of type minecraft:block
[06Dec2025 14:08:54.303] [modloading-worker-0/DEBUG] [com.tterrag.registrate.AbstractRegistrate/REGISTRATE.REGISTER]: Captured registration for entry small_calcite_brick_stairs of type minecraft:item
[06Dec2025 14:08:54.303] [modloading-worker-0/DEBUG] [com.tterrag.registrate.AbstractRegistrate/REGISTRATE.REGISTER]: Captured registration for entry small_calcite_brick_stairs of type minecraft:block
[06Dec2025 14:08:54.303] [modloading-worker-0/DEBUG] [com.tterrag.registrate.AbstractRegistrate/REGISTRATE.REGISTER]: Captured registration for entry small_calcite_brick_slab of type minecraft:item
[06Dec2025 14:08:54.303] [modloading-worker-0/DEBUG] [com.tterrag.registrate.AbstractRegistrate/REGISTRATE.REGISTER]: Captured registration for entry small_calcite_brick_slab of type minecraft:block
[06Dec2025 14:08:54.303] [modloading-worker-0/DEBUG] [com.tterrag.registrate.AbstractRegistrate/REGISTRATE.REGISTER]: Captured registration for entry small_calcite_brick_wall of type minecraft:item
[06Dec2025 14:08:54.303] [modloading-worker-0/DEBUG] [com.tterrag.registrate.AbstractRegistrate/REGISTRATE.REGISTER]: Captured registration for entry small_calcite_brick_wall of type minecraft:block
[06Dec2025 14:08:54.303] [modloading-worker-0/DEBUG] [com.tterrag.registrate.AbstractRegistrate/REGISTRATE.REGISTER]: Captured registration for entry layered_calcite of type minecraft:item
[06Dec2025 14:08:54.303] [modloading-worker-0/DEBUG] [com.tterrag.registrate.AbstractRegistrate/REGISTRATE.REGISTER]: Captured registration for entry layered_calcite of type minecraft:block
[06Dec2025 14:08:54.303] [modloading-worker-0/DEBUG] [com.tterrag.registrate.AbstractRegistrate/REGISTRATE.REGISTER]: Captured registration for entry calcite_pillar of type minecraft:item
[06Dec2025 14:08:54.303] [modloading-worker-0/DEBUG] [com.tterrag.registrate.AbstractRegistrate/REGISTRATE.REGISTER]: Captured registration for entry calcite_pillar of type minecraft:block
[06Dec2025 14:08:54.303] [modloading-worker-0/DEBUG] [com.tterrag.registrate.AbstractRegistrate/REGISTRATE.REGISTER]: Captured registration for entry cut_dripstone of type minecraft:item
[06Dec2025 14:08:54.303] [modloading-worker-0/DEBUG] [com.tterrag.registrate.AbstractRegistrate/REGISTRATE.REGISTER]: Captured registration for entry cut_dripstone of type minecraft:block
[06Dec2025 14:08:54.303] [modloading-worker-0/DEBUG] [com.tterrag.registrate.AbstractRegistrate/REGISTRATE.REGISTER]: Captured registration for entry cut_dripstone_stairs of type minecraft:item
[06Dec2025 14:08:54.303] [modloading-worker-0/DEBUG] [com.tterrag.registrate.AbstractRegistrate/REGISTRATE.REGISTER]: Captured registration for entry cut_dripstone_stairs of type minecraft:block
[06Dec2025 14:08:54.303] [modloading-worker-0/DEBUG] [com.tterrag.registrate.AbstractRegistrate/REGISTRATE.REGISTER]: Captured registration for entry cut_dripstone_slab of type minecraft:item
[06Dec2025 14:08:54.303] [modloading-worker-0/DEBUG] [com.tterrag.registrate.AbstractRegistrate/REGISTRATE.REGISTER]: Captured registration for entry cut_dripstone_slab of type minecraft:block
[06Dec2025 14:08:54.303] [modloading-worker-0/DEBUG] [com.tterrag.registrate.AbstractRegistrate/REGISTRATE.REGISTER]: Captured registration for entry cut_dripstone_wall of type minecraft:item
[06Dec2025 14:08:54.303] [modloading-worker-0/DEBUG] [com.tterrag.registrate.AbstractRegistrate/REGISTRATE.REGISTER]: Captured registration for entry cut_dripstone_wall of type minecraft:block
[06Dec2025 14:08:54.303] [modloading-worker-0/DEBUG] [com.tterrag.registrate.AbstractRegistrate/REGISTRATE.REGISTER]: Captured registration for entry polished_cut_dripstone of type minecraft:item
[06Dec2025 14:08:54.303] [modloading-worker-0/DEBUG] [com.tterrag.registrate.AbstractRegistrate/REGISTRATE.REGISTER]: Captured registration for entry polished_cut_dripstone of type minecraft:block
[06Dec2025 14:08:54.303] [modloading-worker-0/DEBUG] [com.tterrag.registrate.AbstractRegistrate/REGISTRATE.REGISTER]: Captured registration for entry polished_cut_dripstone_stairs of type minecraft:item
[06Dec2025 14:08:54.303] [modloading-worker-0/DEBUG] [com.tterrag.registrate.AbstractRegistrate/REGISTRATE.REGISTER]: Captured registration for entry polished_cut_dripstone_stairs of type minecraft:block
[06Dec2025 14:08:54.303] [modloading-worker-0/DEBUG] [com.tterrag.registrate.AbstractRegistrate/REGISTRATE.REGISTER]: Captured registration for entry polished_cut_dripstone_slab of type minecraft:item
[06Dec2025 14:08:54.303] [modloading-worker-0/DEBUG] [com.tterrag.registrate.AbstractRegistrate/REGISTRATE.REGISTER]: Captured registration for entry polished_cut_dripstone_slab of type minecraft:block
[06Dec2025 14:08:54.303] [modloading-worker-0/DEBUG] [com.tterrag.registrate.AbstractRegistrate/REGISTRATE.REGISTER]: Captured registration for entry polished_cut_dripstone_wall of type minecraft:item
[06Dec2025 14:08:54.303] [modloading-worker-0/DEBUG] [com.tterrag.registrate.AbstractRegistrate/REGISTRATE.REGISTER]: Captured registration for entry polished_cut_dripstone_wall of type minecraft:block
[06Dec2025 14:08:54.303] [modloading-worker-0/DEBUG] [com.tterrag.registrate.AbstractRegistrate/REGISTRATE.REGISTER]: Captured registration for entry cut_dripstone_bricks of type minecraft:item
[06Dec2025 14:08:54.303] [modloading-worker-0/DEBUG] [com.tterrag.registrate.AbstractRegistrate/REGISTRATE.REGISTER]: Captured registration for entry cut_dripstone_bricks of type minecraft:block
[06Dec2025 14:08:54.303] [modloading-worker-0/DEBUG] [com.tterrag.registrate.AbstractRegistrate/REGISTRATE.REGISTER]: Captured registration for entry cut_dripstone_brick_stairs of type minecraft:item
[06Dec2025 14:08:54.304] [modloading-worker-0/DEBUG] [com.tterrag.registrate.AbstractRegistrate/REGISTRATE.REGISTER]: Captured registration for entry cut_dripstone_brick_stairs of type minecraft:block
[06Dec2025 14:08:54.304] [modloading-worker-0/DEBUG] [com.tterrag.registrate.AbstractRegistrate/REGISTRATE.REGISTER]: Captured registration for entry cut_dripstone_brick_slab of type minecraft:item
[06Dec2025 14:08:54.304] [modloading-worker-0/DEBUG] [com.tterrag.registrate.AbstractRegistrate/REGISTRATE.REGISTER]: Captured registration for entry cut_dripstone_brick_slab of type minecraft:block
[06Dec2025 14:08:54.304] [modloading-worker-0/DEBUG] [com.tterrag.registrate.AbstractRegistrate/REGISTRATE.REGISTER]: Captured registration for entry cut_dripstone_brick_wall of type minecraft:item
[06Dec2025 14:08:54.304] [modloading-worker-0/DEBUG] [com.tterrag.registrate.AbstractRegistrate/REGISTRATE.REGISTER]: Captured registration for entry cut_dripstone_brick_wall of type minecraft:block
[06Dec2025 14:08:54.304] [modloading-worker-0/DEBUG] [com.tterrag.registrate.AbstractRegistrate/REGISTRATE.REGISTER]: Captured registration for entry small_dripstone_bricks of type minecraft:item
[06Dec2025 14:08:54.304] [modloading-worker-0/DEBUG] [com.tterrag.registrate.AbstractRegistrate/REGISTRATE.REGISTER]: Captured registration for entry small_dripstone_bricks of type minecraft:block
[06Dec2025 14:08:54.304] [modloading-worker-0/DEBUG] [com.tterrag.registrate.AbstractRegistrate/REGISTRATE.REGISTER]: Captured registration for entry small_dripstone_brick_stairs of type minecraft:item
[06Dec2025 14:08:54.304] [modloading-worker-0/DEBUG] [com.tterrag.registrate.AbstractRegistrate/REGISTRATE.REGISTER]: Captured registration for entry small_dripstone_brick_stairs of type minecraft:block
[06Dec2025 14:08:54.304] [modloading-worker-0/DEBUG] [com.tterrag.registrate.AbstractRegistrate/REGISTRATE.REGISTER]: Captured registration for entry small_dripstone_brick_slab of type minecraft:item
[06Dec2025 14:08:54.304] [modloading-worker-0/DEBUG] [com.tterrag.registrate.AbstractRegistrate/REGISTRATE.REGISTER]: Captured registration for entry small_dripstone_brick_slab of type minecraft:block
[06Dec2025 14:08:54.304] [modloading-worker-0/DEBUG] [com.tterrag.registrate.AbstractRegistrate/REGISTRATE.REGISTER]: Captured registration for entry small_dripstone_brick_wall of type minecraft:item
[06Dec2025 14:08:54.304] [modloading-worker-0/DEBUG] [com.tterrag.registrate.AbstractRegistrate/REGISTRATE.REGISTER]: Captured registration for entry small_dripstone_brick_wall of type minecraft:block
[06Dec2025 14:08:54.304] [modloading-worker-0/DEBUG] [com.tterrag.registrate.AbstractRegistrate/REGISTRATE.REGISTER]: Captured registration for entry layered_dripstone of type minecraft:item
[06Dec2025 14:08:54.304] [modloading-worker-0/DEBUG] [com.tterrag.registrate.AbstractRegistrate/REGISTRATE.REGISTER]: Captured registration for entry layered_dripstone of type minecraft:block
[06Dec2025 14:08:54.304] [modloading-worker-0/DEBUG] [com.tterrag.registrate.AbstractRegistrate/REGISTRATE.REGISTER]: Captured registration for entry dripstone_pillar of type minecraft:item
[06Dec2025 14:08:54.304] [modloading-worker-0/DEBUG] [com.tterrag.registrate.AbstractRegistrate/REGISTRATE.REGISTER]: Captured registration for entry dripstone_pillar of type minecraft:block
[06Dec2025 14:08:54.304] [modloading-worker-0/DEBUG] [com.tterrag.registrate.AbstractRegistrate/REGISTRATE.REGISTER]: Captured registration for entry cut_deepslate of type minecraft:item
[06Dec2025 14:08:54.304] [modloading-worker-0/DEBUG] [com.tterrag.registrate.AbstractRegistrate/REGISTRATE.REGISTER]: Captured registration for entry cut_deepslate of type minecraft:block
[06Dec2025 14:08:54.304] [modloading-worker-0/DEBUG] [com.tterrag.registrate.AbstractRegistrate/REGISTRATE.REGISTER]: Captured registration for entry cut_deepslate_stairs of type minecraft:item
[06Dec2025 14:08:54.304] [modloading-worker-0/DEBUG] [com.tterrag.registrate.AbstractRegistrate/REGISTRATE.REGISTER]: Captured registration for entry cut_deepslate_stairs of type minecraft:block
[06Dec2025 14:08:54.304] [modloading-worker-0/DEBUG] [com.tterrag.registrate.AbstractRegistrate/REGISTRATE.REGISTER]: Captured registration for entry cut_deepslate_slab of type minecraft:item
[06Dec2025 14:08:54.304] [modloading-worker-0/DEBUG] [com.tterrag.registrate.AbstractRegistrate/REGISTRATE.REGISTER]: Captured registration for entry cut_deepslate_slab of type minecraft:block
[06Dec2025 14:08:54.304] [modloading-worker-0/DEBUG] [com.tterrag.registrate.AbstractRegistrate/REGISTRATE.REGISTER]: Captured registration for entry cut_deepslate_wall of type minecraft:item
[06Dec2025 14:08:54.304] [modloading-worker-0/DEBUG] [com.tterrag.registrate.AbstractRegistrate/REGISTRATE.REGISTER]: Captured registration for entry cut_deepslate_wall of type minecraft:block
[06Dec2025 14:08:54.304] [modloading-worker-0/DEBUG] [com.tterrag.registrate.AbstractRegistrate/REGISTRATE.REGISTER]: Captured registration for entry polished_cut_deepslate of type minecraft:item
[06Dec2025 14:08:54.304] [modloading-worker-0/DEBUG] [com.tterrag.registrate.AbstractRegistrate/REGISTRATE.REGISTER]: Captured registration for entry polished_cut_deepslate of type minecraft:block
[06Dec2025 14:08:54.304] [modloading-worker-0/DEBUG] [com.tterrag.registrate.AbstractRegistrate/REGISTRATE.REGISTER]: Captured registration for entry polished_cut_deepslate_stairs of type minecraft:item
[06Dec2025 14:08:54.304] [modloading-worker-0/DEBUG] [com.tterrag.registrate.AbstractRegistrate/REGISTRATE.REGISTER]: Captured registration for entry polished_cut_deepslate_stairs of type minecraft:block
[06Dec2025 14:08:54.304] [modloading-worker-0/DEBUG] [com.tterrag.registrate.AbstractRegistrate/REGISTRATE.REGISTER]: Captured registration for entry polished_cut_deepslate_slab of type minecraft:item
[06Dec2025 14:08:54.304] [modloading-worker-0/DEBUG] [com.tterrag.registrate.AbstractRegistrate/REGISTRATE.REGISTER]: Captured registration for entry polished_cut_deepslate_slab of type minecraft:block
[06Dec2025 14:08:54.304] [modloading-worker-0/DEBUG] [com.tterrag.registrate.AbstractRegistrate/REGISTRATE.REGISTER]: Captured registration for entry polished_cut_deepslate_wall of type minecraft:item
[06Dec2025 14:08:54.304] [modloading-worker-0/DEBUG] [com.tterrag.registrate.AbstractRegistrate/REGISTRATE.REGISTER]: Captured registration for entry polished_cut_deepslate_wall of type minecraft:block
[06Dec2025 14:08:54.305] [modloading-worker-0/DEBUG] [com.tterrag.registrate.AbstractRegistrate/REGISTRATE.REGISTER]: Captured registration for entry cut_deepslate_bricks of type minecraft:item
[06Dec2025 14:08:54.305] [modloading-worker-0/DEBUG] [com.tterrag.registrate.AbstractRegistrate/REGISTRATE.REGISTER]: Captured registration for entry cut_deepslate_bricks of type minecraft:block
[06Dec2025 14:08:54.305] [modloading-worker-0/DEBUG] [com.tterrag.registrate.AbstractRegistrate/REGISTRATE.REGISTER]: Captured registration for entry cut_deepslate_brick_stairs of type minecraft:item
[06Dec2025 14:08:54.305] [modloading-worker-0/DEBUG] [com.tterrag.registrate.AbstractRegistrate/REGISTRATE.REGISTER]: Captured registration for entry cut_deepslate_brick_stairs of type minecraft:block
[06Dec2025 14:08:54.305] [modloading-worker-0/DEBUG] [com.tterrag.registrate.AbstractRegistrate/REGISTRATE.REGISTER]: Captured registration for entry cut_deepslate_brick_slab of type minecraft:item
[06Dec2025 14:08:54.305] [modloading-worker-0/DEBUG] [com.tterrag.registrate.AbstractRegistrate/REGISTRATE.REGISTER]: Captured registration for entry cut_deepslate_brick_slab of type minecraft:block
[06Dec2025 14:08:54.305] [modloading-worker-0/DEBUG] [com.tterrag.registrate.AbstractRegistrate/REGISTRATE.REGISTER]: Captured registration for entry cut_deepslate_brick_wall of type minecraft:item
[06Dec2025 14:08:54.305] [modloading-worker-0/DEBUG] [com.tterrag.registrate.AbstractRegistrate/REGISTRATE.REGISTER]: Captured registration for entry cut_deepslate_brick_wall of type minecraft:block
[06Dec2025 14:08:54.305] [modloading-worker-0/DEBUG] [com.tterrag.registrate.AbstractRegistrate/REGISTRATE.REGISTER]: Captured registration for entry small_deepslate_bricks of type minecraft:item
[06Dec2025 14:08:54.305] [modloading-worker-0/DEBUG] [com.tterrag.registrate.AbstractRegistrate/REGISTRATE.REGISTER]: Captured registration for entry small_deepslate_bricks of type minecraft:block
[06Dec2025 14:08:54.305] [modloading-worker-0/DEBUG] [com.tterrag.registrate.AbstractRegistrate/REGISTRATE.REGISTER]: Captured registration for entry small_deepslate_brick_stairs of type minecraft:item
[06Dec2025 14:08:54.305] [modloading-worker-0/DEBUG] [com.tterrag.registrate.AbstractRegistrate/REGISTRATE.REGISTER]: Captured registration for entry small_deepslate_brick_stairs of type minecraft:block
[06Dec2025 14:08:54.305] [modloading-worker-0/DEBUG] [com.tterrag.registrate.AbstractRegistrate/REGISTRATE.REGISTER]: Captured registration for entry small_deepslate_brick_slab of type minecraft:item
[06Dec2025 14:08:54.305] [modloading-worker-0/DEBUG] [com.tterrag.registrate.AbstractRegistrate/REGISTRATE.REGISTER]: Captured registration for entry small_deepslate_brick_slab of type minecraft:block
[06Dec2025 14:08:54.305] [modloading-worker-0/DEBUG] [com.tterrag.registrate.AbstractRegistrate/REGISTRATE.REGISTER]: Captured registration for entry small_deepslate_brick_wall of type minecraft:item
[06Dec2025 14:08:54.305] [modloading-worker-0/DEBUG] [com.tterrag.registrate.AbstractRegistrate/REGISTRATE.REGISTER]: Captured registration for entry small_deepslate_brick_wall of type minecraft:block
[06Dec2025 14:08:54.305] [modloading-worker-0/DEBUG] [com.tterrag.registrate.AbstractRegistrate/REGISTRATE.REGISTER]: Captured registration for entry layered_deepslate of type minecraft:item
[06Dec2025 14:08:54.305] [modloading-worker-0/DEBUG] [com.tterrag.registrate.AbstractRegistrate/REGISTRATE.REGISTER]: Captured registration for entry layered_deepslate of type minecraft:block
[06Dec2025 14:08:54.305] [modloading-worker-0/DEBUG] [com.tterrag.registrate.AbstractRegistrate/REGISTRATE.REGISTER]: Captured registration for entry deepslate_pillar of type minecraft:item
[06Dec2025 14:08:54.305] [modloading-worker-0/DEBUG] [com.tterrag.registrate.AbstractRegistrate/REGISTRATE.REGISTER]: Captured registration for entry deepslate_pillar of type minecraft:block
[06Dec2025 14:08:54.305] [modloading-worker-0/DEBUG] [com.tterrag.registrate.AbstractRegistrate/REGISTRATE.REGISTER]: Captured registration for entry cut_tuff of type minecraft:item
[06Dec2025 14:08:54.305] [modloading-worker-0/DEBUG] [com.tterrag.registrate.AbstractRegistrate/REGISTRATE.REGISTER]: Captured registration for entry cut_tuff of type minecraft:block
[06Dec2025 14:08:54.305] [modloading-worker-0/DEBUG] [com.tterrag.registrate.AbstractRegistrate/REGISTRATE.REGISTER]: Captured registration for entry cut_tuff_stairs of type minecraft:item
[06Dec2025 14:08:54.305] [modloading-worker-0/DEBUG] [com.tterrag.registrate.AbstractRegistrate/REGISTRATE.REGISTER]: Captured registration for entry cut_tuff_stairs of type minecraft:block
[06Dec2025 14:08:54.305] [modloading-worker-0/DEBUG] [com.tterrag.registrate.AbstractRegistrate/REGISTRATE.REGISTER]: Captured registration for entry cut_tuff_slab of type minecraft:item
[06Dec2025 14:08:54.305] [modloading-worker-0/DEBUG] [com.tterrag.registrate.AbstractRegistrate/REGISTRATE.REGISTER]: Captured registration for entry cut_tuff_slab of type minecraft:block
[06Dec2025 14:08:54.305] [modloading-worker-0/DEBUG] [com.tterrag.registrate.AbstractRegistrate/REGISTRATE.REGISTER]: Captured registration for entry cut_tuff_wall of type minecraft:item
[06Dec2025 14:08:54.305] [modloading-worker-0/DEBUG] [com.tterrag.registrate.AbstractRegistrate/REGISTRATE.REGISTER]: Captured registration for entry cut_tuff_wall of type minecraft:block
[06Dec2025 14:08:54.305] [modloading-worker-0/DEBUG] [com.tterrag.registrate.AbstractRegistrate/REGISTRATE.REGISTER]: Captured registration for entry polished_cut_tuff of type minecraft:item
[06Dec2025 14:08:54.305] [modloading-worker-0/DEBUG] [com.tterrag.registrate.AbstractRegistrate/REGISTRATE.REGISTER]: Captured registration for entry polished_cut_tuff of type minecraft:block
[06Dec2025 14:08:54.305] [modloading-worker-0/DEBUG] [com.tterrag.registrate.AbstractRegistrate/REGISTRATE.REGISTER]: Captured registration for entry polished_cut_tuff_stairs of type minecraft:item
[06Dec2025 14:08:54.305] [modloading-worker-0/DEBUG] [com.tterrag.registrate.AbstractRegistrate/REGISTRATE.REGISTER]: Captured registration for entry polished_cut_tuff_stairs of type minecraft:block
[06Dec2025 14:08:54.305] [modloading-worker-0/DEBUG] [com.tterrag.registrate.AbstractRegistrate/REGISTRATE.REGISTER]: Captured registration for entry polished_cut_tuff_slab of type minecraft:item
[06Dec2025 14:08:54.305] [modloading-worker-0/DEBUG] [com.tterrag.registrate.AbstractRegistrate/REGISTRATE.REGISTER]: Captured registration for entry polished_cut_tuff_slab of type minecraft:block
[06Dec2025 14:08:54.305] [modloading-worker-0/DEBUG] [com.tterrag.registrate.AbstractRegistrate/REGISTRATE.REGISTER]: Captured registration for entry polished_cut_tuff_wall of type minecraft:item
[06Dec2025 14:08:54.305] [modloading-worker-0/DEBUG] [com.tterrag.registrate.AbstractRegistrate/REGISTRATE.REGISTER]: Captured registration for entry polished_cut_tuff_wall of type minecraft:block
[06Dec2025 14:08:54.305] [modloading-worker-0/DEBUG] [com.tterrag.registrate.AbstractRegistrate/REGISTRATE.REGISTER]: Captured registration for entry cut_tuff_bricks of type minecraft:item
[06Dec2025 14:08:54.305] [modloading-worker-0/DEBUG] [com.tterrag.registrate.AbstractRegistrate/REGISTRATE.REGISTER]: Captured registration for entry cut_tuff_bricks of type minecraft:block
[06Dec2025 14:08:54.305] [modloading-worker-0/DEBUG] [com.tterrag.registrate.AbstractRegistrate/REGISTRATE.REGISTER]: Captured registration for entry cut_tuff_brick_stairs of type minecraft:item
[06Dec2025 14:08:54.305] [modloading-worker-0/DEBUG] [com.tterrag.registrate.AbstractRegistrate/REGISTRATE.REGISTER]: Captured registration for entry cut_tuff_brick_stairs of type minecraft:block
[06Dec2025 14:08:54.305] [modloading-worker-0/DEBUG] [com.tterrag.registrate.AbstractRegistrate/REGISTRATE.REGISTER]: Captured registration for entry cut_tuff_brick_slab of type minecraft:item
[06Dec2025 14:08:54.305] [modloading-worker-0/DEBUG] [com.tterrag.registrate.AbstractRegistrate/REGISTRATE.REGISTER]: Captured registration for entry cut_tuff_brick_slab of type minecraft:block
[06Dec2025 14:08:54.306] [modloading-worker-0/DEBUG] [com.tterrag.registrate.AbstractRegistrate/REGISTRATE.REGISTER]: Captured registration for entry cut_tuff_brick_wall of type minecraft:item
[06Dec2025 14:08:54.306] [modloading-worker-0/DEBUG] [com.tterrag.registrate.AbstractRegistrate/REGISTRATE.REGISTER]: Captured registration for entry cut_tuff_brick_wall of type minecraft:block
[06Dec2025 14:08:54.306] [modloading-worker-0/DEBUG] [com.tterrag.registrate.AbstractRegistrate/REGISTRATE.REGISTER]: Captured registration for entry small_tuff_bricks of type minecraft:item
[06Dec2025 14:08:54.306] [modloading-worker-0/DEBUG] [com.tterrag.registrate.AbstractRegistrate/REGISTRATE.REGISTER]: Captured registration for entry small_tuff_bricks of type minecraft:block
[06Dec2025 14:08:54.306] [modloading-worker-0/DEBUG] [com.tterrag.registrate.AbstractRegistrate/REGISTRATE.REGISTER]: Captured registration for entry small_tuff_brick_stairs of type minecraft:item
[06Dec2025 14:08:54.306] [modloading-worker-0/DEBUG] [com.tterrag.registrate.AbstractRegistrate/REGISTRATE.REGISTER]: Captured registration for entry small_tuff_brick_stairs of type minecraft:block
[06Dec2025 14:08:54.306] [modloading-worker-0/DEBUG] [com.tterrag.registrate.AbstractRegistrate/REGISTRATE.REGISTER]: Captured registration for entry small_tuff_brick_slab of type minecraft:item
[06Dec2025 14:08:54.306] [modloading-worker-0/DEBUG] [com.tterrag.registrate.AbstractRegistrate/REGISTRATE.REGISTER]: Captured registration for entry small_tuff_brick_slab of type minecraft:block
[06Dec2025 14:08:54.306] [modloading-worker-0/DEBUG] [com.tterrag.registrate.AbstractRegistrate/REGISTRATE.REGISTER]: Captured registration for entry small_tuff_brick_wall of type minecraft:item
[06Dec2025 14:08:54.306] [modloading-worker-0/DEBUG] [com.tterrag.registrate.AbstractRegistrate/REGISTRATE.REGISTER]: Captured registration for entry small_tuff_brick_wall of type minecraft:block
[06Dec2025 14:08:54.306] [modloading-worker-0/DEBUG] [com.tterrag.registrate.AbstractRegistrate/REGISTRATE.REGISTER]: Captured registration for entry layered_tuff of type minecraft:item
[06Dec2025 14:08:54.306] [modloading-worker-0/DEBUG] [com.tterrag.registrate.AbstractRegistrate/REGISTRATE.REGISTER]: Captured registration for entry layered_tuff of type minecraft:block
[06Dec2025 14:08:54.306] [modloading-worker-0/DEBUG] [com.tterrag.registrate.AbstractRegistrate/REGISTRATE.REGISTER]: Captured registration for entry tuff_pillar of type minecraft:item
[06Dec2025 14:08:54.306] [modloading-worker-0/DEBUG] [com.tterrag.registrate.AbstractRegistrate/REGISTRATE.REGISTER]: Captured registration for entry tuff_pillar of type minecraft:block
[06Dec2025 14:08:54.306] [modloading-worker-0/DEBUG] [com.tterrag.registrate.AbstractRegistrate/REGISTRATE.REGISTER]: Captured registration for entry asurine of type minecraft:item
[06Dec2025 14:08:54.306] [modloading-worker-0/DEBUG] [com.tterrag.registrate.AbstractRegistrate/REGISTRATE.REGISTER]: Captured registration for entry asurine of type minecraft:block
[06Dec2025 14:08:54.307] [modloading-worker-0/DEBUG] [com.tterrag.registrate.AbstractRegistrate/REGISTRATE.REGISTER]: Captured registration for entry cut_asurine of type minecraft:item
[06Dec2025 14:08:54.307] [modloading-worker-0/DEBUG] [com.tterrag.registrate.AbstractRegistrate/REGISTRATE.REGISTER]: Captured registration for entry cut_asurine of type minecraft:block
[06Dec2025 14:08:54.307] [modloading-worker-0/DEBUG] [com.tterrag.registrate.AbstractRegistrate/REGISTRATE.REGISTER]: Captured registration for entry cut_asurine_stairs of type minecraft:item
[06Dec2025 14:08:54.307] [modloading-worker-0/DEBUG] [com.tterrag.registrate.AbstractRegistrate/REGISTRATE.REGISTER]: Captured registration for entry cut_asurine_stairs of type minecraft:block
[06Dec2025 14:08:54.307] [modloading-worker-0/DEBUG] [com.tterrag.registrate.AbstractRegistrate/REGISTRATE.REGISTER]: Captured registration for entry cut_asurine_slab of type minecraft:item
[06Dec2025 14:08:54.307] [modloading-worker-0/DEBUG] [com.tterrag.registrate.AbstractRegistrate/REGISTRATE.REGISTER]: Captured registration for entry cut_asurine_slab of type minecraft:block
[06Dec2025 14:08:54.307] [modloading-worker-0/DEBUG] [com.tterrag.registrate.AbstractRegistrate/REGISTRATE.REGISTER]: Captured registration for entry cut_asurine_wall of type minecraft:item
[06Dec2025 14:08:54.307] [modloading-worker-0/DEBUG] [com.tterrag.registrate.AbstractRegistrate/REGISTRATE.REGISTER]: Captured registration for entry cut_asurine_wall of type minecraft:block
[06Dec2025 14:08:54.307] [modloading-worker-0/DEBUG] [com.tterrag.registrate.AbstractRegistrate/REGISTRATE.REGISTER]: Captured registration for entry polished_cut_asurine of type minecraft:item
[06Dec2025 14:08:54.307] [modloading-worker-0/DEBUG] [com.tterrag.registrate.AbstractRegistrate/REGISTRATE.REGISTER]: Captured registration for entry polished_cut_asurine of type minecraft:block
[06Dec2025 14:08:54.307] [modloading-worker-0/DEBUG] [com.tterrag.registrate.AbstractRegistrate/REGISTRATE.REGISTER]: Captured registration for entry polished_cut_asurine_stairs of type minecraft:item
[06Dec2025 14:08:54.307] [modloading-worker-0/DEBUG] [com.tterrag.registrate.AbstractRegistrate/REGISTRATE.REGISTER]: Captured registration for entry polished_cut_asurine_stairs of type minecraft:block
[06Dec2025 14:08:54.307] [modloading-worker-0/DEBUG] [com.tterrag.registrate.AbstractRegistrate/REGISTRATE.REGISTER]: Captured registration for entry polished_cut_asurine_slab of type minecraft:item
[06Dec2025 14:08:54.307] [modloading-worker-0/DEBUG] [com.tterrag.registrate.AbstractRegistrate/REGISTRATE.REGISTER]: Captured registration for entry polished_cut_asurine_slab of type minecraft:block
[06Dec2025 14:08:54.307] [modloading-worker-0/DEBUG] [com.tterrag.registrate.AbstractRegistrate/REGISTRATE.REGISTER]: Captured registration for entry polished_cut_asurine_wall of type minecraft:item
[06Dec2025 14:08:54.307] [modloading-worker-0/DEBUG] [com.tterrag.registrate.AbstractRegistrate/REGISTRATE.REGISTER]: Captured registration for entry polished_cut_asurine_wall of type minecraft:block
[06Dec2025 14:08:54.307] [modloading-worker-0/DEBUG] [com.tterrag.registrate.AbstractRegistrate/REGISTRATE.REGISTER]: Captured registration for entry cut_asurine_bricks of type minecraft:item
[06Dec2025 14:08:54.307] [modloading-worker-0/DEBUG] [com.tterrag.registrate.AbstractRegistrate/REGISTRATE.REGISTER]: Captured registration for entry cut_asurine_bricks of type minecraft:block
[06Dec2025 14:08:54.307] [modloading-worker-0/DEBUG] [com.tterrag.registrate.AbstractRegistrate/REGISTRATE.REGISTER]: Captured registration for entry cut_asurine_brick_stairs of type minecraft:item
[06Dec2025 14:08:54.307] [modloading-worker-0/DEBUG] [com.tterrag.registrate.AbstractRegistrate/REGISTRATE.REGISTER]: Captured registration for entry cut_asurine_brick_stairs of type minecraft:block
[06Dec2025 14:08:54.307] [modloading-worker-0/DEBUG] [com.tterrag.registrate.AbstractRegistrate/REGISTRATE.REGISTER]: Captured registration for entry cut_asurine_brick_slab of type minecraft:item
[06Dec2025 14:08:54.307] [modloading-worker-0/DEBUG] [com.tterrag.registrate.AbstractRegistrate/REGISTRATE.REGISTER]: Captured registration for entry cut_asurine_brick_slab of type minecraft:block
[06Dec2025 14:08:54.307] [modloading-worker-0/DEBUG] [com.tterrag.registrate.AbstractRegistrate/REGISTRATE.REGISTER]: Captured registration for entry cut_asurine_brick_wall of type minecraft:item
[06Dec2025 14:08:54.307] [modloading-worker-0/DEBUG] [com.tterrag.registrate.AbstractRegistrate/REGISTRATE.REGISTER]: Captured registration for entry cut_asurine_brick_wall of type minecraft:block
[06Dec2025 14:08:54.307] [modloading-worker-0/DEBUG] [com.tterrag.registrate.AbstractRegistrate/REGISTRATE.REGISTER]: Captured registration for entry small_asurine_bricks of type minecraft:item
[06Dec2025 14:08:54.307] [modloading-worker-0/DEBUG] [com.tterrag.registrate.AbstractRegistrate/REGISTRATE.REGISTER]: Captured registration for entry small_asurine_bricks of type minecraft:block
[06Dec2025 14:08:54.307] [modloading-worker-0/DEBUG] [com.tterrag.registrate.AbstractRegistrate/REGISTRATE.REGISTER]: Captured registration for entry small_asurine_brick_stairs of type minecraft:item
[06Dec2025 14:08:54.307] [modloading-worker-0/DEBUG] [com.tterrag.registrate.AbstractRegistrate/REGISTRATE.REGISTER]: Captured registration for entry small_asurine_brick_stairs of type minecraft:block
[06Dec2025 14:08:54.307] [modloading-worker-0/DEBUG] [com.tterrag.registrate.AbstractRegistrate/REGISTRATE.REGISTER]: Captured registration for entry small_asurine_brick_slab of type minecraft:item
[06Dec2025 14:08:54.307] [modloading-worker-0/DEBUG] [com.tterrag.registrate.AbstractRegistrate/REGISTRATE.REGISTER]: Captured registration for entry small_asurine_brick_slab of type minecraft:block
[06Dec2025 14:08:54.307] [modloading-worker-0/DEBUG] [com.tterrag.registrate.AbstractRegistrate/REGISTRATE.REGISTER]: Captured registration for entry small_asurine_brick_wall of type minecraft:item
[06Dec2025 14:08:54.307] [modloading-worker-0/DEBUG] [com.tterrag.registrate.AbstractRegistrate/REGISTRATE.REGISTER]: Captured registration for entry small_asurine_brick_wall of type minecraft:block
[06Dec2025 14:08:54.307] [modloading-worker-0/DEBUG] [com.tterrag.registrate.AbstractRegistrate/REGISTRATE.REGISTER]: Captured registration for entry layered_asurine of type minecraft:item
[06Dec2025 14:08:54.307] [modloading-worker-0/DEBUG] [com.tterrag.registrate.AbstractRegistrate/REGISTRATE.REGISTER]: Captured registration for entry layered_asurine of type minecraft:block
[06Dec2025 14:08:54.308] [modloading-worker-0/DEBUG] [com.tterrag.registrate.AbstractRegistrate/REGISTRATE.REGISTER]: Captured registration for entry asurine_pillar of type minecraft:item
[06Dec2025 14:08:54.308] [modloading-worker-0/DEBUG] [com.tterrag.registrate.AbstractRegistrate/REGISTRATE.REGISTER]: Captured registration for entry asurine_pillar of type minecraft:block
[06Dec2025 14:08:54.308] [modloading-worker-0/DEBUG] [com.tterrag.registrate.AbstractRegistrate/REGISTRATE.REGISTER]: Captured registration for entry crimsite of type minecraft:item
[06Dec2025 14:08:54.308] [modloading-worker-0/DEBUG] [com.tterrag.registrate.AbstractRegistrate/REGISTRATE.REGISTER]: Captured registration for entry crimsite of type minecraft:block
[06Dec2025 14:08:54.308] [modloading-worker-0/DEBUG] [com.tterrag.registrate.AbstractRegistrate/REGISTRATE.REGISTER]: Captured registration for entry cut_crimsite of type minecraft:item
[06Dec2025 14:08:54.308] [modloading-worker-0/DEBUG] [com.tterrag.registrate.AbstractRegistrate/REGISTRATE.REGISTER]: Captured registration for entry cut_crimsite of type minecraft:block
[06Dec2025 14:08:54.308] [modloading-worker-0/DEBUG] [com.tterrag.registrate.AbstractRegistrate/REGISTRATE.REGISTER]: Captured registration for entry cut_crimsite_stairs of type minecraft:item
[06Dec2025 14:08:54.308] [modloading-worker-0/DEBUG] [com.tterrag.registrate.AbstractRegistrate/REGISTRATE.REGISTER]: Captured registration for entry cut_crimsite_stairs of type minecraft:block
[06Dec2025 14:08:54.308] [modloading-worker-0/DEBUG] [com.tterrag.registrate.AbstractRegistrate/REGISTRATE.REGISTER]: Captured registration for entry cut_crimsite_slab of type minecraft:item
[06Dec2025 14:08:54.308] [modloading-worker-0/DEBUG] [com.tterrag.registrate.AbstractRegistrate/REGISTRATE.REGISTER]: Captured registration for entry cut_crimsite_slab of type minecraft:block
[06Dec2025 14:08:54.308] [modloading-worker-0/DEBUG] [com.tterrag.registrate.AbstractRegistrate/REGISTRATE.REGISTER]: Captured registration for entry cut_crimsite_wall of type minecraft:item
[06Dec2025 14:08:54.308] [modloading-worker-0/DEBUG] [com.tterrag.registrate.AbstractRegistrate/REGISTRATE.REGISTER]: Captured registration for entry cut_crimsite_wall of type minecraft:block
[06Dec2025 14:08:54.308] [modloading-worker-0/DEBUG] [com.tterrag.registrate.AbstractRegistrate/REGISTRATE.REGISTER]: Captured registration for entry polished_cut_crimsite of type minecraft:item
[06Dec2025 14:08:54.308] [modloading-worker-0/DEBUG] [com.tterrag.registrate.AbstractRegistrate/REGISTRATE.REGISTER]: Captured registration for entry polished_cut_crimsite of type minecraft:block
[06Dec2025 14:08:54.308] [modloading-worker-0/DEBUG] [com.tterrag.registrate.AbstractRegistrate/REGISTRATE.REGISTER]: Captured registration for entry polished_cut_crimsite_stairs of type minecraft:item
[06Dec2025 14:08:54.308] [modloading-worker-0/DEBUG] [com.tterrag.registrate.AbstractRegistrate/REGISTRATE.REGISTER]: Captured registration for entry polished_cut_crimsite_stairs of type minecraft:block
[06Dec2025 14:08:54.309] [modloading-worker-0/DEBUG] [com.tterrag.registrate.AbstractRegistrate/REGISTRATE.REGISTER]: Captured registration for entry polished_cut_crimsite_slab of type minecraft:item
[06Dec2025 14:08:54.309] [modloading-worker-0/DEBUG] [com.tterrag.registrate.AbstractRegistrate/REGISTRATE.REGISTER]: Captured registration for entry polished_cut_crimsite_slab of type minecraft:block
[06Dec2025 14:08:54.309] [modloading-worker-0/DEBUG] [com.tterrag.registrate.AbstractRegistrate/REGISTRATE.REGISTER]: Captured registration for entry polished_cut_crimsite_wall of type minecraft:item
[06Dec2025 14:08:54.309] [modloading-worker-0/DEBUG] [com.tterrag.registrate.AbstractRegistrate/REGISTRATE.REGISTER]: Captured registration for entry polished_cut_crimsite_wall of type minecraft:block
[06Dec2025 14:08:54.309] [modloading-worker-0/DEBUG] [com.tterrag.registrate.AbstractRegistrate/REGISTRATE.REGISTER]: Captured registration for entry cut_crimsite_bricks of type minecraft:item
[06Dec2025 14:08:54.309] [modloading-worker-0/DEBUG] [com.tterrag.registrate.AbstractRegistrate/REGISTRATE.REGISTER]: Captured registration for entry cut_crimsite_bricks of type minecraft:block
[06Dec2025 14:08:54.309] [modloading-worker-0/DEBUG] [com.tterrag.registrate.AbstractRegistrate/REGISTRATE.REGISTER]: Captured registration for entry cut_crimsite_brick_stairs of type minecraft:item
[06Dec2025 14:08:54.309] [modloading-worker-0/DEBUG] [com.tterrag.registrate.AbstractRegistrate/REGISTRATE.REGISTER]: Captured registration for entry cut_crimsite_brick_stairs of type minecraft:block
[06Dec2025 14:08:54.309] [modloading-worker-0/DEBUG] [com.tterrag.registrate.AbstractRegistrate/REGISTRATE.REGISTER]: Captured registration for entry cut_crimsite_brick_slab of type minecraft:item
[06Dec2025 14:08:54.309] [modloading-worker-0/DEBUG] [com.tterrag.registrate.AbstractRegistrate/REGISTRATE.REGISTER]: Captured registration for entry cut_crimsite_brick_slab of type minecraft:block
[06Dec2025 14:08:54.309] [modloading-worker-0/DEBUG] [com.tterrag.registrate.AbstractRegistrate/REGISTRATE.REGISTER]: Captured registration for entry cut_crimsite_brick_wall of type minecraft:item
[06Dec2025 14:08:54.309] [modloading-worker-0/DEBUG] [com.tterrag.registrate.AbstractRegistrate/REGISTRATE.REGISTER]: Captured registration for entry cut_crimsite_brick_wall of type minecraft:block
[06Dec2025 14:08:54.309] [modloading-worker-0/DEBUG] [com.tterrag.registrate.AbstractRegistrate/REGISTRATE.REGISTER]: Captured registration for entry small_crimsite_bricks of type minecraft:item
[06Dec2025 14:08:54.309] [modloading-worker-0/DEBUG] [com.tterrag.registrate.AbstractRegistrate/REGISTRATE.REGISTER]: Captured registration for entry small_crimsite_bricks of type minecraft:block
[06Dec2025 14:08:54.310] [modloading-worker-0/DEBUG] [com.tterrag.registrate.AbstractRegistrate/REGISTRATE.REGISTER]: Captured registration for entry small_crimsite_brick_stairs of type minecraft:item
[06Dec2025 14:08:54.310] [modloading-worker-0/DEBUG] [com.tterrag.registrate.AbstractRegistrate/REGISTRATE.REGISTER]: Captured registration for entry small_crimsite_brick_stairs of type minecraft:block
[06Dec2025 14:08:54.310] [modloading-worker-0/DEBUG] [com.tterrag.registrate.AbstractRegistrate/REGISTRATE.REGISTER]: Captured registration for entry small_crimsite_brick_slab of type minecraft:item
[06Dec2025 14:08:54.310] [modloading-worker-0/DEBUG] [com.tterrag.registrate.AbstractRegistrate/REGISTRATE.REGISTER]: Captured registration for entry small_crimsite_brick_slab of type minecraft:block
[06Dec2025 14:08:54.310] [modloading-worker-0/DEBUG] [com.tterrag.registrate.AbstractRegistrate/REGISTRATE.REGISTER]: Captured registration for entry small_crimsite_brick_wall of type minecraft:item
[06Dec2025 14:08:54.310] [modloading-worker-0/DEBUG] [com.tterrag.registrate.AbstractRegistrate/REGISTRATE.REGISTER]: Captured registration for entry small_crimsite_brick_wall of type minecraft:block
[06Dec2025 14:08:54.310] [modloading-worker-0/DEBUG] [com.tterrag.registrate.AbstractRegistrate/REGISTRATE.REGISTER]: Captured registration for entry layered_crimsite of type minecraft:item
[06Dec2025 14:08:54.310] [modloading-worker-0/DEBUG] [com.tterrag.registrate.AbstractRegistrate/REGISTRATE.REGISTER]: Captured registration for entry layered_crimsite of type minecraft:block
[06Dec2025 14:08:54.310] [modloading-worker-0/DEBUG] [com.tterrag.registrate.AbstractRegistrate/REGISTRATE.REGISTER]: Captured registration for entry crimsite_pillar of type minecraft:item
[06Dec2025 14:08:54.310] [modloading-worker-0/DEBUG] [com.tterrag.registrate.AbstractRegistrate/REGISTRATE.REGISTER]: Captured registration for entry crimsite_pillar of type minecraft:block
[06Dec2025 14:08:54.310] [modloading-worker-0/DEBUG] [com.tterrag.registrate.AbstractRegistrate/REGISTRATE.REGISTER]: Captured registration for entry limestone of type minecraft:item
[06Dec2025 14:08:54.310] [modloading-worker-0/DEBUG] [com.tterrag.registrate.AbstractRegistrate/REGISTRATE.REGISTER]: Captured registration for entry limestone of type minecraft:block
[06Dec2025 14:08:54.311] [modloading-worker-0/DEBUG] [com.tterrag.registrate.AbstractRegistrate/REGISTRATE.REGISTER]: Captured registration for entry cut_limestone of type minecraft:item
[06Dec2025 14:08:54.311] [modloading-worker-0/DEBUG] [com.tterrag.registrate.AbstractRegistrate/REGISTRATE.REGISTER]: Captured registration for entry cut_limestone of type minecraft:block
[06Dec2025 14:08:54.311] [modloading-worker-0/DEBUG] [com.tterrag.registrate.AbstractRegistrate/REGISTRATE.REGISTER]: Captured registration for entry cut_limestone_stairs of type minecraft:item
[06Dec2025 14:08:54.311] [modloading-worker-0/DEBUG] [com.tterrag.registrate.AbstractRegistrate/REGISTRATE.REGISTER]: Captured registration for entry cut_limestone_stairs of type minecraft:block
[06Dec2025 14:08:54.311] [modloading-worker-0/DEBUG] [com.tterrag.registrate.AbstractRegistrate/REGISTRATE.REGISTER]: Captured registration for entry cut_limestone_slab of type minecraft:item
[06Dec2025 14:08:54.311] [modloading-worker-0/DEBUG] [com.tterrag.registrate.AbstractRegistrate/REGISTRATE.REGISTER]: Captured registration for entry cut_limestone_slab of type minecraft:block
[06Dec2025 14:08:54.311] [modloading-worker-0/DEBUG] [com.tterrag.registrate.AbstractRegistrate/REGISTRATE.REGISTER]: Captured registration for entry cut_limestone_wall of type minecraft:item
[06Dec2025 14:08:54.311] [modloading-worker-0/DEBUG] [com.tterrag.registrate.AbstractRegistrate/REGISTRATE.REGISTER]: Captured registration for entry cut_limestone_wall of type minecraft:block
[06Dec2025 14:08:54.311] [modloading-worker-0/DEBUG] [com.tterrag.registrate.AbstractRegistrate/REGISTRATE.REGISTER]: Captured registration for entry polished_cut_limestone of type minecraft:item
[06Dec2025 14:08:54.311] [modloading-worker-0/DEBUG] [com.tterrag.registrate.AbstractRegistrate/REGISTRATE.REGISTER]: Captured registration for entry polished_cut_limestone of type minecraft:block
[06Dec2025 14:08:54.311] [modloading-worker-0/DEBUG] [com.tterrag.registrate.AbstractRegistrate/REGISTRATE.REGISTER]: Captured registration for entry polished_cut_limestone_stairs of type minecraft:item
[06Dec2025 14:08:54.311] [modloading-worker-0/DEBUG] [com.tterrag.registrate.AbstractRegistrate/REGISTRATE.REGISTER]: Captured registration for entry polished_cut_limestone_stairs of type minecraft:block
[06Dec2025 14:08:54.311] [modloading-worker-0/DEBUG] [com.tterrag.registrate.AbstractRegistrate/REGISTRATE.REGISTER]: Captured registration for entry polished_cut_limestone_slab of type minecraft:item
[06Dec2025 14:08:54.311] [modloading-worker-0/DEBUG] [com.tterrag.registrate.AbstractRegistrate/REGISTRATE.REGISTER]: Captured registration for entry polished_cut_limestone_slab of type minecraft:block
[06Dec2025 14:08:54.311] [modloading-worker-0/DEBUG] [com.tterrag.registrate.AbstractRegistrate/REGISTRATE.REGISTER]: Captured registration for entry polished_cut_limestone_wall of type minecraft:item
[06Dec2025 14:08:54.311] [modloading-worker-0/DEBUG] [com.tterrag.registrate.AbstractRegistrate/REGISTRATE.REGISTER]: Captured registration for entry polished_cut_limestone_wall of type minecraft:block
[06Dec2025 14:08:54.311] [modloading-worker-0/DEBUG] [com.tterrag.registrate.AbstractRegistrate/REGISTRATE.REGISTER]: Captured registration for entry cut_limestone_bricks of type minecraft:item
[06Dec2025 14:08:54.311] [modloading-worker-0/DEBUG] [com.tterrag.registrate.AbstractRegistrate/REGISTRATE.REGISTER]: Captured registration for entry cut_limestone_bricks of type minecraft:block
[06Dec2025 14:08:54.311] [modloading-worker-0/DEBUG] [com.tterrag.registrate.AbstractRegistrate/REGISTRATE.REGISTER]: Captured registration for entry cut_limestone_brick_stairs of type minecraft:item
[06Dec2025 14:08:54.311] [modloading-worker-0/DEBUG] [com.tterrag.registrate.AbstractRegistrate/REGISTRATE.REGISTER]: Captured registration for entry cut_limestone_brick_stairs of type minecraft:block
[06Dec2025 14:08:54.311] [modloading-worker-0/DEBUG] [com.tterrag.registrate.AbstractRegistrate/REGISTRATE.REGISTER]: Captured registration for entry cut_limestone_brick_slab of type minecraft:item
[06Dec2025 14:08:54.311] [modloading-worker-0/DEBUG] [com.tterrag.registrate.AbstractRegistrate/REGISTRATE.REGISTER]: Captured registration for entry cut_limestone_brick_slab of type minecraft:block
[06Dec2025 14:08:54.311] [modloading-worker-0/DEBUG] [com.tterrag.registrate.AbstractRegistrate/REGISTRATE.REGISTER]: Captured registration for entry cut_limestone_brick_wall of type minecraft:item
[06Dec2025 14:08:54.311] [modloading-worker-0/DEBUG] [com.tterrag.registrate.AbstractRegistrate/REGISTRATE.REGISTER]: Captured registration for entry cut_limestone_brick_wall of type minecraft:block
[06Dec2025 14:08:54.311] [modloading-worker-0/DEBUG] [com.tterrag.registrate.AbstractRegistrate/REGISTRATE.REGISTER]: Captured registration for entry small_limestone_bricks of type minecraft:item
[06Dec2025 14:08:54.311] [modloading-worker-0/DEBUG] [com.tterrag.registrate.AbstractRegistrate/REGISTRATE.REGISTER]: Captured registration for entry small_limestone_bricks of type minecraft:block
[06Dec2025 14:08:54.311] [modloading-worker-0/DEBUG] [com.tterrag.registrate.AbstractRegistrate/REGISTRATE.REGISTER]: Captured registration for entry small_limestone_brick_stairs of type minecraft:item
[06Dec2025 14:08:54.311] [modloading-worker-0/DEBUG] [com.tterrag.registrate.AbstractRegistrate/REGISTRATE.REGISTER]: Captured registration for entry small_limestone_brick_stairs of type minecraft:block
[06Dec2025 14:08:54.311] [modloading-worker-0/DEBUG] [com.tterrag.registrate.AbstractRegistrate/REGISTRATE.REGISTER]: Captured registration for entry small_limestone_brick_slab of type minecraft:item
[06Dec2025 14:08:54.311] [modloading-worker-0/DEBUG] [com.tterrag.registrate.AbstractRegistrate/REGISTRATE.REGISTER]: Captured registration for entry small_limestone_brick_slab of type minecraft:block
[06Dec2025 14:08:54.312] [modloading-worker-0/DEBUG] [com.tterrag.registrate.AbstractRegistrate/REGISTRATE.REGISTER]: Captured registration for entry small_limestone_brick_wall of type minecraft:item
[06Dec2025 14:08:54.312] [modloading-worker-0/DEBUG] [com.tterrag.registrate.AbstractRegistrate/REGISTRATE.REGISTER]: Captured registration for entry small_limestone_brick_wall of type minecraft:block
[06Dec2025 14:08:54.312] [modloading-worker-0/DEBUG] [com.tterrag.registrate.AbstractRegistrate/REGISTRATE.REGISTER]: Captured registration for entry layered_limestone of type minecraft:item
[06Dec2025 14:08:54.312] [modloading-worker-0/DEBUG] [com.tterrag.registrate.AbstractRegistrate/REGISTRATE.REGISTER]: Captured registration for entry layered_limestone of type minecraft:block
[06Dec2025 14:08:54.312] [modloading-worker-0/DEBUG] [com.tterrag.registrate.AbstractRegistrate/REGISTRATE.REGISTER]: Captured registration for entry limestone_pillar of type minecraft:item
[06Dec2025 14:08:54.312] [modloading-worker-0/DEBUG] [com.tterrag.registrate.AbstractRegistrate/REGISTRATE.REGISTER]: Captured registration for entry limestone_pillar of type minecraft:block
[06Dec2025 14:08:54.312] [modloading-worker-0/DEBUG] [com.tterrag.registrate.AbstractRegistrate/REGISTRATE.REGISTER]: Captured registration for entry ochrum of type minecraft:item
[06Dec2025 14:08:54.312] [modloading-worker-0/DEBUG] [com.tterrag.registrate.AbstractRegistrate/REGISTRATE.REGISTER]: Captured registration for entry ochrum of type minecraft:block
[06Dec2025 14:08:54.312] [modloading-worker-0/DEBUG] [com.tterrag.registrate.AbstractRegistrate/REGISTRATE.REGISTER]: Captured registration for entry cut_ochrum of type minecraft:item
[06Dec2025 14:08:54.312] [modloading-worker-0/DEBUG] [com.tterrag.registrate.AbstractRegistrate/REGISTRATE.REGISTER]: Captured registration for entry cut_ochrum of type minecraft:block
[06Dec2025 14:08:54.312] [modloading-worker-0/DEBUG] [com.tterrag.registrate.AbstractRegistrate/REGISTRATE.REGISTER]: Captured registration for entry cut_ochrum_stairs of type minecraft:item
[06Dec2025 14:08:54.312] [modloading-worker-0/DEBUG] [com.tterrag.registrate.AbstractRegistrate/REGISTRATE.REGISTER]: Captured registration for entry cut_ochrum_stairs of type minecraft:block
[06Dec2025 14:08:54.312] [modloading-worker-0/DEBUG] [com.tterrag.registrate.AbstractRegistrate/REGISTRATE.REGISTER]: Captured registration for entry cut_ochrum_slab of type minecraft:item
[06Dec2025 14:08:54.312] [modloading-worker-0/DEBUG] [com.tterrag.registrate.AbstractRegistrate/REGISTRATE.REGISTER]: Captured registration for entry cut_ochrum_slab of type minecraft:block
[06Dec2025 14:08:54.312] [modloading-worker-0/DEBUG] [com.tterrag.registrate.AbstractRegistrate/REGISTRATE.REGISTER]: Captured registration for entry cut_ochrum_wall of type minecraft:item
[06Dec2025 14:08:54.312] [modloading-worker-0/DEBUG] [com.tterrag.registrate.AbstractRegistrate/REGISTRATE.REGISTER]: Captured registration for entry cut_ochrum_wall of type minecraft:block
[06Dec2025 14:08:54.312] [modloading-worker-0/DEBUG] [com.tterrag.registrate.AbstractRegistrate/REGISTRATE.REGISTER]: Captured registration for entry polished_cut_ochrum of type minecraft:item
[06Dec2025 14:08:54.312] [modloading-worker-0/DEBUG] [com.tterrag.registrate.AbstractRegistrate/REGISTRATE.REGISTER]: Captured registration for entry polished_cut_ochrum of type minecraft:block
[06Dec2025 14:08:54.312] [modloading-worker-0/DEBUG] [com.tterrag.registrate.AbstractRegistrate/REGISTRATE.REGISTER]: Captured registration for entry polished_cut_ochrum_stairs of type minecraft:item
[06Dec2025 14:08:54.312] [modloading-worker-0/DEBUG] [com.tterrag.registrate.AbstractRegistrate/REGISTRATE.REGISTER]: Captured registration for entry polished_cut_ochrum_stairs of type minecraft:block
[06Dec2025 14:08:54.312] [modloading-worker-0/DEBUG] [com.tterrag.registrate.AbstractRegistrate/REGISTRATE.REGISTER]: Captured registration for entry polished_cut_ochrum_slab of type minecraft:item
[06Dec2025 14:08:54.312] [modloading-worker-0/DEBUG] [com.tterrag.registrate.AbstractRegistrate/REGISTRATE.REGISTER]: Captured registration for entry polished_cut_ochrum_slab of type minecraft:block
[06Dec2025 14:08:54.313] [modloading-worker-0/DEBUG] [com.tterrag.registrate.AbstractRegistrate/REGISTRATE.REGISTER]: Captured registration for entry polished_cut_ochrum_wall of type minecraft:item
[06Dec2025 14:08:54.313] [modloading-worker-0/DEBUG] [com.tterrag.registrate.AbstractRegistrate/REGISTRATE.REGISTER]: Captured registration for entry polished_cut_ochrum_wall of type minecraft:block
[06Dec2025 14:08:54.313] [modloading-worker-0/DEBUG] [com.tterrag.registrate.AbstractRegistrate/REGISTRATE.REGISTER]: Captured registration for entry cut_ochrum_bricks of type minecraft:item
[06Dec2025 14:08:54.313] [modloading-worker-0/DEBUG] [com.tterrag.registrate.AbstractRegistrate/REGISTRATE.REGISTER]: Captured registration for entry cut_ochrum_bricks of type minecraft:block
[06Dec2025 14:08:54.313] [modloading-worker-0/DEBUG] [com.tterrag.registrate.AbstractRegistrate/REGISTRATE.REGISTER]: Captured registration for entry cut_ochrum_brick_stairs of type minecraft:item
[06Dec2025 14:08:54.313] [modloading-worker-0/DEBUG] [com.tterrag.registrate.AbstractRegistrate/REGISTRATE.REGISTER]: Captured registration for entry cut_ochrum_brick_stairs of type minecraft:block
[06Dec2025 14:08:54.313] [modloading-worker-0/DEBUG] [com.tterrag.registrate.AbstractRegistrate/REGISTRATE.REGISTER]: Captured registration for entry cut_ochrum_brick_slab of type minecraft:item
[06Dec2025 14:08:54.313] [modloading-worker-0/DEBUG] [com.tterrag.registrate.AbstractRegistrate/REGISTRATE.REGISTER]: Captured registration for entry cut_ochrum_brick_slab of type minecraft:block
[06Dec2025 14:08:54.313] [modloading-worker-0/DEBUG] [com.tterrag.registrate.AbstractRegistrate/REGISTRATE.REGISTER]: Captured registration for entry cut_ochrum_brick_wall of type minecraft:item
[06Dec2025 14:08:54.313] [modloading-worker-0/DEBUG] [com.tterrag.registrate.AbstractRegistrate/REGISTRATE.REGISTER]: Captured registration for entry cut_ochrum_brick_wall of type minecraft:block
[06Dec2025 14:08:54.313] [modloading-worker-0/DEBUG] [com.tterrag.registrate.AbstractRegistrate/REGISTRATE.REGISTER]: Captured registration for entry small_ochrum_bricks of type minecraft:item
[06Dec2025 14:08:54.313] [modloading-worker-0/DEBUG] [com.tterrag.registrate.AbstractRegistrate/REGISTRATE.REGISTER]: Captured registration for entry small_ochrum_bricks of type minecraft:block
[06Dec2025 14:08:54.313] [modloading-worker-0/DEBUG] [com.tterrag.registrate.AbstractRegistrate/REGISTRATE.REGISTER]: Captured registration for entry small_ochrum_brick_stairs of type minecraft:item
[06Dec2025 14:08:54.313] [modloading-worker-0/DEBUG] [com.tterrag.registrate.AbstractRegistrate/REGISTRATE.REGISTER]: Captured registration for entry small_ochrum_brick_stairs of type minecraft:block
[06Dec2025 14:08:54.313] [modloading-worker-0/DEBUG] [com.tterrag.registrate.AbstractRegistrate/REGISTRATE.REGISTER]: Captured registration for entry small_ochrum_brick_slab of type minecraft:item
[06Dec2025 14:08:54.313] [modloading-worker-0/DEBUG] [com.tterrag.registrate.AbstractRegistrate/REGISTRATE.REGISTER]: Captured registration for entry small_ochrum_brick_slab of type minecraft:block
[06Dec2025 14:08:54.313] [modloading-worker-0/DEBUG] [com.tterrag.registrate.AbstractRegistrate/REGISTRATE.REGISTER]: Captured registration for entry small_ochrum_brick_wall of type minecraft:item
[06Dec2025 14:08:54.313] [modloading-worker-0/DEBUG] [com.tterrag.registrate.AbstractRegistrate/REGISTRATE.REGISTER]: Captured registration for entry small_ochrum_brick_wall of type minecraft:block
[06Dec2025 14:08:54.313] [modloading-worker-0/DEBUG] [com.tterrag.registrate.AbstractRegistrate/REGISTRATE.REGISTER]: Captured registration for entry layered_ochrum of type minecraft:item
[06Dec2025 14:08:54.313] [modloading-worker-0/DEBUG] [com.tterrag.registrate.AbstractRegistrate/REGISTRATE.REGISTER]: Captured registration for entry layered_ochrum of type minecraft:block
[06Dec2025 14:08:54.313] [modloading-worker-0/DEBUG] [com.tterrag.registrate.AbstractRegistrate/REGISTRATE.REGISTER]: Captured registration for entry ochrum_pillar of type minecraft:item
[06Dec2025 14:08:54.313] [modloading-worker-0/DEBUG] [com.tterrag.registrate.AbstractRegistrate/REGISTRATE.REGISTER]: Captured registration for entry ochrum_pillar of type minecraft:block
[06Dec2025 14:08:54.313] [modloading-worker-0/DEBUG] [com.tterrag.registrate.AbstractRegistrate/REGISTRATE.REGISTER]: Captured registration for entry scoria of type minecraft:item
[06Dec2025 14:08:54.314] [modloading-worker-0/DEBUG] [com.tterrag.registrate.AbstractRegistrate/REGISTRATE.REGISTER]: Captured registration for entry scoria of type minecraft:block
[06Dec2025 14:08:54.314] [modloading-worker-0/DEBUG] [com.tterrag.registrate.AbstractRegistrate/REGISTRATE.REGISTER]: Captured registration for entry cut_scoria of type minecraft:item
[06Dec2025 14:08:54.314] [modloading-worker-0/DEBUG] [com.tterrag.registrate.AbstractRegistrate/REGISTRATE.REGISTER]: Captured registration for entry cut_scoria of type minecraft:block
[06Dec2025 14:08:54.314] [modloading-worker-0/DEBUG] [com.tterrag.registrate.AbstractRegistrate/REGISTRATE.REGISTER]: Captured registration for entry cut_scoria_stairs of type minecraft:item
[06Dec2025 14:08:54.314] [modloading-worker-0/DEBUG] [com.tterrag.registrate.AbstractRegistrate/REGISTRATE.REGISTER]: Captured registration for entry cut_scoria_stairs of type minecraft:block
[06Dec2025 14:08:54.314] [modloading-worker-0/DEBUG] [com.tterrag.registrate.AbstractRegistrate/REGISTRATE.REGISTER]: Captured registration for entry cut_scoria_slab of type minecraft:item
[06Dec2025 14:08:54.314] [modloading-worker-0/DEBUG] [com.tterrag.registrate.AbstractRegistrate/REGISTRATE.REGISTER]: Captured registration for entry cut_scoria_slab of type minecraft:block
[06Dec2025 14:08:54.314] [modloading-worker-0/DEBUG] [com.tterrag.registrate.AbstractRegistrate/REGISTRATE.REGISTER]: Captured registration for entry cut_scoria_wall of type minecraft:item
[06Dec2025 14:08:54.314] [modloading-worker-0/DEBUG] [com.tterrag.registrate.AbstractRegistrate/REGISTRATE.REGISTER]: Captured registration for entry cut_scoria_wall of type minecraft:block
[06Dec2025 14:08:54.314] [modloading-worker-0/DEBUG] [com.tterrag.registrate.AbstractRegistrate/REGISTRATE.REGISTER]: Captured registration for entry polished_cut_scoria of type minecraft:item
[06Dec2025 14:08:54.314] [modloading-worker-0/DEBUG] [com.tterrag.registrate.AbstractRegistrate/REGISTRATE.REGISTER]: Captured registration for entry polished_cut_scoria of type minecraft:block
[06Dec2025 14:08:54.314] [modloading-worker-0/DEBUG] [com.tterrag.registrate.AbstractRegistrate/REGISTRATE.REGISTER]: Captured registration for entry polished_cut_scoria_stairs of type minecraft:item
[06Dec2025 14:08:54.314] [modloading-worker-0/DEBUG] [com.tterrag.registrate.AbstractRegistrate/REGISTRATE.REGISTER]: Captured registration for entry polished_cut_scoria_stairs of type minecraft:block
[06Dec2025 14:08:54.314] [modloading-worker-0/DEBUG] [com.tterrag.registrate.AbstractRegistrate/REGISTRATE.REGISTER]: Captured registration for entry polished_cut_scoria_slab of type minecraft:item
[06Dec2025 14:08:54.314] [modloading-worker-0/DEBUG] [com.tterrag.registrate.AbstractRegistrate/REGISTRATE.REGISTER]: Captured registration for entry polished_cut_scoria_slab of type minecraft:block
[06Dec2025 14:08:54.314] [modloading-worker-0/DEBUG] [com.tterrag.registrate.AbstractRegistrate/REGISTRATE.REGISTER]: Captured registration for entry polished_cut_scoria_wall of type minecraft:item
[06Dec2025 14:08:54.314] [modloading-worker-0/DEBUG] [com.tterrag.registrate.AbstractRegistrate/REGISTRATE.REGISTER]: Captured registration for entry polished_cut_scoria_wall of type minecraft:block
[06Dec2025 14:08:54.314] [modloading-worker-0/DEBUG] [com.tterrag.registrate.AbstractRegistrate/REGISTRATE.REGISTER]: Captured registration for entry cut_scoria_bricks of type minecraft:item
[06Dec2025 14:08:54.314] [modloading-worker-0/DEBUG] [com.tterrag.registrate.AbstractRegistrate/REGISTRATE.REGISTER]: Captured registration for entry cut_scoria_bricks of type minecraft:block
[06Dec2025 14:08:54.314] [modloading-worker-0/DEBUG] [com.tterrag.registrate.AbstractRegistrate/REGISTRATE.REGISTER]: Captured registration for entry cut_scoria_brick_stairs of type minecraft:item
[06Dec2025 14:08:54.314] [modloading-worker-0/DEBUG] [com.tterrag.registrate.AbstractRegistrate/REGISTRATE.REGISTER]: Captured registration for entry cut_scoria_brick_stairs of type minecraft:block
[06Dec2025 14:08:54.314] [modloading-worker-0/DEBUG] [com.tterrag.registrate.AbstractRegistrate/REGISTRATE.REGISTER]: Captured registration for entry cut_scoria_brick_slab of type minecraft:item
[06Dec2025 14:08:54.314] [modloading-worker-0/DEBUG] [com.tterrag.registrate.AbstractRegistrate/REGISTRATE.REGISTER]: Captured registration for entry cut_scoria_brick_slab of type minecraft:block
[06Dec2025 14:08:54.314] [modloading-worker-0/DEBUG] [com.tterrag.registrate.AbstractRegistrate/REGISTRATE.REGISTER]: Captured registration for entry cut_scoria_brick_wall of type minecraft:item
[06Dec2025 14:08:54.314] [modloading-worker-0/DEBUG] [com.tterrag.registrate.AbstractRegistrate/REGISTRATE.REGISTER]: Captured registration for entry cut_scoria_brick_wall of type minecraft:block
[06Dec2025 14:08:54.314] [modloading-worker-0/DEBUG] [com.tterrag.registrate.AbstractRegistrate/REGISTRATE.REGISTER]: Captured registration for entry small_scoria_bricks of type minecraft:item
[06Dec2025 14:08:54.314] [modloading-worker-0/DEBUG] [com.tterrag.registrate.AbstractRegistrate/REGISTRATE.REGISTER]: Captured registration for entry small_scoria_bricks of type minecraft:block
[06Dec2025 14:08:54.315] [modloading-worker-0/DEBUG] [com.tterrag.registrate.AbstractRegistrate/REGISTRATE.REGISTER]: Captured registration for entry small_scoria_brick_stairs of type minecraft:item
[06Dec2025 14:08:54.315] [modloading-worker-0/DEBUG] [com.tterrag.registrate.AbstractRegistrate/REGISTRATE.REGISTER]: Captured registration for entry small_scoria_brick_stairs of type minecraft:block
[06Dec2025 14:08:54.315] [modloading-worker-0/DEBUG] [com.tterrag.registrate.AbstractRegistrate/REGISTRATE.REGISTER]: Captured registration for entry small_scoria_brick_slab of type minecraft:item
[06Dec2025 14:08:54.315] [modloading-worker-0/DEBUG] [com.tterrag.registrate.AbstractRegistrate/REGISTRATE.REGISTER]: Captured registration for entry small_scoria_brick_slab of type minecraft:block
[06Dec2025 14:08:54.315] [modloading-worker-0/DEBUG] [com.tterrag.registrate.AbstractRegistrate/REGISTRATE.REGISTER]: Captured registration for entry small_scoria_brick_wall of type minecraft:item
[06Dec2025 14:08:54.315] [modloading-worker-0/DEBUG] [com.tterrag.registrate.AbstractRegistrate/REGISTRATE.REGISTER]: Captured registration for entry small_scoria_brick_wall of type minecraft:block
[06Dec2025 14:08:54.315] [modloading-worker-0/DEBUG] [com.tterrag.registrate.AbstractRegistrate/REGISTRATE.REGISTER]: Captured registration for entry layered_scoria of type minecraft:item
[06Dec2025 14:08:54.315] [modloading-worker-0/DEBUG] [com.tterrag.registrate.AbstractRegistrate/REGISTRATE.REGISTER]: Captured registration for entry layered_scoria of type minecraft:block
[06Dec2025 14:08:54.315] [modloading-worker-0/DEBUG] [com.tterrag.registrate.AbstractRegistrate/REGISTRATE.REGISTER]: Captured registration for entry scoria_pillar of type minecraft:item
[06Dec2025 14:08:54.315] [modloading-worker-0/DEBUG] [com.tterrag.registrate.AbstractRegistrate/REGISTRATE.REGISTER]: Captured registration for entry scoria_pillar of type minecraft:block
[06Dec2025 14:08:54.315] [modloading-worker-0/DEBUG] [com.tterrag.registrate.AbstractRegistrate/REGISTRATE.REGISTER]: Captured registration for entry scorchia of type minecraft:item
[06Dec2025 14:08:54.315] [modloading-worker-0/DEBUG] [com.tterrag.registrate.AbstractRegistrate/REGISTRATE.REGISTER]: Captured registration for entry scorchia of type minecraft:block
[06Dec2025 14:08:54.315] [modloading-worker-0/DEBUG] [com.tterrag.registrate.AbstractRegistrate/REGISTRATE.REGISTER]: Captured registration for entry cut_scorchia of type minecraft:item
[06Dec2025 14:08:54.315] [modloading-worker-0/DEBUG] [com.tterrag.registrate.AbstractRegistrate/REGISTRATE.REGISTER]: Captured registration for entry cut_scorchia of type minecraft:block
[06Dec2025 14:08:54.315] [modloading-worker-0/DEBUG] [com.tterrag.registrate.AbstractRegistrate/REGISTRATE.REGISTER]: Captured registration for entry cut_scorchia_stairs of type minecraft:item
[06Dec2025 14:08:54.315] [modloading-worker-0/DEBUG] [com.tterrag.registrate.AbstractRegistrate/REGISTRATE.REGISTER]: Captured registration for entry cut_scorchia_stairs of type minecraft:block
[06Dec2025 14:08:54.315] [modloading-worker-0/DEBUG] [com.tterrag.registrate.AbstractRegistrate/REGISTRATE.REGISTER]: Captured registration for entry cut_scorchia_slab of type minecraft:item
[06Dec2025 14:08:54.315] [modloading-worker-0/DEBUG] [com.tterrag.registrate.AbstractRegistrate/REGISTRATE.REGISTER]: Captured registration for entry cut_scorchia_slab of type minecraft:block
[06Dec2025 14:08:54.315] [modloading-worker-0/DEBUG] [com.tterrag.registrate.AbstractRegistrate/REGISTRATE.REGISTER]: Captured registration for entry cut_scorchia_wall of type minecraft:item
[06Dec2025 14:08:54.315] [modloading-worker-0/DEBUG] [com.tterrag.registrate.AbstractRegistrate/REGISTRATE.REGISTER]: Captured registration for entry cut_scorchia_wall of type minecraft:block
[06Dec2025 14:08:54.315] [modloading-worker-0/DEBUG] [com.tterrag.registrate.AbstractRegistrate/REGISTRATE.REGISTER]: Captured registration for entry polished_cut_scorchia of type minecraft:item
[06Dec2025 14:08:54.315] [modloading-worker-0/DEBUG] [com.tterrag.registrate.AbstractRegistrate/REGISTRATE.REGISTER]: Captured registration for entry polished_cut_scorchia of type minecraft:block
[06Dec2025 14:08:54.315] [modloading-worker-0/DEBUG] [com.tterrag.registrate.AbstractRegistrate/REGISTRATE.REGISTER]: Captured registration for entry polished_cut_scorchia_stairs of type minecraft:item
[06Dec2025 14:08:54.316] [modloading-worker-0/DEBUG] [com.tterrag.registrate.AbstractRegistrate/REGISTRATE.REGISTER]: Captured registration for entry polished_cut_scorchia_stairs of type minecraft:block
[06Dec2025 14:08:54.316] [modloading-worker-0/DEBUG] [com.tterrag.registrate.AbstractRegistrate/REGISTRATE.REGISTER]: Captured registration for entry polished_cut_scorchia_slab of type minecraft:item
[06Dec2025 14:08:54.316] [modloading-worker-0/DEBUG] [com.tterrag.registrate.AbstractRegistrate/REGISTRATE.REGISTER]: Captured registration for entry polished_cut_scorchia_slab of type minecraft:block
[06Dec2025 14:08:54.316] [modloading-worker-0/DEBUG] [com.tterrag.registrate.AbstractRegistrate/REGISTRATE.REGISTER]: Captured registration for entry polished_cut_scorchia_wall of type minecraft:item
[06Dec2025 14:08:54.316] [modloading-worker-0/DEBUG] [com.tterrag.registrate.AbstractRegistrate/REGISTRATE.REGISTER]: Captured registration for entry polished_cut_scorchia_wall of type minecraft:block
[06Dec2025 14:08:54.316] [modloading-worker-0/DEBUG] [com.tterrag.registrate.AbstractRegistrate/REGISTRATE.REGISTER]: Captured registration for entry cut_scorchia_bricks of type minecraft:item
[06Dec2025 14:08:54.316] [modloading-worker-0/DEBUG] [com.tterrag.registrate.AbstractRegistrate/REGISTRATE.REGISTER]: Captured registration for entry cut_scorchia_bricks of type minecraft:block
[06Dec2025 14:08:54.316] [modloading-worker-0/DEBUG] [com.tterrag.registrate.AbstractRegistrate/REGISTRATE.REGISTER]: Captured registration for entry cut_scorchia_brick_stairs of type minecraft:item
[06Dec2025 14:08:54.316] [modloading-worker-0/DEBUG] [com.tterrag.registrate.AbstractRegistrate/REGISTRATE.REGISTER]: Captured registration for entry cut_scorchia_brick_stairs of type minecraft:block
[06Dec2025 14:08:54.316] [modloading-worker-0/DEBUG] [com.tterrag.registrate.AbstractRegistrate/REGISTRATE.REGISTER]: Captured registration for entry cut_scorchia_brick_slab of type minecraft:item
[06Dec2025 14:08:54.316] [modloading-worker-0/DEBUG] [com.tterrag.registrate.AbstractRegistrate/REGISTRATE.REGISTER]: Captured registration for entry cut_scorchia_brick_slab of type minecraft:block
[06Dec2025 14:08:54.316] [modloading-worker-0/DEBUG] [com.tterrag.registrate.AbstractRegistrate/REGISTRATE.REGISTER]: Captured registration for entry cut_scorchia_brick_wall of type minecraft:item
[06Dec2025 14:08:54.316] [modloading-worker-0/DEBUG] [com.tterrag.registrate.AbstractRegistrate/REGISTRATE.REGISTER]: Captured registration for entry cut_scorchia_brick_wall of type minecraft:block
[06Dec2025 14:08:54.316] [modloading-worker-0/DEBUG] [com.tterrag.registrate.AbstractRegistrate/REGISTRATE.REGISTER]: Captured registration for entry small_scorchia_bricks of type minecraft:item
[06Dec2025 14:08:54.316] [modloading-worker-0/DEBUG] [com.tterrag.registrate.AbstractRegistrate/REGISTRATE.REGISTER]: Captured registration for entry small_scorchia_bricks of type minecraft:block
[06Dec2025 14:08:54.316] [modloading-worker-0/DEBUG] [com.tterrag.registrate.AbstractRegistrate/REGISTRATE.REGISTER]: Captured registration for entry small_scorchia_brick_stairs of type minecraft:item
[06Dec2025 14:08:54.316] [modloading-worker-0/DEBUG] [com.tterrag.registrate.AbstractRegistrate/REGISTRATE.REGISTER]: Captured registration for entry small_scorchia_brick_stairs of type minecraft:block
[06Dec2025 14:08:54.316] [modloading-worker-0/DEBUG] [com.tterrag.registrate.AbstractRegistrate/REGISTRATE.REGISTER]: Captured registration for entry small_scorchia_brick_slab of type minecraft:item
[06Dec2025 14:08:54.316] [modloading-worker-0/DEBUG] [com.tterrag.registrate.AbstractRegistrate/REGISTRATE.REGISTER]: Captured registration for entry small_scorchia_brick_slab of type minecraft:block
[06Dec2025 14:08:54.316] [modloading-worker-0/DEBUG] [com.tterrag.registrate.AbstractRegistrate/REGISTRATE.REGISTER]: Captured registration for entry small_scorchia_brick_wall of type minecraft:item
[06Dec2025 14:08:54.316] [modloading-worker-0/DEBUG] [com.tterrag.registrate.AbstractRegistrate/REGISTRATE.REGISTER]: Captured registration for entry small_scorchia_brick_wall of type minecraft:block
[06Dec2025 14:08:54.316] [modloading-worker-0/DEBUG] [com.tterrag.registrate.AbstractRegistrate/REGISTRATE.REGISTER]: Captured registration for entry layered_scorchia of type minecraft:item
[06Dec2025 14:08:54.316] [modloading-worker-0/DEBUG] [com.tterrag.registrate.AbstractRegistrate/REGISTRATE.REGISTER]: Captured registration for entry layered_scorchia of type minecraft:block
[06Dec2025 14:08:54.316] [modloading-worker-0/DEBUG] [com.tterrag.registrate.AbstractRegistrate/REGISTRATE.REGISTER]: Captured registration for entry scorchia_pillar of type minecraft:item
[06Dec2025 14:08:54.316] [modloading-worker-0/DEBUG] [com.tterrag.registrate.AbstractRegistrate/REGISTRATE.REGISTER]: Captured registration for entry scorchia_pillar of type minecraft:block
[06Dec2025 14:08:54.316] [modloading-worker-0/DEBUG] [com.tterrag.registrate.AbstractRegistrate/REGISTRATE.REGISTER]: Captured registration for entry veridium of type minecraft:item
[06Dec2025 14:08:54.316] [modloading-worker-0/DEBUG] [com.tterrag.registrate.AbstractRegistrate/REGISTRATE.REGISTER]: Captured registration for entry veridium of type minecraft:block
[06Dec2025 14:08:54.316] [modloading-worker-0/DEBUG] [com.tterrag.registrate.AbstractRegistrate/REGISTRATE.REGISTER]: Captured registration for entry cut_veridium of type minecraft:item
[06Dec2025 14:08:54.316] [modloading-worker-0/DEBUG] [com.tterrag.registrate.AbstractRegistrate/REGISTRATE.REGISTER]: Captured registration for entry cut_veridium of type minecraft:block
[06Dec2025 14:08:54.317] [modloading-worker-0/DEBUG] [com.tterrag.registrate.AbstractRegistrate/REGISTRATE.REGISTER]: Captured registration for entry cut_veridium_stairs of type minecraft:item
[06Dec2025 14:08:54.317] [modloading-worker-0/DEBUG] [com.tterrag.registrate.AbstractRegistrate/REGISTRATE.REGISTER]: Captured registration for entry cut_veridium_stairs of type minecraft:block
[06Dec2025 14:08:54.317] [modloading-worker-0/DEBUG] [com.tterrag.registrate.AbstractRegistrate/REGISTRATE.REGISTER]: Captured registration for entry cut_veridium_slab of type minecraft:item
[06Dec2025 14:08:54.317] [modloading-worker-0/DEBUG] [com.tterrag.registrate.AbstractRegistrate/REGISTRATE.REGISTER]: Captured registration for entry cut_veridium_slab of type minecraft:block
[06Dec2025 14:08:54.317] [modloading-worker-0/DEBUG] [com.tterrag.registrate.AbstractRegistrate/REGISTRATE.REGISTER]: Captured registration for entry cut_veridium_wall of type minecraft:item
[06Dec2025 14:08:54.317] [modloading-worker-0/DEBUG] [com.tterrag.registrate.AbstractRegistrate/REGISTRATE.REGISTER]: Captured registration for entry cut_veridium_wall of type minecraft:block
[06Dec2025 14:08:54.317] [modloading-worker-0/DEBUG] [com.tterrag.registrate.AbstractRegistrate/REGISTRATE.REGISTER]: Captured registration for entry polished_cut_veridium of type minecraft:item
[06Dec2025 14:08:54.317] [modloading-worker-0/DEBUG] [com.tterrag.registrate.AbstractRegistrate/REGISTRATE.REGISTER]: Captured registration for entry polished_cut_veridium of type minecraft:block
[06Dec2025 14:08:54.317] [modloading-worker-0/DEBUG] [com.tterrag.registrate.AbstractRegistrate/REGISTRATE.REGISTER]: Captured registration for entry polished_cut_veridium_stairs of type minecraft:item
[06Dec2025 14:08:54.317] [modloading-worker-0/DEBUG] [com.tterrag.registrate.AbstractRegistrate/REGISTRATE.REGISTER]: Captured registration for entry polished_cut_veridium_stairs of type minecraft:block
[06Dec2025 14:08:54.317] [modloading-worker-0/DEBUG] [com.tterrag.registrate.AbstractRegistrate/REGISTRATE.REGISTER]: Captured registration for entry polished_cut_veridium_slab of type minecraft:item
[06Dec2025 14:08:54.317] [modloading-worker-0/DEBUG] [com.tterrag.registrate.AbstractRegistrate/REGISTRATE.REGISTER]: Captured registration for entry polished_cut_veridium_slab of type minecraft:block
[06Dec2025 14:08:54.317] [modloading-worker-0/DEBUG] [com.tterrag.registrate.AbstractRegistrate/REGISTRATE.REGISTER]: Captured registration for entry polished_cut_veridium_wall of type minecraft:item
[06Dec2025 14:08:54.317] [modloading-worker-0/DEBUG] [com.tterrag.registrate.AbstractRegistrate/REGISTRATE.REGISTER]: Captured registration for entry polished_cut_veridium_wall of type minecraft:block
[06Dec2025 14:08:54.317] [modloading-worker-0/DEBUG] [com.tterrag.registrate.AbstractRegistrate/REGISTRATE.REGISTER]: Captured registration for entry cut_veridium_bricks of type minecraft:item
[06Dec2025 14:08:54.317] [modloading-worker-0/DEBUG] [com.tterrag.registrate.AbstractRegistrate/REGISTRATE.REGISTER]: Captured registration for entry cut_veridium_bricks of type minecraft:block
[06Dec2025 14:08:54.317] [modloading-worker-0/DEBUG] [com.tterrag.registrate.AbstractRegistrate/REGISTRATE.REGISTER]: Captured registration for entry cut_veridium_brick_stairs of type minecraft:item
[06Dec2025 14:08:54.317] [modloading-worker-0/DEBUG] [com.tterrag.registrate.AbstractRegistrate/REGISTRATE.REGISTER]: Captured registration for entry cut_veridium_brick_stairs of type minecraft:block
[06Dec2025 14:08:54.317] [modloading-worker-0/DEBUG] [com.tterrag.registrate.AbstractRegistrate/REGISTRATE.REGISTER]: Captured registration for entry cut_veridium_brick_slab of type minecraft:item
[06Dec2025 14:08:54.317] [modloading-worker-0/DEBUG] [com.tterrag.registrate.AbstractRegistrate/REGISTRATE.REGISTER]: Captured registration for entry cut_veridium_brick_slab of type minecraft:block
[06Dec2025 14:08:54.317] [modloading-worker-0/DEBUG] [com.tterrag.registrate.AbstractRegistrate/REGISTRATE.REGISTER]: Captured registration for entry cut_veridium_brick_wall of type minecraft:item
[06Dec2025 14:08:54.317] [modloading-worker-0/DEBUG] [com.tterrag.registrate.AbstractRegistrate/REGISTRATE.REGISTER]: Captured registration for entry cut_veridium_brick_wall of type minecraft:block
[06Dec2025 14:08:54.317] [modloading-worker-0/DEBUG] [com.tterrag.registrate.AbstractRegistrate/REGISTRATE.REGISTER]: Captured registration for entry small_veridium_bricks of type minecraft:item
[06Dec2025 14:08:54.317] [modloading-worker-0/DEBUG] [com.tterrag.registrate.AbstractRegistrate/REGISTRATE.REGISTER]: Captured registration for entry small_veridium_bricks of type minecraft:block
[06Dec2025 14:08:54.317] [modloading-worker-0/DEBUG] [com.tterrag.registrate.AbstractRegistrate/REGISTRATE.REGISTER]: Captured registration for entry small_veridium_brick_stairs of type minecraft:item
[06Dec2025 14:08:54.317] [modloading-worker-0/DEBUG] [com.tterrag.registrate.AbstractRegistrate/REGISTRATE.REGISTER]: Captured registration for entry small_veridium_brick_stairs of type minecraft:block
[06Dec2025 14:08:54.317] [modloading-worker-0/DEBUG] [com.tterrag.registrate.AbstractRegistrate/REGISTRATE.REGISTER]: Captured registration for entry small_veridium_brick_slab of type minecraft:item
[06Dec2025 14:08:54.317] [modloading-worker-0/DEBUG] [com.tterrag.registrate.AbstractRegistrate/REGISTRATE.REGISTER]: Captured registration for entry small_veridium_brick_slab of type minecraft:block
[06Dec2025 14:08:54.317] [modloading-worker-0/DEBUG] [com.tterrag.registrate.AbstractRegistrate/REGISTRATE.REGISTER]: Captured registration for entry small_veridium_brick_wall of type minecraft:item
[06Dec2025 14:08:54.317] [modloading-worker-0/DEBUG] [com.tterrag.registrate.AbstractRegistrate/REGISTRATE.REGISTER]: Captured registration for entry small_veridium_brick_wall of type minecraft:block
[06Dec2025 14:08:54.317] [modloading-worker-0/DEBUG] [com.tterrag.registrate.AbstractRegistrate/REGISTRATE.REGISTER]: Captured registration for entry layered_veridium of type minecraft:item
[06Dec2025 14:08:54.317] [modloading-worker-0/DEBUG] [com.tterrag.registrate.AbstractRegistrate/REGISTRATE.REGISTER]: Captured registration for entry layered_veridium of type minecraft:block
[06Dec2025 14:08:54.317] [modloading-worker-0/DEBUG] [com.tterrag.registrate.AbstractRegistrate/REGISTRATE.REGISTER]: Captured registration for entry veridium_pillar of type minecraft:item
[06Dec2025 14:08:54.317] [modloading-worker-0/DEBUG] [com.tterrag.registrate.AbstractRegistrate/REGISTRATE.REGISTER]: Captured registration for entry veridium_pillar of type minecraft:block
[06Dec2025 14:08:54.320] [modloading-worker-0/DEBUG] [com.tterrag.registrate.AbstractRegistrate/REGISTRATE.REGISTER]: Captured registration for entry schematic_table of type minecraft:menu
[06Dec2025 14:08:54.321] [modloading-worker-0/DEBUG] [com.tterrag.registrate.AbstractRegistrate/REGISTRATE.REGISTER]: Captured registration for entry schematicannon of type minecraft:menu
[06Dec2025 14:08:54.321] [modloading-worker-0/DEBUG] [com.tterrag.registrate.AbstractRegistrate/REGISTRATE.REGISTER]: Captured registration for entry filter of type minecraft:menu
[06Dec2025 14:08:54.322] [modloading-worker-0/DEBUG] [com.tterrag.registrate.AbstractRegistrate/REGISTRATE.REGISTER]: Captured registration for entry attribute_filter of type minecraft:menu
[06Dec2025 14:08:54.322] [modloading-worker-0/DEBUG] [com.tterrag.registrate.AbstractRegistrate/REGISTRATE.REGISTER]: Captured registration for entry package_filter of type minecraft:menu
[06Dec2025 14:08:54.323] [modloading-worker-0/DEBUG] [com.tterrag.registrate.AbstractRegistrate/REGISTRATE.REGISTER]: Captured registration for entry crafting_blueprint of type minecraft:menu
[06Dec2025 14:08:54.323] [modloading-worker-0/DEBUG] [com.tterrag.registrate.AbstractRegistrate/REGISTRATE.REGISTER]: Captured registration for entry linked_controller of type minecraft:menu
[06Dec2025 14:08:54.325] [modloading-worker-0/DEBUG] [com.tterrag.registrate.AbstractRegistrate/REGISTRATE.REGISTER]: Captured registration for entry toolbox of type minecraft:menu
[06Dec2025 14:08:54.326] [modloading-worker-0/DEBUG] [com.tterrag.registrate.AbstractRegistrate/REGISTRATE.REGISTER]: Captured registration for entry schedule of type minecraft:menu
[06Dec2025 14:08:54.327] [modloading-worker-0/DEBUG] [com.tterrag.registrate.AbstractRegistrate/REGISTRATE.REGISTER]: Captured registration for entry stock_keeper_category of type minecraft:menu
[06Dec2025 14:08:54.328] [modloading-worker-0/DEBUG] [com.tterrag.registrate.AbstractRegistrate/REGISTRATE.REGISTER]: Captured registration for entry stock_keeper_request of type minecraft:menu
[06Dec2025 14:08:54.328] [modloading-worker-0/DEBUG] [com.tterrag.registrate.AbstractRegistrate/REGISTRATE.REGISTER]: Captured registration for entry package_port of type minecraft:menu
[06Dec2025 14:08:54.329] [modloading-worker-0/DEBUG] [com.tterrag.registrate.AbstractRegistrate/REGISTRATE.REGISTER]: Captured registration for entry redstone_requester of type minecraft:menu
[06Dec2025 14:08:54.330] [modloading-worker-0/DEBUG] [com.tterrag.registrate.AbstractRegistrate/REGISTRATE.REGISTER]: Captured registration for entry factory_panel_set_item of type minecraft:menu
[06Dec2025 14:08:54.333] [modloading-worker-0/DEBUG] [com.tterrag.registrate.AbstractRegistrate/REGISTRATE.REGISTER]: Captured registration for entry contraption of type minecraft:entity_type
[06Dec2025 14:08:54.334] [modloading-worker-0/DEBUG] [com.tterrag.registrate.AbstractRegistrate/REGISTRATE.REGISTER]: Captured registration for entry stationary_contraption of type minecraft:entity_type
[06Dec2025 14:08:54.335] [modloading-worker-0/DEBUG] [com.tterrag.registrate.AbstractRegistrate/REGISTRATE.REGISTER]: Captured registration for entry gantry_contraption of type minecraft:entity_type
[06Dec2025 14:08:54.339] [modloading-worker-0/DEBUG] [com.tterrag.registrate.AbstractRegistrate/REGISTRATE.REGISTER]: Captured registration for entry carriage_contraption of type minecraft:entity_type
[06Dec2025 14:08:54.340] [modloading-worker-0/DEBUG] [com.tterrag.registrate.AbstractRegistrate/REGISTRATE.REGISTER]: Captured registration for entry super_glue of type minecraft:entity_type
[06Dec2025 14:08:54.340] [modloading-worker-0/DEBUG] [com.tterrag.registrate.AbstractRegistrate/REGISTRATE.REGISTER]: Captured registration for entry crafting_blueprint of type minecraft:entity_type
[06Dec2025 14:08:54.341] [modloading-worker-0/DEBUG] [com.tterrag.registrate.AbstractRegistrate/REGISTRATE.REGISTER]: Captured registration for entry potato_projectile of type minecraft:entity_type
[06Dec2025 14:08:54.341] [modloading-worker-0/DEBUG] [com.tterrag.registrate.AbstractRegistrate/REGISTRATE.REGISTER]: Captured registration for entry seat of type minecraft:entity_type
[06Dec2025 14:08:54.343] [modloading-worker-0/DEBUG] [com.tterrag.registrate.AbstractRegistrate/REGISTRATE.REGISTER]: Captured registration for entry package of type minecraft:entity_type
[06Dec2025 14:08:54.348] [modloading-worker-0/DEBUG] [com.tterrag.registrate.AbstractRegistrate/REGISTRATE.REGISTER]: Captured registration for entry schematicannon of type minecraft:block_entity_type
[06Dec2025 14:08:54.348] [modloading-worker-0/DEBUG] [com.tterrag.registrate.AbstractRegistrate/REGISTRATE.REGISTER]: Captured registration for entry schematic_table of type minecraft:block_entity_type
[06Dec2025 14:08:54.349] [modloading-worker-0/DEBUG] [com.tterrag.registrate.AbstractRegistrate/REGISTRATE.REGISTER]: Captured registration for entry simple_kinetic of type minecraft:block_entity_type
[06Dec2025 14:08:54.351] [modloading-worker-0/DEBUG] [com.tterrag.registrate.AbstractRegistrate/REGISTRATE.REGISTER]: Captured registration for entry motor of type minecraft:block_entity_type
[06Dec2025 14:08:54.352] [modloading-worker-0/DEBUG] [com.tterrag.registrate.AbstractRegistrate/REGISTRATE.REGISTER]: Captured registration for entry gearbox of type minecraft:block_entity_type
[06Dec2025 14:08:54.352] [modloading-worker-0/DEBUG] [com.tterrag.registrate.AbstractRegistrate/REGISTRATE.REGISTER]: Captured registration for entry encased_shaft of type minecraft:block_entity_type
[06Dec2025 14:08:54.352] [modloading-worker-0/DEBUG] [com.tterrag.registrate.AbstractRegistrate/REGISTRATE.REGISTER]: Captured registration for entry encased_cogwheel of type minecraft:block_entity_type
[06Dec2025 14:08:54.352] [modloading-worker-0/DEBUG] [com.tterrag.registrate.AbstractRegistrate/REGISTRATE.REGISTER]: Captured registration for entry encased_large_cogwheel of type minecraft:block_entity_type
[06Dec2025 14:08:54.353] [modloading-worker-0/DEBUG] [com.tterrag.registrate.AbstractRegistrate/REGISTRATE.REGISTER]: Captured registration for entry adjustable_chain_gearshift of type minecraft:block_entity_type
[06Dec2025 14:08:54.353] [modloading-worker-0/DEBUG] [com.tterrag.registrate.AbstractRegistrate/REGISTRATE.REGISTER]: Captured registration for entry encased_fan of type minecraft:block_entity_type
[06Dec2025 14:08:54.354] [modloading-worker-0/DEBUG] [com.tterrag.registrate.AbstractRegistrate/REGISTRATE.REGISTER]: Captured registration for entry nozzle of type minecraft:block_entity_type
[06Dec2025 14:08:54.354] [modloading-worker-0/DEBUG] [com.tterrag.registrate.AbstractRegistrate/REGISTRATE.REGISTER]: Captured registration for entry clutch of type minecraft:block_entity_type
[06Dec2025 14:08:54.355] [modloading-worker-0/DEBUG] [com.tterrag.registrate.AbstractRegistrate/REGISTRATE.REGISTER]: Captured registration for entry gearshift of type minecraft:block_entity_type
[06Dec2025 14:08:54.355] [modloading-worker-0/DEBUG] [com.tterrag.registrate.AbstractRegistrate/REGISTRATE.REGISTER]: Captured registration for entry turntable of type minecraft:block_entity_type
[06Dec2025 14:08:54.355] [modloading-worker-0/DEBUG] [com.tterrag.registrate.AbstractRegistrate/REGISTRATE.REGISTER]: Captured registration for entry hand_crank of type minecraft:block_entity_type
[06Dec2025 14:08:54.356] [modloading-worker-0/DEBUG] [com.tterrag.registrate.AbstractRegistrate/REGISTRATE.REGISTER]: Captured registration for entry valve_handle of type minecraft:block_entity_type
[06Dec2025 14:08:54.357] [modloading-worker-0/DEBUG] [com.tterrag.registrate.AbstractRegistrate/REGISTRATE.REGISTER]: Captured registration for entry cuckoo_clock of type minecraft:block_entity_type
[06Dec2025 14:08:54.357] [modloading-worker-0/DEBUG] [com.tterrag.registrate.AbstractRegistrate/REGISTRATE.REGISTER]: Captured registration for entry gantry_shaft of type minecraft:block_entity_type
[06Dec2025 14:08:54.359] [modloading-worker-0/DEBUG] [com.tterrag.registrate.AbstractRegistrate/REGISTRATE.REGISTER]: Captured registration for entry gantry_pinion of type minecraft:block_entity_type
[06Dec2025 14:08:54.360] [modloading-worker-0/DEBUG] [com.tterrag.registrate.AbstractRegistrate/REGISTRATE.REGISTER]: Captured registration for entry chain_conveyor of type minecraft:block_entity_type
[06Dec2025 14:08:54.361] [modloading-worker-0/DEBUG] [com.tterrag.registrate.AbstractRegistrate/REGISTRATE.REGISTER]: Captured registration for entry mechanical_pump of type minecraft:block_entity_type
[06Dec2025 14:08:54.362] [modloading-worker-0/DEBUG] [com.tterrag.registrate.AbstractRegistrate/REGISTRATE.REGISTER]: Captured registration for entry smart_fluid_pipe of type minecraft:block_entity_type
[06Dec2025 14:08:54.362] [modloading-worker-0/DEBUG] [com.tterrag.registrate.AbstractRegistrate/REGISTRATE.REGISTER]: Captured registration for entry fluid_pipe of type minecraft:block_entity_type
[06Dec2025 14:08:54.362] [modloading-worker-0/DEBUG] [com.tterrag.registrate.AbstractRegistrate/REGISTRATE.REGISTER]: Captured registration for entry encased_fluid_pipe of type minecraft:block_entity_type
[06Dec2025 14:08:54.362] [modloading-worker-0/DEBUG] [com.tterrag.registrate.AbstractRegistrate/REGISTRATE.REGISTER]: Captured registration for entry glass_fluid_pipe of type minecraft:block_entity_type
[06Dec2025 14:08:54.363] [modloading-worker-0/DEBUG] [com.tterrag.registrate.AbstractRegistrate/REGISTRATE.REGISTER]: Captured registration for entry fluid_valve of type minecraft:block_entity_type
[06Dec2025 14:08:54.364] [modloading-worker-0/DEBUG] [com.tterrag.registrate.AbstractRegistrate/REGISTRATE.REGISTER]: Captured registration for entry fluid_tank of type minecraft:block_entity_type
[06Dec2025 14:08:54.364] [modloading-worker-0/DEBUG] [com.tterrag.registrate.AbstractRegistrate/REGISTRATE.REGISTER]: Captured registration for entry creative_fluid_tank of type minecraft:block_entity_type
[06Dec2025 14:08:54.365] [modloading-worker-0/DEBUG] [com.tterrag.registrate.AbstractRegistrate/REGISTRATE.REGISTER]: Captured registration for entry hose_pulley of type minecraft:block_entity_type
[06Dec2025 14:08:54.366] [modloading-worker-0/DEBUG] [com.tterrag.registrate.AbstractRegistrate/REGISTRATE.REGISTER]: Captured registration for entry spout of type minecraft:block_entity_type
[06Dec2025 14:08:54.366] [modloading-worker-0/DEBUG] [com.tterrag.registrate.AbstractRegistrate/REGISTRATE.REGISTER]: Captured registration for entry item_drain of type minecraft:block_entity_type
[06Dec2025 14:08:54.367] [modloading-worker-0/DEBUG] [com.tterrag.registrate.AbstractRegistrate/REGISTRATE.REGISTER]: Captured registration for entry belt of type minecraft:block_entity_type
[06Dec2025 14:08:54.369] [modloading-worker-0/DEBUG] [com.tterrag.registrate.AbstractRegistrate/REGISTRATE.REGISTER]: Captured registration for entry chute of type minecraft:block_entity_type
[06Dec2025 14:08:54.369] [modloading-worker-0/DEBUG] [com.tterrag.registrate.AbstractRegistrate/REGISTRATE.REGISTER]: Captured registration for entry smart_chute of type minecraft:block_entity_type
[06Dec2025 14:08:54.370] [modloading-worker-0/DEBUG] [com.tterrag.registrate.AbstractRegistrate/REGISTRATE.REGISTER]: Captured registration for entry andesite_tunnel of type minecraft:block_entity_type
[06Dec2025 14:08:54.373] [modloading-worker-0/DEBUG] [com.tterrag.registrate.AbstractRegistrate/REGISTRATE.REGISTER]: Captured registration for entry brass_tunnel of type minecraft:block_entity_type
[06Dec2025 14:08:54.374] [modloading-worker-0/DEBUG] [com.tterrag.registrate.AbstractRegistrate/REGISTRATE.REGISTER]: Captured registration for entry mechanical_arm of type minecraft:block_entity_type
[06Dec2025 14:08:54.375] [modloading-worker-0/DEBUG] [com.tterrag.registrate.AbstractRegistrate/REGISTRATE.REGISTER]: Captured registration for entry item_vault of type minecraft:block_entity_type
[06Dec2025 14:08:54.375] [modloading-worker-0/DEBUG] [com.tterrag.registrate.AbstractRegistrate/REGISTRATE.REGISTER]: Captured registration for entry item_hatch of type minecraft:block_entity_type
[06Dec2025 14:08:54.377] [modloading-worker-0/DEBUG] [com.tterrag.registrate.AbstractRegistrate/REGISTRATE.REGISTER]: Captured registration for entry packager of type minecraft:block_entity_type
[06Dec2025 14:08:54.377] [modloading-worker-0/DEBUG] [com.tterrag.registrate.AbstractRegistrate/REGISTRATE.REGISTER]: Captured registration for entry repackager of type minecraft:block_entity_type
[06Dec2025 14:08:54.378] [modloading-worker-0/DEBUG] [com.tterrag.registrate.AbstractRegistrate/REGISTRATE.REGISTER]: Captured registration for entry package_frogport of type minecraft:block_entity_type
[06Dec2025 14:08:54.379] [modloading-worker-0/DEBUG] [com.tterrag.registrate.AbstractRegistrate/REGISTRATE.REGISTER]: Captured registration for entry package_postbox of type minecraft:block_entity_type
[06Dec2025 14:08:54.380] [modloading-worker-0/DEBUG] [com.tterrag.registrate.AbstractRegistrate/REGISTRATE.REGISTER]: Captured registration for entry table_cloth of type minecraft:block_entity_type
[06Dec2025 14:08:54.380] [modloading-worker-0/DEBUG] [com.tterrag.registrate.AbstractRegistrate/REGISTRATE.REGISTER]: Captured registration for entry packager_link of type minecraft:block_entity_type
[06Dec2025 14:08:54.381] [modloading-worker-0/DEBUG] [com.tterrag.registrate.AbstractRegistrate/REGISTRATE.REGISTER]: Captured registration for entry stock_ticker of type minecraft:block_entity_type
[06Dec2025 14:08:54.382] [modloading-worker-0/DEBUG] [com.tterrag.registrate.AbstractRegistrate/REGISTRATE.REGISTER]: Captured registration for entry redstone_requester of type minecraft:block_entity_type
[06Dec2025 14:08:54.384] [modloading-worker-0/DEBUG] [com.tterrag.registrate.AbstractRegistrate/REGISTRATE.REGISTER]: Captured registration for entry mechanical_piston of type minecraft:block_entity_type
[06Dec2025 14:08:54.386] [modloading-worker-0/DEBUG] [com.tterrag.registrate.AbstractRegistrate/REGISTRATE.REGISTER]: Captured registration for entry windmill_bearing of type minecraft:block_entity_type
[06Dec2025 14:08:54.386] [modloading-worker-0/DEBUG] [com.tterrag.registrate.AbstractRegistrate/REGISTRATE.REGISTER]: Captured registration for entry mechanical_bearing of type minecraft:block_entity_type
[06Dec2025 14:08:54.387] [modloading-worker-0/DEBUG] [com.tterrag.registrate.AbstractRegistrate/REGISTRATE.REGISTER]: Captured registration for entry clockwork_bearing of type minecraft:block_entity_type
[06Dec2025 14:08:54.389] [modloading-worker-0/DEBUG] [com.tterrag.registrate.AbstractRegistrate/REGISTRATE.REGISTER]: Captured registration for entry rope_pulley of type minecraft:block_entity_type
[06Dec2025 14:08:54.390] [modloading-worker-0/DEBUG] [com.tterrag.registrate.AbstractRegistrate/REGISTRATE.REGISTER]: Captured registration for entry elevator_pulley of type minecraft:block_entity_type
[06Dec2025 14:08:54.390] [modloading-worker-0/DEBUG] [com.tterrag.registrate.AbstractRegistrate/REGISTRATE.REGISTER]: Captured registration for entry elevator_contact of type minecraft:block_entity_type
[06Dec2025 14:08:54.391] [modloading-worker-0/DEBUG] [com.tterrag.registrate.AbstractRegistrate/REGISTRATE.REGISTER]: Captured registration for entry chassis of type minecraft:block_entity_type
[06Dec2025 14:08:54.392] [modloading-worker-0/DEBUG] [com.tterrag.registrate.AbstractRegistrate/REGISTRATE.REGISTER]: Captured registration for entry sticker of type minecraft:block_entity_type
[06Dec2025 14:08:54.393] [modloading-worker-0/DEBUG] [com.tterrag.registrate.AbstractRegistrate/REGISTRATE.REGISTER]: Captured registration for entry contraption_controls of type minecraft:block_entity_type
[06Dec2025 14:08:54.393] [modloading-worker-0/DEBUG] [com.tterrag.registrate.AbstractRegistrate/REGISTRATE.REGISTER]: Captured registration for entry drill of type minecraft:block_entity_type
[06Dec2025 14:08:54.395] [modloading-worker-0/DEBUG] [com.tterrag.registrate.AbstractRegistrate/REGISTRATE.REGISTER]: Captured registration for entry saw of type minecraft:block_entity_type
[06Dec2025 14:08:54.395] [modloading-worker-0/DEBUG] [com.tterrag.registrate.AbstractRegistrate/REGISTRATE.REGISTER]: Captured registration for entry harvester of type minecraft:block_entity_type
[06Dec2025 14:08:54.396] [modloading-worker-0/DEBUG] [com.tterrag.registrate.AbstractRegistrate/REGISTRATE.REGISTER]: Captured registration for entry mechanical_roller of type minecraft:block_entity_type
[06Dec2025 14:08:54.397] [modloading-worker-0/DEBUG] [com.tterrag.registrate.AbstractRegistrate/REGISTRATE.REGISTER]: Captured registration for entry portable_storage_interface of type minecraft:block_entity_type
[06Dec2025 14:08:54.397] [modloading-worker-0/DEBUG] [com.tterrag.registrate.AbstractRegistrate/REGISTRATE.REGISTER]: Captured registration for entry portable_fluid_interface of type minecraft:block_entity_type
[06Dec2025 14:08:54.399] [modloading-worker-0/DEBUG] [com.tterrag.registrate.AbstractRegistrate/REGISTRATE.REGISTER]: Captured registration for entry steam_engine of type minecraft:block_entity_type
[06Dec2025 14:08:54.400] [modloading-worker-0/DEBUG] [com.tterrag.registrate.AbstractRegistrate/REGISTRATE.REGISTER]: Captured registration for entry steam_whistle of type minecraft:block_entity_type
[06Dec2025 14:08:54.400] [modloading-worker-0/DEBUG] [com.tterrag.registrate.AbstractRegistrate/REGISTRATE.REGISTER]: Captured registration for entry powered_shaft of type minecraft:block_entity_type
[06Dec2025 14:08:54.401] [modloading-worker-0/DEBUG] [com.tterrag.registrate.AbstractRegistrate/REGISTRATE.REGISTER]: Captured registration for entry flywheel of type minecraft:block_entity_type
[06Dec2025 14:08:54.401] [modloading-worker-0/DEBUG] [com.tterrag.registrate.AbstractRegistrate/REGISTRATE.REGISTER]: Captured registration for entry millstone of type minecraft:block_entity_type
[06Dec2025 14:08:54.402] [modloading-worker-0/DEBUG] [com.tterrag.registrate.AbstractRegistrate/REGISTRATE.REGISTER]: Captured registration for entry crushing_wheel of type minecraft:block_entity_type
[06Dec2025 14:08:54.403] [modloading-worker-0/DEBUG] [com.tterrag.registrate.AbstractRegistrate/REGISTRATE.REGISTER]: Captured registration for entry crushing_wheel_controller of type minecraft:block_entity_type
[06Dec2025 14:08:54.404] [modloading-worker-0/DEBUG] [com.tterrag.registrate.AbstractRegistrate/REGISTRATE.REGISTER]: Captured registration for entry water_wheel of type minecraft:block_entity_type
[06Dec2025 14:08:54.404] [modloading-worker-0/DEBUG] [com.tterrag.registrate.AbstractRegistrate/REGISTRATE.REGISTER]: Captured registration for entry large_water_wheel of type minecraft:block_entity_type
[06Dec2025 14:08:54.406] [modloading-worker-0/DEBUG] [com.tterrag.registrate.AbstractRegistrate/REGISTRATE.REGISTER]: Captured registration for entry mechanical_press of type minecraft:block_entity_type
[06Dec2025 14:08:54.406] [modloading-worker-0/DEBUG] [com.tterrag.registrate.AbstractRegistrate/REGISTRATE.REGISTER]: Captured registration for entry mechanical_mixer of type minecraft:block_entity_type
[06Dec2025 14:08:54.408] [modloading-worker-0/DEBUG] [com.tterrag.registrate.AbstractRegistrate/REGISTRATE.REGISTER]: Captured registration for entry deployer of type minecraft:block_entity_type
[06Dec2025 14:08:54.409] [modloading-worker-0/DEBUG] [com.tterrag.registrate.AbstractRegistrate/REGISTRATE.REGISTER]: Captured registration for entry basin of type minecraft:block_entity_type
[06Dec2025 14:08:54.410] [modloading-worker-0/DEBUG] [com.tterrag.registrate.AbstractRegistrate/REGISTRATE.REGISTER]: Captured registration for entry blaze_heater of type minecraft:block_entity_type
[06Dec2025 14:08:54.412] [modloading-worker-0/DEBUG] [com.tterrag.registrate.AbstractRegistrate/REGISTRATE.REGISTER]: Captured registration for entry mechanical_crafter of type minecraft:block_entity_type
[06Dec2025 14:08:54.412] [modloading-worker-0/DEBUG] [com.tterrag.registrate.AbstractRegistrate/REGISTRATE.REGISTER]: Captured registration for entry sequenced_gearshift of type minecraft:block_entity_type
[06Dec2025 14:08:54.413] [modloading-worker-0/DEBUG] [com.tterrag.registrate.AbstractRegistrate/REGISTRATE.REGISTER]: Captured registration for entry rotation_speed_controller of type minecraft:block_entity_type
[06Dec2025 14:08:54.414] [modloading-worker-0/DEBUG] [com.tterrag.registrate.AbstractRegistrate/REGISTRATE.REGISTER]: Captured registration for entry speedometer of type minecraft:block_entity_type
[06Dec2025 14:08:54.414] [modloading-worker-0/DEBUG] [com.tterrag.registrate.AbstractRegistrate/REGISTRATE.REGISTER]: Captured registration for entry stressometer of type minecraft:block_entity_type
[06Dec2025 14:08:54.415] [modloading-worker-0/DEBUG] [com.tterrag.registrate.AbstractRegistrate/REGISTRATE.REGISTER]: Captured registration for entry analog_lever of type minecraft:block_entity_type
[06Dec2025 14:08:54.415] [modloading-worker-0/DEBUG] [com.tterrag.registrate.AbstractRegistrate/REGISTRATE.REGISTER]: Captured registration for entry placard of type minecraft:block_entity_type
[06Dec2025 14:08:54.416] [modloading-worker-0/DEBUG] [com.tterrag.registrate.AbstractRegistrate/REGISTRATE.REGISTER]: Captured registration for entry factory_panel of type minecraft:block_entity_type
[06Dec2025 14:08:54.417] [modloading-worker-0/DEBUG] [com.tterrag.registrate.AbstractRegistrate/REGISTRATE.REGISTER]: Captured registration for entry cart_assembler of type minecraft:block_entity_type
[06Dec2025 14:08:54.418] [modloading-worker-0/DEBUG] [com.tterrag.registrate.AbstractRegistrate/REGISTRATE.REGISTER]: Captured registration for entry redstone_link of type minecraft:block_entity_type
[06Dec2025 14:08:54.419] [modloading-worker-0/DEBUG] [com.tterrag.registrate.AbstractRegistrate/REGISTRATE.REGISTER]: Captured registration for entry nixie_tube of type minecraft:block_entity_type
[06Dec2025 14:08:54.420] [modloading-worker-0/DEBUG] [com.tterrag.registrate.AbstractRegistrate/REGISTRATE.REGISTER]: Captured registration for entry display_link of type minecraft:block_entity_type
[06Dec2025 14:08:54.421] [modloading-worker-0/DEBUG] [com.tterrag.registrate.AbstractRegistrate/REGISTRATE.REGISTER]: Captured registration for entry stockpile_switch of type minecraft:block_entity_type
[06Dec2025 14:08:54.421] [modloading-worker-0/DEBUG] [com.tterrag.registrate.AbstractRegistrate/REGISTRATE.REGISTER]: Captured registration for entry creative_crate of type minecraft:block_entity_type
[06Dec2025 14:08:54.422] [modloading-worker-0/DEBUG] [com.tterrag.registrate.AbstractRegistrate/REGISTRATE.REGISTER]: Captured registration for entry depot of type minecraft:block_entity_type
[06Dec2025 14:08:54.423] [modloading-worker-0/DEBUG] [com.tterrag.registrate.AbstractRegistrate/REGISTRATE.REGISTER]: Captured registration for entry weighted_ejector of type minecraft:block_entity_type
[06Dec2025 14:08:54.424] [modloading-worker-0/DEBUG] [com.tterrag.registrate.AbstractRegistrate/REGISTRATE.REGISTER]: Captured registration for entry funnel of type minecraft:block_entity_type
[06Dec2025 14:08:54.424] [modloading-worker-0/DEBUG] [com.tterrag.registrate.AbstractRegistrate/REGISTRATE.REGISTER]: Captured registration for entry content_observer of type minecraft:block_entity_type
[06Dec2025 14:08:54.425] [modloading-worker-0/DEBUG] [com.tterrag.registrate.AbstractRegistrate/REGISTRATE.REGISTER]: Captured registration for entry pulse_extender of type minecraft:block_entity_type
[06Dec2025 14:08:54.425] [modloading-worker-0/DEBUG] [com.tterrag.registrate.AbstractRegistrate/REGISTRATE.REGISTER]: Captured registration for entry pulse_repeater of type minecraft:block_entity_type
[06Dec2025 14:08:54.426] [modloading-worker-0/DEBUG] [com.tterrag.registrate.AbstractRegistrate/REGISTRATE.REGISTER]: Captured registration for entry pulse_timer of type minecraft:block_entity_type
[06Dec2025 14:08:54.426] [modloading-worker-0/DEBUG] [com.tterrag.registrate.AbstractRegistrate/REGISTRATE.REGISTER]: Captured registration for entry lectern_controller of type minecraft:block_entity_type
[06Dec2025 14:08:54.427] [modloading-worker-0/DEBUG] [com.tterrag.registrate.AbstractRegistrate/REGISTRATE.REGISTER]: Captured registration for entry backtank of type minecraft:block_entity_type
[06Dec2025 14:08:54.427] [modloading-worker-0/DEBUG] [com.tterrag.registrate.AbstractRegistrate/REGISTRATE.REGISTER]: Captured registration for entry peculiar_bell of type minecraft:block_entity_type
[06Dec2025 14:08:54.428] [modloading-worker-0/DEBUG] [com.tterrag.registrate.AbstractRegistrate/REGISTRATE.REGISTER]: Captured registration for entry cursed_bell of type minecraft:block_entity_type
[06Dec2025 14:08:54.428] [modloading-worker-0/DEBUG] [com.tterrag.registrate.AbstractRegistrate/REGISTRATE.REGISTER]: Captured registration for entry desk_bell of type minecraft:block_entity_type
[06Dec2025 14:08:54.429] [modloading-worker-0/DEBUG] [com.tterrag.registrate.AbstractRegistrate/REGISTRATE.REGISTER]: Captured registration for entry toolbox of type minecraft:block_entity_type
[06Dec2025 14:08:54.430] [modloading-worker-0/DEBUG] [com.tterrag.registrate.AbstractRegistrate/REGISTRATE.REGISTER]: Captured registration for entry track of type minecraft:block_entity_type
[06Dec2025 14:08:54.430] [modloading-worker-0/DEBUG] [com.tterrag.registrate.AbstractRegistrate/REGISTRATE.REGISTER]: Captured registration for entry fake_track of type minecraft:block_entity_type
[06Dec2025 14:08:54.431] [modloading-worker-0/DEBUG] [com.tterrag.registrate.AbstractRegistrate/REGISTRATE.REGISTER]: Captured registration for entry bogey of type minecraft:block_entity_type
[06Dec2025 14:08:54.433] [modloading-worker-0/DEBUG] [com.tterrag.registrate.AbstractRegistrate/REGISTRATE.REGISTER]: Captured registration for entry track_station of type minecraft:block_entity_type
[06Dec2025 14:08:54.433] [modloading-worker-0/DEBUG] [com.tterrag.registrate.AbstractRegistrate/REGISTRATE.REGISTER]: Captured registration for entry sliding_door of type minecraft:block_entity_type
[06Dec2025 14:08:54.434] [modloading-worker-0/DEBUG] [com.tterrag.registrate.AbstractRegistrate/REGISTRATE.REGISTER]: Captured registration for entry copycat of type minecraft:block_entity_type
[06Dec2025 14:08:54.434] [modloading-worker-0/DEBUG] [com.tterrag.registrate.AbstractRegistrate/REGISTRATE.REGISTER]: Captured registration for entry flap_display of type minecraft:block_entity_type
[06Dec2025 14:08:54.435] [modloading-worker-0/DEBUG] [com.tterrag.registrate.AbstractRegistrate/REGISTRATE.REGISTER]: Captured registration for entry track_signal of type minecraft:block_entity_type
[06Dec2025 14:08:54.435] [modloading-worker-0/DEBUG] [com.tterrag.registrate.AbstractRegistrate/REGISTRATE.REGISTER]: Captured registration for entry track_observer of type minecraft:block_entity_type
[06Dec2025 14:08:54.436] [modloading-worker-0/DEBUG] [com.tterrag.registrate.AbstractRegistrate/REGISTRATE.REGISTER]: Captured registration for entry clipboard of type minecraft:block_entity_type
[06Dec2025 14:08:54.437] [modloading-worker-0/DEBUG] [com.tterrag.registrate.AbstractRegistrate/REGISTRATE.REGISTER]: Captured registration for entry potato_recovery of type minecraft:enchantment
[06Dec2025 14:08:54.437] [modloading-worker-0/DEBUG] [com.tterrag.registrate.AbstractRegistrate/REGISTRATE.REGISTER]: Captured registration for entry capacity of type minecraft:enchantment
[06Dec2025 14:08:54.489] [modloading-worker-0/DEBUG] [net.minecraftforge.fml.config.ConfigTracker/CONFIG]: Config file create-common.toml for create tracking
[06Dec2025 14:08:54.489] [modloading-worker-0/DEBUG] [net.minecraftforge.fml.config.ConfigTracker/CONFIG]: Config file create-client.toml for create tracking
[06Dec2025 14:08:54.489] [modloading-worker-0/DEBUG] [net.minecraftforge.fml.config.ConfigTracker/CONFIG]: Config file create-server.toml for create tracking
[06Dec2025 14:08:54.523] [modloading-worker-0/INFO] [mixin/]: Mixing client.accessor.ParticleEngineAccessor from ponder.mixins.json into net.minecraft.client.particle.ParticleEngine
[06Dec2025 14:08:54.536] [modloading-worker-0/DEBUG] [net.minecraftforge.fml.javafmlmod.AutomaticEventSubscriber/LOADING]: Attempting to inject @EventBusSubscriber classes into the eventbus for create
[06Dec2025 14:08:54.536] [modloading-worker-0/DEBUG] [net.minecraftforge.fml.javafmlmod.AutomaticEventSubscriber/LOADING]: Auto-subscribing com.simibubi.create.infrastructure.gui.OpenCreateMenuButton$OpenConfigButtonHandler to FORGE
[06Dec2025 14:08:54.538] [modloading-worker-0/DEBUG] [net.minecraftforge.fml.javafmlmod.AutomaticEventSubscriber/LOADING]: Auto-subscribing com.simibubi.create.infrastructure.gametest.CreateGameTests to MOD
[06Dec2025 14:08:54.542] [modloading-worker-0/DEBUG] [net.minecraftforge.fml.javafmlmod.AutomaticEventSubscriber/LOADING]: Auto-subscribing com.simibubi.create.infrastructure.config.AllConfigs to MOD
[06Dec2025 14:08:54.542] [modloading-worker-0/DEBUG] [net.minecraftforge.fml.javafmlmod.AutomaticEventSubscriber/LOADING]: Auto-subscribing com.simibubi.create.infrastructure.RemapHelper to FORGE
[06Dec2025 14:08:54.544] [modloading-worker-0/DEBUG] [net.minecraftforge.fml.javafmlmod.AutomaticEventSubscriber/LOADING]: Auto-subscribing com.simibubi.create.impl.registry.CreateRegistriesImpl to MOD
[06Dec2025 14:08:54.544] [modloading-worker-0/DEBUG] [net.minecraftforge.fml.javafmlmod.AutomaticEventSubscriber/LOADING]: Auto-subscribing com.simibubi.create.foundation.render.RenderTypes$Shaders to MOD
[06Dec2025 14:08:54.545] [modloading-worker-0/DEBUG] [net.minecraftforge.fml.javafmlmod.AutomaticEventSubscriber/LOADING]: Auto-subscribing com.simibubi.create.foundation.recipe.AllIngredients to MOD
[06Dec2025 14:08:54.545] [modloading-worker-0/DEBUG] [net.minecraftforge.fml.javafmlmod.AutomaticEventSubscriber/LOADING]: Auto-subscribing com.simibubi.create.foundation.events.InputEvents to FORGE
[06Dec2025 14:08:54.548] [modloading-worker-0/DEBUG] [net.minecraftforge.fml.javafmlmod.AutomaticEventSubscriber/LOADING]: Auto-subscribing com.simibubi.create.foundation.events.CommonEvents to FORGE
[06Dec2025 14:08:54.551] [modloading-worker-0/DEBUG] [net.minecraftforge.fml.javafmlmod.AutomaticEventSubscriber/LOADING]: Auto-subscribing com.simibubi.create.foundation.events.CommonEvents$ModBusEvents to MOD
[06Dec2025 14:08:54.552] [modloading-worker-0/DEBUG] [net.minecraftforge.fml.javafmlmod.AutomaticEventSubscriber/LOADING]: Auto-subscribing com.simibubi.create.foundation.events.ClientEvents to FORGE
[06Dec2025 14:08:54.556] [modloading-worker-0/DEBUG] [net.minecraftforge.fml.javafmlmod.AutomaticEventSubscriber/LOADING]: Auto-subscribing com.simibubi.create.foundation.events.ClientEvents$ModBusEvents to MOD
[06Dec2025 14:08:54.558] [modloading-worker-0/DEBUG] [net.minecraftforge.fml.javafmlmod.AutomaticEventSubscriber/LOADING]: Auto-subscribing com.simibubi.create.foundation.blockEntity.behaviour.edgeInteraction.EdgeInteractionHandler to FORGE
[06Dec2025 14:08:54.559] [modloading-worker-0/DEBUG] [net.minecraftforge.fml.javafmlmod.AutomaticEventSubscriber/LOADING]: Auto-subscribing com.simibubi.create.foundation.blockEntity.behaviour.ValueSettingsInputHandler to FORGE
[06Dec2025 14:08:54.560] [modloading-worker-0/DEBUG] [net.minecraftforge.fml.javafmlmod.AutomaticEventSubscriber/LOADING]: Auto-subscribing com.simibubi.create.foundation.block.ItemUseOverrides to FORGE
[06Dec2025 14:08:54.560] [modloading-worker-0/DEBUG] [net.minecraftforge.fml.javafmlmod.AutomaticEventSubscriber/LOADING]: Auto-subscribing com.simibubi.create.content.trains.track.TrackBlockOutline to FORGE
[06Dec2025 14:08:54.562] [modloading-worker-0/DEBUG] [net.minecraftforge.fml.javafmlmod.AutomaticEventSubscriber/LOADING]: Auto-subscribing com.simibubi.create.content.trains.track.TrackBlockItem to FORGE
[06Dec2025 14:08:54.565] [modloading-worker-0/DEBUG] [net.minecraftforge.fml.javafmlmod.AutomaticEventSubscriber/LOADING]: Auto-subscribing com.simibubi.create.content.trains.schedule.ScheduleItemEntityInteraction to FORGE
[06Dec2025 14:08:54.566] [modloading-worker-0/DEBUG] [net.minecraftforge.fml.javafmlmod.AutomaticEventSubscriber/LOADING]: Auto-subscribing com.simibubi.create.content.redstone.link.LinkHandler to FORGE
[06Dec2025 14:08:54.566] [modloading-worker-0/DEBUG] [net.minecraftforge.fml.javafmlmod.AutomaticEventSubscriber/LOADING]: Auto-subscribing com.simibubi.create.content.redstone.displayLink.DisplayLinkBlockItem to FORGE
[06Dec2025 14:08:54.567] [modloading-worker-0/DEBUG] [net.minecraftforge.fml.javafmlmod.AutomaticEventSubscriber/LOADING]: Auto-subscribing com.simibubi.create.content.redstone.displayLink.ClickToLinkBlockItem to FORGE
[06Dec2025 14:08:54.567] [modloading-worker-0/DEBUG] [net.minecraftforge.fml.javafmlmod.AutomaticEventSubscriber/LOADING]: Auto-subscribing com.simibubi.create.content.processing.burner.BlazeBurnerHandler to FORGE
[06Dec2025 14:08:54.568] [modloading-worker-0/DEBUG] [net.minecraftforge.fml.javafmlmod.AutomaticEventSubscriber/LOADING]: Auto-subscribing com.simibubi.create.content.logistics.stockTicker.StockTickerInteractionHandler to FORGE
[06Dec2025 14:08:54.569] [modloading-worker-0/DEBUG] [net.minecraftforge.fml.javafmlmod.AutomaticEventSubscriber/LOADING]: Auto-subscribing com.simibubi.create.content.logistics.itemHatch.ItemHatchHandler to FORGE
[06Dec2025 14:08:54.569] [modloading-worker-0/DEBUG] [net.minecraftforge.fml.javafmlmod.AutomaticEventSubscriber/LOADING]: Auto-subscribing com.simibubi.create.content.logistics.funnel.FunnelItem to FORGE
[06Dec2025 14:08:54.569] [modloading-worker-0/DEBUG] [net.minecraftforge.fml.javafmlmod.AutomaticEventSubscriber/LOADING]: Auto-subscribing com.simibubi.create.content.logistics.depot.EjectorTargetHandler to FORGE
[06Dec2025 14:08:54.571] [modloading-worker-0/DEBUG] [net.minecraftforge.fml.javafmlmod.AutomaticEventSubscriber/LOADING]: Auto-subscribing com.simibubi.create.content.logistics.depot.EjectorItem to FORGE
[06Dec2025 14:08:54.571] [modloading-worker-0/DEBUG] [net.minecraftforge.fml.javafmlmod.AutomaticEventSubscriber/LOADING]: Auto-subscribing com.simibubi.create.content.logistics.box.PackageClientInteractionHandler to FORGE
[06Dec2025 14:08:54.571] [modloading-worker-0/DEBUG] [net.minecraftforge.fml.javafmlmod.AutomaticEventSubscriber/LOADING]: Auto-subscribing com.simibubi.create.content.kinetics.mechanicalArm.ArmItem to FORGE
[06Dec2025 14:08:54.571] [modloading-worker-0/DEBUG] [net.minecraftforge.fml.javafmlmod.AutomaticEventSubscriber/LOADING]: Auto-subscribing com.simibubi.create.content.kinetics.mechanicalArm.ArmInteractionPointHandler to FORGE
[06Dec2025 14:08:54.572] [modloading-worker-0/DEBUG] [net.minecraftforge.fml.javafmlmod.AutomaticEventSubscriber/LOADING]: Auto-subscribing com.simibubi.create.content.kinetics.deployer.ManualApplicationRecipe to FORGE
[06Dec2025 14:08:54.573] [modloading-worker-0/DEBUG] [net.minecraftforge.fml.javafmlmod.AutomaticEventSubscriber/LOADING]: Auto-subscribing com.simibubi.create.content.kinetics.deployer.DeployerFakePlayer to FORGE
[06Dec2025 14:08:54.580] [modloading-worker-0/DEBUG] [io.netty.util.internal.InternalThreadLocalMap/]: -Dio.netty.threadLocalMap.stringBuilder.initialSize: 1024
[06Dec2025 14:08:54.581] [modloading-worker-0/DEBUG] [io.netty.util.internal.InternalThreadLocalMap/]: -Dio.netty.threadLocalMap.stringBuilder.maxSize: 4096
[06Dec2025 14:08:54.598] [modloading-worker-0/DEBUG] [net.minecraftforge.fml.javafmlmod.AutomaticEventSubscriber/LOADING]: Auto-subscribing com.simibubi.create.content.kinetics.crusher.CrushingWheelBlockEntity to FORGE
[06Dec2025 14:08:54.600] [modloading-worker-0/DEBUG] [net.minecraftforge.fml.javafmlmod.AutomaticEventSubscriber/LOADING]: Auto-subscribing com.simibubi.create.content.kinetics.crank.ValveHandleBlock to FORGE
[06Dec2025 14:08:54.602] [modloading-worker-0/DEBUG] [net.minecraftforge.fml.javafmlmod.AutomaticEventSubscriber/LOADING]: Auto-subscribing com.simibubi.create.content.kinetics.chainConveyor.ChainConveyorInteractionHandler to FORGE
[06Dec2025 14:08:54.604] [modloading-worker-0/DEBUG] [net.minecraftforge.fml.javafmlmod.AutomaticEventSubscriber/LOADING]: Auto-subscribing com.simibubi.create.content.kinetics.chainConveyor.ChainConveyorConnectionHandler to FORGE
[06Dec2025 14:08:54.605] [modloading-worker-0/DEBUG] [net.minecraftforge.fml.javafmlmod.AutomaticEventSubscriber/LOADING]: Auto-subscribing com.simibubi.create.content.fluids.FluidReactions to FORGE
[06Dec2025 14:08:54.607] [modloading-worker-0/DEBUG] [net.minecraftforge.fml.javafmlmod.AutomaticEventSubscriber/LOADING]: Auto-subscribing com.simibubi.create.content.fluids.FluidBottleItemHook to FORGE
[06Dec2025 14:08:54.608] [modloading-worker-0/DEBUG] [net.minecraftforge.fml.javafmlmod.AutomaticEventSubscriber/LOADING]: Auto-subscribing com.simibubi.create.content.equipment.zapper.ZapperInteractionHandler to FORGE
[06Dec2025 14:08:54.609] [modloading-worker-0/DEBUG] [net.minecraftforge.fml.javafmlmod.AutomaticEventSubscriber/LOADING]: Auto-subscribing com.simibubi.create.content.equipment.wrench.WrenchEventHandler to FORGE
[06Dec2025 14:08:54.610] [modloading-worker-0/DEBUG] [net.minecraftforge.fml.javafmlmod.AutomaticEventSubscriber/LOADING]: Auto-subscribing com.simibubi.create.content.equipment.tool.CardboardSwordItem to FORGE
[06Dec2025 14:08:54.610] [modloading-worker-0/DEBUG] [net.minecraftforge.fml.javafmlmod.AutomaticEventSubscriber/LOADING]: Auto-subscribing com.simibubi.create.content.equipment.symmetryWand.SymmetryHandler to FORGE
[06Dec2025 14:08:54.612] [modloading-worker-0/DEBUG] [net.minecraftforge.fml.javafmlmod.AutomaticEventSubscriber/LOADING]: Auto-subscribing com.simibubi.create.content.equipment.extendoGrip.ExtendoGripRenderHandler to FORGE
[06Dec2025 14:08:54.612] [modloading-worker-0/DEBUG] [net.minecraftforge.fml.javafmlmod.AutomaticEventSubscriber/LOADING]: Auto-subscribing com.simibubi.create.content.equipment.extendoGrip.ExtendoGripItem to FORGE
[06Dec2025 14:08:54.615] [modloading-worker-0/DEBUG] [net.minecraftforge.fml.javafmlmod.AutomaticEventSubscriber/LOADING]: Auto-subscribing com.simibubi.create.content.equipment.clipboard.ClipboardValueSettingsHandler to FORGE
[06Dec2025 14:08:54.617] [modloading-worker-0/DEBUG] [net.minecraftforge.fml.javafmlmod.AutomaticEventSubscriber/LOADING]: Auto-subscribing com.simibubi.create.content.equipment.bell.HauntedBellPulser to FORGE
[06Dec2025 14:08:54.618] [modloading-worker-0/DEBUG] [net.minecraftforge.fml.javafmlmod.AutomaticEventSubscriber/LOADING]: Auto-subscribing com.simibubi.create.content.equipment.armor.NetheriteDivingHandler to FORGE
[06Dec2025 14:08:54.618] [modloading-worker-0/DEBUG] [net.minecraftforge.fml.javafmlmod.AutomaticEventSubscriber/LOADING]: Auto-subscribing com.simibubi.create.content.equipment.armor.NetheriteBacktankFirstPersonRenderer to FORGE
[06Dec2025 14:08:54.619] [modloading-worker-0/DEBUG] [net.minecraftforge.fml.javafmlmod.AutomaticEventSubscriber/LOADING]: Auto-subscribing com.simibubi.create.content.equipment.armor.DivingHelmetItem to FORGE
[06Dec2025 14:08:54.620] [modloading-worker-0/DEBUG] [net.minecraftforge.fml.javafmlmod.AutomaticEventSubscriber/LOADING]: Auto-subscribing com.simibubi.create.content.equipment.armor.DivingBootsItem to FORGE
[06Dec2025 14:08:54.620] [modloading-worker-0/DEBUG] [net.minecraftforge.fml.javafmlmod.AutomaticEventSubscriber/LOADING]: Auto-subscribing com.simibubi.create.content.equipment.armor.CardboardArmorHandlerClient to FORGE
[06Dec2025 14:08:54.623] [modloading-worker-0/INFO] [mixin/]: Mixing client.PlayerRendererMixin from rbh.mixins.json into net.minecraft.client.renderer.entity.player.PlayerRenderer
[06Dec2025 14:08:54.625] [modloading-worker-0/INFO] [mixin/]: Mixing client.PlayerRendererMixin from create.mixins.json into net.minecraft.client.renderer.entity.player.PlayerRenderer
[06Dec2025 14:08:54.638] [modloading-worker-0/DEBUG] [net.minecraftforge.fml.javafmlmod.AutomaticEventSubscriber/LOADING]: Auto-subscribing com.simibubi.create.content.equipment.armor.CardboardArmorHandler to FORGE
[06Dec2025 14:08:54.640] [modloading-worker-0/DEBUG] [net.minecraftforge.fml.javafmlmod.AutomaticEventSubscriber/LOADING]: Auto-subscribing com.simibubi.create.content.contraptions.render.ContraptionRenderInfoManager to FORGE
[06Dec2025 14:08:54.641] [modloading-worker-0/DEBUG] [net.minecraftforge.fml.javafmlmod.AutomaticEventSubscriber/LOADING]: Auto-subscribing com.simibubi.create.content.contraptions.mounted.MinecartContraptionItem to FORGE
[06Dec2025 14:08:54.642] [modloading-worker-0/DEBUG] [net.minecraftforge.fml.javafmlmod.AutomaticEventSubscriber/LOADING]: Auto-subscribing com.simibubi.create.content.contraptions.mounted.CartAssemblerBlockEntity to FORGE
[06Dec2025 14:08:54.642] [modloading-worker-0/DEBUG] [net.minecraftforge.fml.javafmlmod.AutomaticEventSubscriber/LOADING]: Auto-subscribing com.simibubi.create.content.contraptions.minecart.MinecartCouplingItem to FORGE
[06Dec2025 14:08:54.642] [modloading-worker-0/DEBUG] [net.minecraftforge.fml.javafmlmod.AutomaticEventSubscriber/LOADING]: Auto-subscribing com.simibubi.create.content.contraptions.minecart.CouplingHandler to FORGE
[06Dec2025 14:08:54.644] [modloading-worker-0/DEBUG] [net.minecraftforge.fml.javafmlmod.AutomaticEventSubscriber/LOADING]: Auto-subscribing com.simibubi.create.content.contraptions.glue.SuperGlueItem to FORGE
[06Dec2025 14:08:54.644] [modloading-worker-0/DEBUG] [net.minecraftforge.fml.javafmlmod.AutomaticEventSubscriber/LOADING]: Auto-subscribing com.simibubi.create.content.contraptions.glue.SuperGlueHandler to FORGE
[06Dec2025 14:08:54.645] [modloading-worker-0/DEBUG] [net.minecraftforge.fml.javafmlmod.AutomaticEventSubscriber/LOADING]: Auto-subscribing com.simibubi.create.content.contraptions.ContraptionHandlerClient to FORGE
[06Dec2025 14:08:54.646] [modloading-worker-0/DEBUG] [net.minecraftforge.fml.javafmlmod.AutomaticEventSubscriber/LOADING]: Auto-subscribing com.simibubi.create.compat.trainmap.TrainMapEvents to FORGE
[06Dec2025 14:08:54.648] [modloading-worker-0/DEBUG] [net.minecraftforge.fml.javafmlmod.AutomaticEventSubscriber/LOADING]: Auto-subscribing com.simibubi.create.AllKeys to MOD
[06Dec2025 14:08:54.648] [modloading-worker-0/DEBUG] [net.minecraftforge.fml.javafmlmod.AutomaticEventSubscriber/LOADING]: Auto-subscribing com.simibubi.create.AllCreativeModeTabs to MOD
[06Dec2025 14:08:54.662] [main/DEBUG] [net.minecraftforge.registries.ObjectHolderRegistry/REGISTRIES]: Processing ObjectHolder annotations
[06Dec2025 14:08:54.675] [main/DEBUG] [net.minecraftforge.registries.ObjectHolderRegistry/REGISTRIES]: Found 5562 ObjectHolder annotations
[06Dec2025 14:08:54.677] [main/DEBUG] [net.minecraftforge.common.capabilities.CapabilityManager/CAPABILITIES]: Attempting to automatically register: Lnet/minecraftforge/energy/IEnergyStorage;
[06Dec2025 14:08:54.677] [main/DEBUG] [net.minecraftforge.common.capabilities.CapabilityManager/CAPABILITIES]: Attempting to automatically register: Lnet/minecraftforge/fluids/capability/IFluidHandler;
[06Dec2025 14:08:54.677] [main/DEBUG] [net.minecraftforge.common.capabilities.CapabilityManager/CAPABILITIES]: Attempting to automatically register: Lnet/minecraftforge/fluids/capability/IFluidHandlerItem;
[06Dec2025 14:08:54.677] [main/DEBUG] [net.minecraftforge.common.capabilities.CapabilityManager/CAPABILITIES]: Attempting to automatically register: Lnet/minecraftforge/items/IItemHandler;
[06Dec2025 14:08:54.678] [main/DEBUG] [net.minecraftforge.registries.GameData/REGISTRIES]: Unfreezing vanilla registries
[06Dec2025 14:08:54.705] [main/DEBUG] [net.minecraftforge.registries.GameData/REGISTRIES]: Applying holder lookups: minecraft:sound_event
[06Dec2025 14:08:54.708] [main/DEBUG] [net.minecraftforge.registries.GameData/REGISTRIES]: Holder lookups applied: minecraft:sound_event
[06Dec2025 14:08:54.709] [main/DEBUG] [com.tterrag.registrate.AbstractRegistrate/REGISTRATE.REGISTER]: Registering 8 known objects of type minecraft:fluid
[06Dec2025 14:08:54.710] [main/DEBUG] [com.tterrag.registrate.AbstractRegistrate/REGISTRATE.REGISTER]: Registered create:potion to registry ResourceKey[minecraft:root / minecraft:fluid]
[06Dec2025 14:08:54.710] [main/DEBUG] [com.tterrag.registrate.AbstractRegistrate/REGISTRATE.REGISTER]: Registered create:flowing_potion to registry ResourceKey[minecraft:root / minecraft:fluid]
[06Dec2025 14:08:54.710] [main/DEBUG] [com.tterrag.registrate.AbstractRegistrate/REGISTRATE.REGISTER]: Registered create:tea to registry ResourceKey[minecraft:root / minecraft:fluid]
[06Dec2025 14:08:54.710] [main/DEBUG] [com.tterrag.registrate.AbstractRegistrate/REGISTRATE.REGISTER]: Registered create:flowing_tea to registry ResourceKey[minecraft:root / minecraft:fluid]
[06Dec2025 14:08:54.710] [main/DEBUG] [com.tterrag.registrate.AbstractRegistrate/REGISTRATE.REGISTER]: Registered create:honey to registry ResourceKey[minecraft:root / minecraft:fluid]
[06Dec2025 14:08:54.710] [main/DEBUG] [com.tterrag.registrate.AbstractRegistrate/REGISTRATE.REGISTER]: Registered create:flowing_honey to registry ResourceKey[minecraft:root / minecraft:fluid]
[06Dec2025 14:08:54.710] [main/DEBUG] [com.tterrag.registrate.AbstractRegistrate/REGISTRATE.REGISTER]: Registered create:chocolate to registry ResourceKey[minecraft:root / minecraft:fluid]
[06Dec2025 14:08:54.710] [main/DEBUG] [com.tterrag.registrate.AbstractRegistrate/REGISTRATE.REGISTER]: Registered create:flowing_chocolate to registry ResourceKey[minecraft:root / minecraft:fluid]
[06Dec2025 14:08:54.710] [main/DEBUG] [net.minecraftforge.registries.GameData/REGISTRIES]: Applying holder lookups: minecraft:fluid
[06Dec2025 14:08:54.711] [main/DEBUG] [net.minecraftforge.registries.GameData/REGISTRIES]: Holder lookups applied: minecraft:fluid
[06Dec2025 14:08:54.711] [main/DEBUG] [com.tterrag.registrate.AbstractRegistrate/REGISTRATE.REGISTER]: Registering 643 known objects of type minecraft:block
[06Dec2025 14:08:54.712] [main/DEBUG] [com.tterrag.registrate.AbstractRegistrate/REGISTRATE.REGISTER]: Registered create:schematicannon to registry ResourceKey[minecraft:root / minecraft:block]
[06Dec2025 14:08:54.712] [main/DEBUG] [com.tterrag.registrate.AbstractRegistrate/REGISTRATE.REGISTER]: Registered create:schematic_table to registry ResourceKey[minecraft:root / minecraft:block]
[06Dec2025 14:08:54.714] [main/DEBUG] [com.tterrag.registrate.AbstractRegistrate/REGISTRATE.REGISTER]: Registered create:shaft to registry ResourceKey[minecraft:root / minecraft:block]
[06Dec2025 14:08:54.714] [main/DEBUG] [com.tterrag.registrate.AbstractRegistrate/REGISTRATE.REGISTER]: Registered create:cogwheel to registry ResourceKey[minecraft:root / minecraft:block]
[06Dec2025 14:08:54.715] [main/DEBUG] [com.tterrag.registrate.AbstractRegistrate/REGISTRATE.REGISTER]: Registered create:large_cogwheel to registry ResourceKey[minecraft:root / minecraft:block]
[06Dec2025 14:08:54.716] [main/DEBUG] [com.tterrag.registrate.AbstractRegistrate/REGISTRATE.REGISTER]: Registered create:andesite_encased_shaft to registry ResourceKey[minecraft:root / minecraft:block]
[06Dec2025 14:08:54.716] [main/DEBUG] [com.tterrag.registrate.AbstractRegistrate/REGISTRATE.REGISTER]: Registered create:brass_encased_shaft to registry ResourceKey[minecraft:root / minecraft:block]
[06Dec2025 14:08:54.717] [main/DEBUG] [com.tterrag.registrate.AbstractRegistrate/REGISTRATE.REGISTER]: Registered create:andesite_encased_cogwheel to registry ResourceKey[minecraft:root / minecraft:block]
[06Dec2025 14:08:54.717] [main/DEBUG] [com.tterrag.registrate.AbstractRegistrate/REGISTRATE.REGISTER]: Registered create:brass_encased_cogwheel to registry ResourceKey[minecraft:root / minecraft:block]
[06Dec2025 14:08:54.718] [main/DEBUG] [com.tterrag.registrate.AbstractRegistrate/REGISTRATE.REGISTER]: Registered create:andesite_encased_large_cogwheel to registry ResourceKey[minecraft:root / minecraft:block]
[06Dec2025 14:08:54.718] [main/DEBUG] [com.tterrag.registrate.AbstractRegistrate/REGISTRATE.REGISTER]: Registered create:brass_encased_large_cogwheel to registry ResourceKey[minecraft:root / minecraft:block]
[06Dec2025 14:08:54.718] [main/DEBUG] [com.tterrag.registrate.AbstractRegistrate/REGISTRATE.REGISTER]: Registered create:gearbox to registry ResourceKey[minecraft:root / minecraft:block]
[06Dec2025 14:08:54.718] [main/DEBUG] [com.tterrag.registrate.AbstractRegistrate/REGISTRATE.REGISTER]: Registered create:clutch to registry ResourceKey[minecraft:root / minecraft:block]
[06Dec2025 14:08:54.718] [main/DEBUG] [com.tterrag.registrate.AbstractRegistrate/REGISTRATE.REGISTER]: Registered create:gearshift to registry ResourceKey[minecraft:root / minecraft:block]
[06Dec2025 14:08:54.719] [main/DEBUG] [com.tterrag.registrate.AbstractRegistrate/REGISTRATE.REGISTER]: Registered create:encased_chain_drive to registry ResourceKey[minecraft:root / minecraft:block]
[06Dec2025 14:08:54.719] [main/DEBUG] [com.tterrag.registrate.AbstractRegistrate/REGISTRATE.REGISTER]: Registered create:adjustable_chain_gearshift to registry ResourceKey[minecraft:root / minecraft:block]
[06Dec2025 14:08:54.723] [main/DEBUG] [com.tterrag.registrate.AbstractRegistrate/REGISTRATE.REGISTER]: Registered create:belt to registry ResourceKey[minecraft:root / minecraft:block]
[06Dec2025 14:08:54.723] [main/DEBUG] [com.tterrag.registrate.AbstractRegistrate/REGISTRATE.REGISTER]: Registered create:chain_conveyor to registry ResourceKey[minecraft:root / minecraft:block]
[06Dec2025 14:08:54.724] [main/DEBUG] [com.tterrag.registrate.AbstractRegistrate/REGISTRATE.REGISTER]: Registered create:creative_motor to registry ResourceKey[minecraft:root / minecraft:block]
[06Dec2025 14:08:54.724] [main/DEBUG] [com.tterrag.registrate.AbstractRegistrate/REGISTRATE.REGISTER]: Registered create:water_wheel to registry ResourceKey[minecraft:root / minecraft:block]
[06Dec2025 14:08:54.724] [main/DEBUG] [com.tterrag.registrate.AbstractRegistrate/REGISTRATE.REGISTER]: Registered create:large_water_wheel to registry ResourceKey[minecraft:root / minecraft:block]
[06Dec2025 14:08:54.724] [main/DEBUG] [com.tterrag.registrate.AbstractRegistrate/REGISTRATE.REGISTER]: Registered create:water_wheel_structure to registry ResourceKey[minecraft:root / minecraft:block]
[06Dec2025 14:08:54.724] [main/DEBUG] [com.tterrag.registrate.AbstractRegistrate/REGISTRATE.REGISTER]: Registered create:encased_fan to registry ResourceKey[minecraft:root / minecraft:block]
[06Dec2025 14:08:54.724] [main/DEBUG] [com.tterrag.registrate.AbstractRegistrate/REGISTRATE.REGISTER]: Registered create:nozzle to registry ResourceKey[minecraft:root / minecraft:block]
[06Dec2025 14:08:54.724] [main/DEBUG] [com.tterrag.registrate.AbstractRegistrate/REGISTRATE.REGISTER]: Registered create:turntable to registry ResourceKey[minecraft:root / minecraft:block]
[06Dec2025 14:08:54.725] [main/DEBUG] [com.tterrag.registrate.AbstractRegistrate/REGISTRATE.REGISTER]: Registered create:hand_crank to registry ResourceKey[minecraft:root / minecraft:block]
[06Dec2025 14:08:54.725] [main/DEBUG] [com.tterrag.registrate.AbstractRegistrate/REGISTRATE.REGISTER]: Registered create:cuckoo_clock to registry ResourceKey[minecraft:root / minecraft:block]
[06Dec2025 14:08:54.725] [main/DEBUG] [com.tterrag.registrate.AbstractRegistrate/REGISTRATE.REGISTER]: Registered create:mysterious_cuckoo_clock to registry ResourceKey[minecraft:root / minecraft:block]
[06Dec2025 14:08:54.725] [main/DEBUG] [com.tterrag.registrate.AbstractRegistrate/REGISTRATE.REGISTER]: Registered create:millstone to registry ResourceKey[minecraft:root / minecraft:block]
[06Dec2025 14:08:54.725] [main/DEBUG] [com.tterrag.registrate.AbstractRegistrate/REGISTRATE.REGISTER]: Registered create:crushing_wheel to registry ResourceKey[minecraft:root / minecraft:block]
[06Dec2025 14:08:54.725] [main/DEBUG] [com.tterrag.registrate.AbstractRegistrate/REGISTRATE.REGISTER]: Registered create:crushing_wheel_controller to registry ResourceKey[minecraft:root / minecraft:block]
[06Dec2025 14:08:54.725] [main/DEBUG] [com.tterrag.registrate.AbstractRegistrate/REGISTRATE.REGISTER]: Registered create:mechanical_press to registry ResourceKey[minecraft:root / minecraft:block]
[06Dec2025 14:08:54.725] [main/DEBUG] [com.tterrag.registrate.AbstractRegistrate/REGISTRATE.REGISTER]: Registered create:mechanical_mixer to registry ResourceKey[minecraft:root / minecraft:block]
[06Dec2025 14:08:54.726] [main/DEBUG] [com.tterrag.registrate.AbstractRegistrate/REGISTRATE.REGISTER]: Registered create:basin to registry ResourceKey[minecraft:root / minecraft:block]
[06Dec2025 14:08:54.727] [main/DEBUG] [com.tterrag.registrate.AbstractRegistrate/REGISTRATE.REGISTER]: Registered create:blaze_burner to registry ResourceKey[minecraft:root / minecraft:block]
[06Dec2025 14:08:54.727] [main/DEBUG] [com.tterrag.registrate.AbstractRegistrate/REGISTRATE.REGISTER]: Registered create:lit_blaze_burner to registry ResourceKey[minecraft:root / minecraft:block]
[06Dec2025 14:08:54.727] [main/DEBUG] [com.tterrag.registrate.AbstractRegistrate/REGISTRATE.REGISTER]: Registered create:depot to registry ResourceKey[minecraft:root / minecraft:block]
[06Dec2025 14:08:54.728] [main/DEBUG] [com.tterrag.registrate.AbstractRegistrate/REGISTRATE.REGISTER]: Registered create:weighted_ejector to registry ResourceKey[minecraft:root / minecraft:block]
[06Dec2025 14:08:54.728] [main/DEBUG] [com.tterrag.registrate.AbstractRegistrate/REGISTRATE.REGISTER]: Registered create:chute to registry ResourceKey[minecraft:root / minecraft:block]
[06Dec2025 14:08:54.729] [main/DEBUG] [com.tterrag.registrate.AbstractRegistrate/REGISTRATE.REGISTER]: Registered create:smart_chute to registry ResourceKey[minecraft:root / minecraft:block]
[06Dec2025 14:08:54.753] [main/DEBUG] [com.tterrag.registrate.AbstractRegistrate/REGISTRATE.REGISTER]: Registered create:speedometer to registry ResourceKey[minecraft:root / minecraft:block]
[06Dec2025 14:08:54.753] [main/DEBUG] [com.tterrag.registrate.AbstractRegistrate/REGISTRATE.REGISTER]: Registered create:stressometer to registry ResourceKey[minecraft:root / minecraft:block]
[06Dec2025 14:08:54.754] [main/DEBUG] [com.tterrag.registrate.AbstractRegistrate/REGISTRATE.REGISTER]: Registered create:wooden_bracket to registry ResourceKey[minecraft:root / minecraft:block]
[06Dec2025 14:08:54.754] [main/DEBUG] [com.tterrag.registrate.AbstractRegistrate/REGISTRATE.REGISTER]: Registered create:metal_bracket to registry ResourceKey[minecraft:root / minecraft:block]
[06Dec2025 14:08:54.756] [main/DEBUG] [com.tterrag.registrate.AbstractRegistrate/REGISTRATE.REGISTER]: Registered create:fluid_pipe to registry ResourceKey[minecraft:root / minecraft:block]
[06Dec2025 14:08:54.757] [main/DEBUG] [com.tterrag.registrate.AbstractRegistrate/REGISTRATE.REGISTER]: Registered create:encased_fluid_pipe to registry ResourceKey[minecraft:root / minecraft:block]
[06Dec2025 14:08:54.757] [main/DEBUG] [com.tterrag.registrate.AbstractRegistrate/REGISTRATE.REGISTER]: Registered create:glass_fluid_pipe to registry ResourceKey[minecraft:root / minecraft:block]
[06Dec2025 14:08:54.757] [main/DEBUG] [com.tterrag.registrate.AbstractRegistrate/REGISTRATE.REGISTER]: Registered create:mechanical_pump to registry ResourceKey[minecraft:root / minecraft:block]
[06Dec2025 14:08:54.758] [main/DEBUG] [com.tterrag.registrate.AbstractRegistrate/REGISTRATE.REGISTER]: Registered create:smart_fluid_pipe to registry ResourceKey[minecraft:root / minecraft:block]
[06Dec2025 14:08:54.758] [main/DEBUG] [com.tterrag.registrate.AbstractRegistrate/REGISTRATE.REGISTER]: Registered create:fluid_valve to registry ResourceKey[minecraft:root / minecraft:block]
[06Dec2025 14:08:54.758] [main/DEBUG] [com.tterrag.registrate.AbstractRegistrate/REGISTRATE.REGISTER]: Registered create:copper_valve_handle to registry ResourceKey[minecraft:root / minecraft:block]
[06Dec2025 14:08:54.758] [main/DEBUG] [com.tterrag.registrate.AbstractRegistrate/REGISTRATE.REGISTER]: Registered create:white_valve_handle to registry ResourceKey[minecraft:root / minecraft:block]
[06Dec2025 14:08:54.758] [main/DEBUG] [com.tterrag.registrate.AbstractRegistrate/REGISTRATE.REGISTER]: Registered create:orange_valve_handle to registry ResourceKey[minecraft:root / minecraft:block]
[06Dec2025 14:08:54.758] [main/DEBUG] [com.tterrag.registrate.AbstractRegistrate/REGISTRATE.REGISTER]: Registered create:magenta_valve_handle to registry ResourceKey[minecraft:root / minecraft:block]
[06Dec2025 14:08:54.758] [main/DEBUG] [com.tterrag.registrate.AbstractRegistrate/REGISTRATE.REGISTER]: Registered create:light_blue_valve_handle to registry ResourceKey[minecraft:root / minecraft:block]
[06Dec2025 14:08:54.758] [main/DEBUG] [com.tterrag.registrate.AbstractRegistrate/REGISTRATE.REGISTER]: Registered create:yellow_valve_handle to registry ResourceKey[minecraft:root / minecraft:block]
[06Dec2025 14:08:54.758] [main/DEBUG] [com.tterrag.registrate.AbstractRegistrate/REGISTRATE.REGISTER]: Registered create:lime_valve_handle to registry ResourceKey[minecraft:root / minecraft:block]
[06Dec2025 14:08:54.759] [main/DEBUG] [com.tterrag.registrate.AbstractRegistrate/REGISTRATE.REGISTER]: Registered create:pink_valve_handle to registry ResourceKey[minecraft:root / minecraft:block]
[06Dec2025 14:08:54.759] [main/DEBUG] [com.tterrag.registrate.AbstractRegistrate/REGISTRATE.REGISTER]: Registered create:gray_valve_handle to registry ResourceKey[minecraft:root / minecraft:block]
[06Dec2025 14:08:54.759] [main/DEBUG] [com.tterrag.registrate.AbstractRegistrate/REGISTRATE.REGISTER]: Registered create:light_gray_valve_handle to registry ResourceKey[minecraft:root / minecraft:block]
[06Dec2025 14:08:54.759] [main/DEBUG] [com.tterrag.registrate.AbstractRegistrate/REGISTRATE.REGISTER]: Registered create:cyan_valve_handle to registry ResourceKey[minecraft:root / minecraft:block]
[06Dec2025 14:08:54.759] [main/DEBUG] [com.tterrag.registrate.AbstractRegistrate/REGISTRATE.REGISTER]: Registered create:purple_valve_handle to registry ResourceKey[minecraft:root / minecraft:block]
[06Dec2025 14:08:54.759] [main/DEBUG] [com.tterrag.registrate.AbstractRegistrate/REGISTRATE.REGISTER]: Registered create:blue_valve_handle to registry ResourceKey[minecraft:root / minecraft:block]
[06Dec2025 14:08:54.759] [main/DEBUG] [com.tterrag.registrate.AbstractRegistrate/REGISTRATE.REGISTER]: Registered create:brown_valve_handle to registry ResourceKey[minecraft:root / minecraft:block]
[06Dec2025 14:08:54.759] [main/DEBUG] [com.tterrag.registrate.AbstractRegistrate/REGISTRATE.REGISTER]: Registered create:green_valve_handle to registry ResourceKey[minecraft:root / minecraft:block]
[06Dec2025 14:08:54.759] [main/DEBUG] [com.tterrag.registrate.AbstractRegistrate/REGISTRATE.REGISTER]: Registered create:red_valve_handle to registry ResourceKey[minecraft:root / minecraft:block]
[06Dec2025 14:08:54.759] [main/DEBUG] [com.tterrag.registrate.AbstractRegistrate/REGISTRATE.REGISTER]: Registered create:black_valve_handle to registry ResourceKey[minecraft:root / minecraft:block]
[06Dec2025 14:08:54.761] [main/DEBUG] [com.tterrag.registrate.AbstractRegistrate/REGISTRATE.REGISTER]: Registered create:fluid_tank to registry ResourceKey[minecraft:root / minecraft:block]
[06Dec2025 14:08:54.761] [main/DEBUG] [com.tterrag.registrate.AbstractRegistrate/REGISTRATE.REGISTER]: Registered create:creative_fluid_tank to registry ResourceKey[minecraft:root / minecraft:block]
[06Dec2025 14:08:54.761] [main/DEBUG] [com.tterrag.registrate.AbstractRegistrate/REGISTRATE.REGISTER]: Registered create:hose_pulley to registry ResourceKey[minecraft:root / minecraft:block]
[06Dec2025 14:08:54.761] [main/DEBUG] [com.tterrag.registrate.AbstractRegistrate/REGISTRATE.REGISTER]: Registered create:item_drain to registry ResourceKey[minecraft:root / minecraft:block]
[06Dec2025 14:08:54.761] [main/DEBUG] [com.tterrag.registrate.AbstractRegistrate/REGISTRATE.REGISTER]: Registered create:spout to registry ResourceKey[minecraft:root / minecraft:block]
[06Dec2025 14:08:54.761] [main/DEBUG] [com.tterrag.registrate.AbstractRegistrate/REGISTRATE.REGISTER]: Registered create:portable_fluid_interface to registry ResourceKey[minecraft:root / minecraft:block]
[06Dec2025 14:08:54.762] [main/DEBUG] [com.tterrag.registrate.AbstractRegistrate/REGISTRATE.REGISTER]: Registered create:steam_engine to registry ResourceKey[minecraft:root / minecraft:block]
[06Dec2025 14:08:54.762] [main/DEBUG] [com.tterrag.registrate.AbstractRegistrate/REGISTRATE.REGISTER]: Registered create:steam_whistle to registry ResourceKey[minecraft:root / minecraft:block]
[06Dec2025 14:08:54.763] [main/DEBUG] [com.tterrag.registrate.AbstractRegistrate/REGISTRATE.REGISTER]: Registered create:steam_whistle_extension to registry ResourceKey[minecraft:root / minecraft:block]
[06Dec2025 14:08:54.763] [main/DEBUG] [com.tterrag.registrate.AbstractRegistrate/REGISTRATE.REGISTER]: Registered create:powered_shaft to registry ResourceKey[minecraft:root / minecraft:block]
[06Dec2025 14:08:54.763] [main/DEBUG] [com.tterrag.registrate.AbstractRegistrate/REGISTRATE.REGISTER]: Registered create:mechanical_piston to registry ResourceKey[minecraft:root / minecraft:block]
[06Dec2025 14:08:54.763] [main/DEBUG] [com.tterrag.registrate.AbstractRegistrate/REGISTRATE.REGISTER]: Registered create:sticky_mechanical_piston to registry ResourceKey[minecraft:root / minecraft:block]
[06Dec2025 14:08:54.764] [main/DEBUG] [com.tterrag.registrate.AbstractRegistrate/REGISTRATE.REGISTER]: Registered create:piston_extension_pole to registry ResourceKey[minecraft:root / minecraft:block]
[06Dec2025 14:08:54.764] [main/DEBUG] [com.tterrag.registrate.AbstractRegistrate/REGISTRATE.REGISTER]: Registered create:mechanical_piston_head to registry ResourceKey[minecraft:root / minecraft:block]
[06Dec2025 14:08:54.764] [main/DEBUG] [com.tterrag.registrate.AbstractRegistrate/REGISTRATE.REGISTER]: Registered create:gantry_carriage to registry ResourceKey[minecraft:root / minecraft:block]
[06Dec2025 14:08:54.765] [main/DEBUG] [com.tterrag.registrate.AbstractRegistrate/REGISTRATE.REGISTER]: Registered create:gantry_shaft to registry ResourceKey[minecraft:root / minecraft:block]
[06Dec2025 14:08:54.765] [main/DEBUG] [com.tterrag.registrate.AbstractRegistrate/REGISTRATE.REGISTER]: Registered create:windmill_bearing to registry ResourceKey[minecraft:root / minecraft:block]
[06Dec2025 14:08:54.765] [main/DEBUG] [com.tterrag.registrate.AbstractRegistrate/REGISTRATE.REGISTER]: Registered create:mechanical_bearing to registry ResourceKey[minecraft:root / minecraft:block]
[06Dec2025 14:08:54.765] [main/DEBUG] [com.tterrag.registrate.AbstractRegistrate/REGISTRATE.REGISTER]: Registered create:clockwork_bearing to registry ResourceKey[minecraft:root / minecraft:block]
[06Dec2025 14:08:54.765] [main/DEBUG] [com.tterrag.registrate.AbstractRegistrate/REGISTRATE.REGISTER]: Registered create:rope_pulley to registry ResourceKey[minecraft:root / minecraft:block]
[06Dec2025 14:08:54.765] [main/DEBUG] [com.tterrag.registrate.AbstractRegistrate/REGISTRATE.REGISTER]: Registered create:rope to registry ResourceKey[minecraft:root / minecraft:block]
[06Dec2025 14:08:54.765] [main/DEBUG] [com.tterrag.registrate.AbstractRegistrate/REGISTRATE.REGISTER]: Registered create:pulley_magnet to registry ResourceKey[minecraft:root / minecraft:block]
[06Dec2025 14:08:54.765] [main/DEBUG] [com.tterrag.registrate.AbstractRegistrate/REGISTRATE.REGISTER]: Registered create:elevator_pulley to registry ResourceKey[minecraft:root / minecraft:block]
[06Dec2025 14:08:54.766] [main/DEBUG] [com.tterrag.registrate.AbstractRegistrate/REGISTRATE.REGISTER]: Registered create:cart_assembler to registry ResourceKey[minecraft:root / minecraft:block]
[06Dec2025 14:08:54.770] [main/DEBUG] [com.tterrag.registrate.AbstractRegistrate/REGISTRATE.REGISTER]: Registered create:controller_rail to registry ResourceKey[minecraft:root / minecraft:block]
[06Dec2025 14:08:54.770] [main/DEBUG] [com.tterrag.registrate.AbstractRegistrate/REGISTRATE.REGISTER]: Registered create:minecart_anchor to registry ResourceKey[minecraft:root / minecraft:block]
[06Dec2025 14:08:54.770] [main/DEBUG] [com.tterrag.registrate.AbstractRegistrate/REGISTRATE.REGISTER]: Registered create:linear_chassis to registry ResourceKey[minecraft:root / minecraft:block]
[06Dec2025 14:08:54.770] [main/DEBUG] [com.tterrag.registrate.AbstractRegistrate/REGISTRATE.REGISTER]: Registered create:secondary_linear_chassis to registry ResourceKey[minecraft:root / minecraft:block]
[06Dec2025 14:08:54.771] [main/DEBUG] [com.tterrag.registrate.AbstractRegistrate/REGISTRATE.REGISTER]: Registered create:radial_chassis to registry ResourceKey[minecraft:root / minecraft:block]
[06Dec2025 14:08:54.771] [main/DEBUG] [com.tterrag.registrate.AbstractRegistrate/REGISTRATE.REGISTER]: Registered create:sticker to registry ResourceKey[minecraft:root / minecraft:block]
[06Dec2025 14:08:54.771] [main/DEBUG] [com.tterrag.registrate.AbstractRegistrate/REGISTRATE.REGISTER]: Registered create:contraption_controls to registry ResourceKey[minecraft:root / minecraft:block]
[06Dec2025 14:08:54.772] [main/DEBUG] [com.tterrag.registrate.AbstractRegistrate/REGISTRATE.REGISTER]: Registered create:mechanical_drill to registry ResourceKey[minecraft:root / minecraft:block]
[06Dec2025 14:08:54.772] [main/DEBUG] [com.tterrag.registrate.AbstractRegistrate/REGISTRATE.REGISTER]: Registered create:mechanical_saw to registry ResourceKey[minecraft:root / minecraft:block]
[06Dec2025 14:08:54.773] [main/DEBUG] [com.tterrag.registrate.AbstractRegistrate/REGISTRATE.REGISTER]: Registered create:deployer to registry ResourceKey[minecraft:root / minecraft:block]
[06Dec2025 14:08:54.773] [main/DEBUG] [com.tterrag.registrate.AbstractRegistrate/REGISTRATE.REGISTER]: Registered create:portable_storage_interface to registry ResourceKey[minecraft:root / minecraft:block]
[06Dec2025 14:08:54.773] [main/DEBUG] [com.tterrag.registrate.AbstractRegistrate/REGISTRATE.REGISTER]: Registered create:redstone_contact to registry ResourceKey[minecraft:root / minecraft:block]
[06Dec2025 14:08:54.773] [main/DEBUG] [com.tterrag.registrate.AbstractRegistrate/REGISTRATE.REGISTER]: Registered create:elevator_contact to registry ResourceKey[minecraft:root / minecraft:block]
[06Dec2025 14:08:54.773] [main/DEBUG] [com.tterrag.registrate.AbstractRegistrate/REGISTRATE.REGISTER]: Registered create:mechanical_harvester to registry ResourceKey[minecraft:root / minecraft:block]
[06Dec2025 14:08:54.773] [main/DEBUG] [com.tterrag.registrate.AbstractRegistrate/REGISTRATE.REGISTER]: Registered create:mechanical_plough to registry ResourceKey[minecraft:root / minecraft:block]
[06Dec2025 14:08:54.774] [main/DEBUG] [com.tterrag.registrate.AbstractRegistrate/REGISTRATE.REGISTER]: Registered create:mechanical_roller to registry ResourceKey[minecraft:root / minecraft:block]
[06Dec2025 14:08:54.774] [main/DEBUG] [com.tterrag.registrate.AbstractRegistrate/REGISTRATE.REGISTER]: Registered create:sail_frame to registry ResourceKey[minecraft:root / minecraft:block]
[06Dec2025 14:08:54.775] [main/DEBUG] [com.tterrag.registrate.AbstractRegistrate/REGISTRATE.REGISTER]: Registered create:white_sail to registry ResourceKey[minecraft:root / minecraft:block]
[06Dec2025 14:08:54.775] [main/DEBUG] [com.tterrag.registrate.AbstractRegistrate/REGISTRATE.REGISTER]: Registered create:orange_sail to registry ResourceKey[minecraft:root / minecraft:block]
[06Dec2025 14:08:54.775] [main/DEBUG] [com.tterrag.registrate.AbstractRegistrate/REGISTRATE.REGISTER]: Registered create:magenta_sail to registry ResourceKey[minecraft:root / minecraft:block]
[06Dec2025 14:08:54.775] [main/DEBUG] [com.tterrag.registrate.AbstractRegistrate/REGISTRATE.REGISTER]: Registered create:light_blue_sail to registry ResourceKey[minecraft:root / minecraft:block]
[06Dec2025 14:08:54.775] [main/DEBUG] [com.tterrag.registrate.AbstractRegistrate/REGISTRATE.REGISTER]: Registered create:yellow_sail to registry ResourceKey[minecraft:root / minecraft:block]
[06Dec2025 14:08:54.775] [main/DEBUG] [com.tterrag.registrate.AbstractRegistrate/REGISTRATE.REGISTER]: Registered create:lime_sail to registry ResourceKey[minecraft:root / minecraft:block]
[06Dec2025 14:08:54.775] [main/DEBUG] [com.tterrag.registrate.AbstractRegistrate/REGISTRATE.REGISTER]: Registered create:pink_sail to registry ResourceKey[minecraft:root / minecraft:block]
[06Dec2025 14:08:54.775] [main/DEBUG] [com.tterrag.registrate.AbstractRegistrate/REGISTRATE.REGISTER]: Registered create:gray_sail to registry ResourceKey[minecraft:root / minecraft:block]
[06Dec2025 14:08:54.775] [main/DEBUG] [com.tterrag.registrate.AbstractRegistrate/REGISTRATE.REGISTER]: Registered create:light_gray_sail to registry ResourceKey[minecraft:root / minecraft:block]
[06Dec2025 14:08:54.775] [main/DEBUG] [com.tterrag.registrate.AbstractRegistrate/REGISTRATE.REGISTER]: Registered create:cyan_sail to registry ResourceKey[minecraft:root / minecraft:block]
[06Dec2025 14:08:54.775] [main/DEBUG] [com.tterrag.registrate.AbstractRegistrate/REGISTRATE.REGISTER]: Registered create:purple_sail to registry ResourceKey[minecraft:root / minecraft:block]
[06Dec2025 14:08:54.775] [main/DEBUG] [com.tterrag.registrate.AbstractRegistrate/REGISTRATE.REGISTER]: Registered create:blue_sail to registry ResourceKey[minecraft:root / minecraft:block]
[06Dec2025 14:08:54.775] [main/DEBUG] [com.tterrag.registrate.AbstractRegistrate/REGISTRATE.REGISTER]: Registered create:brown_sail to registry ResourceKey[minecraft:root / minecraft:block]
[06Dec2025 14:08:54.775] [main/DEBUG] [com.tterrag.registrate.AbstractRegistrate/REGISTRATE.REGISTER]: Registered create:green_sail to registry ResourceKey[minecraft:root / minecraft:block]
[06Dec2025 14:08:54.775] [main/DEBUG] [com.tterrag.registrate.AbstractRegistrate/REGISTRATE.REGISTER]: Registered create:red_sail to registry ResourceKey[minecraft:root / minecraft:block]
[06Dec2025 14:08:54.775] [main/DEBUG] [com.tterrag.registrate.AbstractRegistrate/REGISTRATE.REGISTER]: Registered create:black_sail to registry ResourceKey[minecraft:root / minecraft:block]
[06Dec2025 14:08:54.775] [main/DEBUG] [com.tterrag.registrate.AbstractRegistrate/REGISTRATE.REGISTER]: Registered create:andesite_casing to registry ResourceKey[minecraft:root / minecraft:block]
[06Dec2025 14:08:54.775] [main/DEBUG] [com.tterrag.registrate.AbstractRegistrate/REGISTRATE.REGISTER]: Registered create:brass_casing to registry ResourceKey[minecraft:root / minecraft:block]
[06Dec2025 14:08:54.775] [main/DEBUG] [com.tterrag.registrate.AbstractRegistrate/REGISTRATE.REGISTER]: Registered create:copper_casing to registry ResourceKey[minecraft:root / minecraft:block]
[06Dec2025 14:08:54.775] [main/DEBUG] [com.tterrag.registrate.AbstractRegistrate/REGISTRATE.REGISTER]: Registered create:shadow_steel_casing to registry ResourceKey[minecraft:root / minecraft:block]
[06Dec2025 14:08:54.776] [main/DEBUG] [com.tterrag.registrate.AbstractRegistrate/REGISTRATE.REGISTER]: Registered create:refined_radiance_casing to registry ResourceKey[minecraft:root / minecraft:block]
[06Dec2025 14:08:54.776] [main/DEBUG] [com.tterrag.registrate.AbstractRegistrate/REGISTRATE.REGISTER]: Registered create:mechanical_crafter to registry ResourceKey[minecraft:root / minecraft:block]
[06Dec2025 14:08:54.776] [main/DEBUG] [com.tterrag.registrate.AbstractRegistrate/REGISTRATE.REGISTER]: Registered create:sequenced_gearshift to registry ResourceKey[minecraft:root / minecraft:block]
[06Dec2025 14:08:54.776] [main/DEBUG] [com.tterrag.registrate.AbstractRegistrate/REGISTRATE.REGISTER]: Registered create:flywheel to registry ResourceKey[minecraft:root / minecraft:block]
[06Dec2025 14:08:54.777] [main/DEBUG] [com.tterrag.registrate.AbstractRegistrate/REGISTRATE.REGISTER]: Registered create:rotation_speed_controller to registry ResourceKey[minecraft:root / minecraft:block]
[06Dec2025 14:08:54.777] [main/DEBUG] [com.tterrag.registrate.AbstractRegistrate/REGISTRATE.REGISTER]: Registered create:mechanical_arm to registry ResourceKey[minecraft:root / minecraft:block]
[06Dec2025 14:08:54.779] [main/DEBUG] [com.tterrag.registrate.AbstractRegistrate/REGISTRATE.REGISTER]: Registered create:track to registry ResourceKey[minecraft:root / minecraft:block]
[06Dec2025 14:08:54.779] [main/DEBUG] [com.tterrag.registrate.AbstractRegistrate/REGISTRATE.REGISTER]: Registered create:fake_track to registry ResourceKey[minecraft:root / minecraft:block]
[06Dec2025 14:08:54.779] [main/DEBUG] [com.tterrag.registrate.AbstractRegistrate/REGISTRATE.REGISTER]: Registered create:railway_casing to registry ResourceKey[minecraft:root / minecraft:block]
[06Dec2025 14:08:54.779] [main/DEBUG] [com.tterrag.registrate.AbstractRegistrate/REGISTRATE.REGISTER]: Registered create:track_station to registry ResourceKey[minecraft:root / minecraft:block]
[06Dec2025 14:08:54.779] [main/DEBUG] [com.tterrag.registrate.AbstractRegistrate/REGISTRATE.REGISTER]: Registered create:track_signal to registry ResourceKey[minecraft:root / minecraft:block]
[06Dec2025 14:08:54.779] [main/DEBUG] [com.tterrag.registrate.AbstractRegistrate/REGISTRATE.REGISTER]: Registered create:track_observer to registry ResourceKey[minecraft:root / minecraft:block]
[06Dec2025 14:08:54.780] [main/DEBUG] [com.tterrag.registrate.AbstractRegistrate/REGISTRATE.REGISTER]: Registered create:small_bogey to registry ResourceKey[minecraft:root / minecraft:block]
[06Dec2025 14:08:54.780] [main/DEBUG] [com.tterrag.registrate.AbstractRegistrate/REGISTRATE.REGISTER]: Registered create:large_bogey to registry ResourceKey[minecraft:root / minecraft:block]
[06Dec2025 14:08:54.780] [main/DEBUG] [com.tterrag.registrate.AbstractRegistrate/REGISTRATE.REGISTER]: Registered create:controls to registry ResourceKey[minecraft:root / minecraft:block]
[06Dec2025 14:08:54.780] [main/DEBUG] [com.tterrag.registrate.AbstractRegistrate/REGISTRATE.REGISTER]: Registered create:andesite_funnel to registry ResourceKey[minecraft:root / minecraft:block]
[06Dec2025 14:08:54.781] [main/DEBUG] [com.tterrag.registrate.AbstractRegistrate/REGISTRATE.REGISTER]: Registered create:andesite_belt_funnel to registry ResourceKey[minecraft:root / minecraft:block]
[06Dec2025 14:08:54.782] [main/DEBUG] [com.tterrag.registrate.AbstractRegistrate/REGISTRATE.REGISTER]: Registered create:brass_funnel to registry ResourceKey[minecraft:root / minecraft:block]
[06Dec2025 14:08:54.782] [main/DEBUG] [com.tterrag.registrate.AbstractRegistrate/REGISTRATE.REGISTER]: Registered create:brass_belt_funnel to registry ResourceKey[minecraft:root / minecraft:block]
[06Dec2025 14:08:54.782] [main/DEBUG] [com.tterrag.registrate.AbstractRegistrate/REGISTRATE.REGISTER]: Registered create:andesite_tunnel to registry ResourceKey[minecraft:root / minecraft:block]
[06Dec2025 14:08:54.783] [main/DEBUG] [com.tterrag.registrate.AbstractRegistrate/REGISTRATE.REGISTER]: Registered create:brass_tunnel to registry ResourceKey[minecraft:root / minecraft:block]
[06Dec2025 14:08:54.783] [main/DEBUG] [com.tterrag.registrate.AbstractRegistrate/REGISTRATE.REGISTER]: Registered create:content_observer to registry ResourceKey[minecraft:root / minecraft:block]
[06Dec2025 14:08:54.783] [main/DEBUG] [com.tterrag.registrate.AbstractRegistrate/REGISTRATE.REGISTER]: Registered create:stockpile_switch to registry ResourceKey[minecraft:root / minecraft:block]
[06Dec2025 14:08:54.783] [main/DEBUG] [com.tterrag.registrate.AbstractRegistrate/REGISTRATE.REGISTER]: Registered create:creative_crate to registry ResourceKey[minecraft:root / minecraft:block]
[06Dec2025 14:08:54.784] [main/DEBUG] [com.tterrag.registrate.AbstractRegistrate/REGISTRATE.REGISTER]: Registered create:item_vault to registry ResourceKey[minecraft:root / minecraft:block]
[06Dec2025 14:08:54.784] [main/DEBUG] [com.tterrag.registrate.AbstractRegistrate/REGISTRATE.REGISTER]: Registered create:item_hatch to registry ResourceKey[minecraft:root / minecraft:block]
[06Dec2025 14:08:54.784] [main/DEBUG] [com.tterrag.registrate.AbstractRegistrate/REGISTRATE.REGISTER]: Registered create:packager to registry ResourceKey[minecraft:root / minecraft:block]
[06Dec2025 14:08:54.784] [main/DEBUG] [com.tterrag.registrate.AbstractRegistrate/REGISTRATE.REGISTER]: Registered create:repackager to registry ResourceKey[minecraft:root / minecraft:block]
[06Dec2025 14:08:54.784] [main/DEBUG] [com.tterrag.registrate.AbstractRegistrate/REGISTRATE.REGISTER]: Registered create:package_frogport to registry ResourceKey[minecraft:root / minecraft:block]
[06Dec2025 14:08:54.785] [main/DEBUG] [com.tterrag.registrate.AbstractRegistrate/REGISTRATE.REGISTER]: Registered create:white_postbox to registry ResourceKey[minecraft:root / minecraft:block]
[06Dec2025 14:08:54.785] [main/DEBUG] [com.tterrag.registrate.AbstractRegistrate/REGISTRATE.REGISTER]: Registered create:orange_postbox to registry ResourceKey[minecraft:root / minecraft:block]
[06Dec2025 14:08:54.785] [main/DEBUG] [com.tterrag.registrate.AbstractRegistrate/REGISTRATE.REGISTER]: Registered create:magenta_postbox to registry ResourceKey[minecraft:root / minecraft:block]
[06Dec2025 14:08:54.785] [main/DEBUG] [com.tterrag.registrate.AbstractRegistrate/REGISTRATE.REGISTER]: Registered create:light_blue_postbox to registry ResourceKey[minecraft:root / minecraft:block]
[06Dec2025 14:08:54.785] [main/DEBUG] [com.tterrag.registrate.AbstractRegistrate/REGISTRATE.REGISTER]: Registered create:yellow_postbox to registry ResourceKey[minecraft:root / minecraft:block]
[06Dec2025 14:08:54.785] [main/DEBUG] [com.tterrag.registrate.AbstractRegistrate/REGISTRATE.REGISTER]: Registered create:lime_postbox to registry ResourceKey[minecraft:root / minecraft:block]
[06Dec2025 14:08:54.785] [main/DEBUG] [com.tterrag.registrate.AbstractRegistrate/REGISTRATE.REGISTER]: Registered create:pink_postbox to registry ResourceKey[minecraft:root / minecraft:block]
[06Dec2025 14:08:54.785] [main/DEBUG] [com.tterrag.registrate.AbstractRegistrate/REGISTRATE.REGISTER]: Registered create:gray_postbox to registry ResourceKey[minecraft:root / minecraft:block]
[06Dec2025 14:08:54.785] [main/DEBUG] [com.tterrag.registrate.AbstractRegistrate/REGISTRATE.REGISTER]: Registered create:light_gray_postbox to registry ResourceKey[minecraft:root / minecraft:block]
[06Dec2025 14:08:54.785] [main/DEBUG] [com.tterrag.registrate.AbstractRegistrate/REGISTRATE.REGISTER]: Registered create:cyan_postbox to registry ResourceKey[minecraft:root / minecraft:block]
[06Dec2025 14:08:54.785] [main/DEBUG] [com.tterrag.registrate.AbstractRegistrate/REGISTRATE.REGISTER]: Registered create:purple_postbox to registry ResourceKey[minecraft:root / minecraft:block]
[06Dec2025 14:08:54.786] [main/DEBUG] [com.tterrag.registrate.AbstractRegistrate/REGISTRATE.REGISTER]: Registered create:blue_postbox to registry ResourceKey[minecraft:root / minecraft:block]
[06Dec2025 14:08:54.786] [main/DEBUG] [com.tterrag.registrate.AbstractRegistrate/REGISTRATE.REGISTER]: Registered create:brown_postbox to registry ResourceKey[minecraft:root / minecraft:block]
[06Dec2025 14:08:54.786] [main/DEBUG] [com.tterrag.registrate.AbstractRegistrate/REGISTRATE.REGISTER]: Registered create:green_postbox to registry ResourceKey[minecraft:root / minecraft:block]
[06Dec2025 14:08:54.786] [main/DEBUG] [com.tterrag.registrate.AbstractRegistrate/REGISTRATE.REGISTER]: Registered create:red_postbox to registry ResourceKey[minecraft:root / minecraft:block]
[06Dec2025 14:08:54.786] [main/DEBUG] [com.tterrag.registrate.AbstractRegistrate/REGISTRATE.REGISTER]: Registered create:black_postbox to registry ResourceKey[minecraft:root / minecraft:block]
[06Dec2025 14:08:54.786] [main/DEBUG] [com.tterrag.registrate.AbstractRegistrate/REGISTRATE.REGISTER]: Registered create:stock_link to registry ResourceKey[minecraft:root / minecraft:block]
[06Dec2025 14:08:54.786] [main/DEBUG] [com.tterrag.registrate.AbstractRegistrate/REGISTRATE.REGISTER]: Registered create:stock_ticker to registry ResourceKey[minecraft:root / minecraft:block]
[06Dec2025 14:08:54.786] [main/DEBUG] [com.tterrag.registrate.AbstractRegistrate/REGISTRATE.REGISTER]: Registered create:redstone_requester to registry ResourceKey[minecraft:root / minecraft:block]
[06Dec2025 14:08:54.787] [main/DEBUG] [com.tterrag.registrate.AbstractRegistrate/REGISTRATE.REGISTER]: Registered create:factory_gauge to registry ResourceKey[minecraft:root / minecraft:block]
[06Dec2025 14:08:54.788] [main/DEBUG] [com.tterrag.registrate.AbstractRegistrate/REGISTRATE.REGISTER]: Registered create:white_table_cloth to registry ResourceKey[minecraft:root / minecraft:block]
[06Dec2025 14:08:54.789] [main/DEBUG] [com.tterrag.registrate.AbstractRegistrate/REGISTRATE.REGISTER]: Registered create:orange_table_cloth to registry ResourceKey[minecraft:root / minecraft:block]
[06Dec2025 14:08:54.789] [main/DEBUG] [com.tterrag.registrate.AbstractRegistrate/REGISTRATE.REGISTER]: Registered create:magenta_table_cloth to registry ResourceKey[minecraft:root / minecraft:block]
[06Dec2025 14:08:54.789] [main/DEBUG] [com.tterrag.registrate.AbstractRegistrate/REGISTRATE.REGISTER]: Registered create:light_blue_table_cloth to registry ResourceKey[minecraft:root / minecraft:block]
[06Dec2025 14:08:54.789] [main/DEBUG] [com.tterrag.registrate.AbstractRegistrate/REGISTRATE.REGISTER]: Registered create:yellow_table_cloth to registry ResourceKey[minecraft:root / minecraft:block]
[06Dec2025 14:08:54.789] [main/DEBUG] [com.tterrag.registrate.AbstractRegistrate/REGISTRATE.REGISTER]: Registered create:lime_table_cloth to registry ResourceKey[minecraft:root / minecraft:block]
[06Dec2025 14:08:54.789] [main/DEBUG] [com.tterrag.registrate.AbstractRegistrate/REGISTRATE.REGISTER]: Registered create:pink_table_cloth to registry ResourceKey[minecraft:root / minecraft:block]
[06Dec2025 14:08:54.789] [main/DEBUG] [com.tterrag.registrate.AbstractRegistrate/REGISTRATE.REGISTER]: Registered create:gray_table_cloth to registry ResourceKey[minecraft:root / minecraft:block]
[06Dec2025 14:08:54.789] [main/DEBUG] [com.tterrag.registrate.AbstractRegistrate/REGISTRATE.REGISTER]: Registered create:light_gray_table_cloth to registry ResourceKey[minecraft:root / minecraft:block]
[06Dec2025 14:08:54.789] [main/DEBUG] [com.tterrag.registrate.AbstractRegistrate/REGISTRATE.REGISTER]: Registered create:cyan_table_cloth to registry ResourceKey[minecraft:root / minecraft:block]
[06Dec2025 14:08:54.789] [main/DEBUG] [com.tterrag.registrate.AbstractRegistrate/REGISTRATE.REGISTER]: Registered create:purple_table_cloth to registry ResourceKey[minecraft:root / minecraft:block]
[06Dec2025 14:08:54.789] [main/DEBUG] [com.tterrag.registrate.AbstractRegistrate/REGISTRATE.REGISTER]: Registered create:blue_table_cloth to registry ResourceKey[minecraft:root / minecraft:block]
[06Dec2025 14:08:54.789] [main/DEBUG] [com.tterrag.registrate.AbstractRegistrate/REGISTRATE.REGISTER]: Registered create:brown_table_cloth to registry ResourceKey[minecraft:root / minecraft:block]
[06Dec2025 14:08:54.789] [main/DEBUG] [com.tterrag.registrate.AbstractRegistrate/REGISTRATE.REGISTER]: Registered create:green_table_cloth to registry ResourceKey[minecraft:root / minecraft:block]
[06Dec2025 14:08:54.789] [main/DEBUG] [com.tterrag.registrate.AbstractRegistrate/REGISTRATE.REGISTER]: Registered create:red_table_cloth to registry ResourceKey[minecraft:root / minecraft:block]
[06Dec2025 14:08:54.789] [main/DEBUG] [com.tterrag.registrate.AbstractRegistrate/REGISTRATE.REGISTER]: Registered create:black_table_cloth to registry ResourceKey[minecraft:root / minecraft:block]
[06Dec2025 14:08:54.789] [main/DEBUG] [com.tterrag.registrate.AbstractRegistrate/REGISTRATE.REGISTER]: Registered create:andesite_table_cloth to registry ResourceKey[minecraft:root / minecraft:block]
[06Dec2025 14:08:54.789] [main/DEBUG] [com.tterrag.registrate.AbstractRegistrate/REGISTRATE.REGISTER]: Registered create:brass_table_cloth to registry ResourceKey[minecraft:root / minecraft:block]
[06Dec2025 14:08:54.789] [main/DEBUG] [com.tterrag.registrate.AbstractRegistrate/REGISTRATE.REGISTER]: Registered create:copper_table_cloth to registry ResourceKey[minecraft:root / minecraft:block]
[06Dec2025 14:08:54.789] [main/DEBUG] [com.tterrag.registrate.AbstractRegistrate/REGISTRATE.REGISTER]: Registered create:display_link to registry ResourceKey[minecraft:root / minecraft:block]
[06Dec2025 14:08:54.790] [main/DEBUG] [com.tterrag.registrate.AbstractRegistrate/REGISTRATE.REGISTER]: Registered create:display_board to registry ResourceKey[minecraft:root / minecraft:block]
[06Dec2025 14:08:54.791] [main/DEBUG] [com.tterrag.registrate.AbstractRegistrate/REGISTRATE.REGISTER]: Registered create:nixie_tube to registry ResourceKey[minecraft:root / minecraft:block]
[06Dec2025 14:08:54.791] [main/DEBUG] [com.tterrag.registrate.AbstractRegistrate/REGISTRATE.REGISTER]: Registered create:white_nixie_tube to registry ResourceKey[minecraft:root / minecraft:block]
[06Dec2025 14:08:54.792] [main/DEBUG] [com.tterrag.registrate.AbstractRegistrate/REGISTRATE.REGISTER]: Registered create:magenta_nixie_tube to registry ResourceKey[minecraft:root / minecraft:block]
[06Dec2025 14:08:54.792] [main/DEBUG] [com.tterrag.registrate.AbstractRegistrate/REGISTRATE.REGISTER]: Registered create:light_blue_nixie_tube to registry ResourceKey[minecraft:root / minecraft:block]
[06Dec2025 14:08:54.792] [main/DEBUG] [com.tterrag.registrate.AbstractRegistrate/REGISTRATE.REGISTER]: Registered create:yellow_nixie_tube to registry ResourceKey[minecraft:root / minecraft:block]
[06Dec2025 14:08:54.792] [main/DEBUG] [com.tterrag.registrate.AbstractRegistrate/REGISTRATE.REGISTER]: Registered create:lime_nixie_tube to registry ResourceKey[minecraft:root / minecraft:block]
[06Dec2025 14:08:54.792] [main/DEBUG] [com.tterrag.registrate.AbstractRegistrate/REGISTRATE.REGISTER]: Registered create:pink_nixie_tube to registry ResourceKey[minecraft:root / minecraft:block]
[06Dec2025 14:08:54.792] [main/DEBUG] [com.tterrag.registrate.AbstractRegistrate/REGISTRATE.REGISTER]: Registered create:gray_nixie_tube to registry ResourceKey[minecraft:root / minecraft:block]
[06Dec2025 14:08:54.793] [main/DEBUG] [com.tterrag.registrate.AbstractRegistrate/REGISTRATE.REGISTER]: Registered create:light_gray_nixie_tube to registry ResourceKey[minecraft:root / minecraft:block]
[06Dec2025 14:08:54.793] [main/DEBUG] [com.tterrag.registrate.AbstractRegistrate/REGISTRATE.REGISTER]: Registered create:cyan_nixie_tube to registry ResourceKey[minecraft:root / minecraft:block]
[06Dec2025 14:08:54.793] [main/DEBUG] [com.tterrag.registrate.AbstractRegistrate/REGISTRATE.REGISTER]: Registered create:purple_nixie_tube to registry ResourceKey[minecraft:root / minecraft:block]
[06Dec2025 14:08:54.793] [main/DEBUG] [com.tterrag.registrate.AbstractRegistrate/REGISTRATE.REGISTER]: Registered create:blue_nixie_tube to registry ResourceKey[minecraft:root / minecraft:block]
[06Dec2025 14:08:54.793] [main/DEBUG] [com.tterrag.registrate.AbstractRegistrate/REGISTRATE.REGISTER]: Registered create:brown_nixie_tube to registry ResourceKey[minecraft:root / minecraft:block]
[06Dec2025 14:08:54.793] [main/DEBUG] [com.tterrag.registrate.AbstractRegistrate/REGISTRATE.REGISTER]: Registered create:green_nixie_tube to registry ResourceKey[minecraft:root / minecraft:block]
[06Dec2025 14:08:54.794] [main/DEBUG] [com.tterrag.registrate.AbstractRegistrate/REGISTRATE.REGISTER]: Registered create:red_nixie_tube to registry ResourceKey[minecraft:root / minecraft:block]
[06Dec2025 14:08:54.794] [main/DEBUG] [com.tterrag.registrate.AbstractRegistrate/REGISTRATE.REGISTER]: Registered create:black_nixie_tube to registry ResourceKey[minecraft:root / minecraft:block]
[06Dec2025 14:08:54.794] [main/DEBUG] [com.tterrag.registrate.AbstractRegistrate/REGISTRATE.REGISTER]: Registered create:rose_quartz_lamp to registry ResourceKey[minecraft:root / minecraft:block]
[06Dec2025 14:08:54.794] [main/DEBUG] [com.tterrag.registrate.AbstractRegistrate/REGISTRATE.REGISTER]: Registered create:redstone_link to registry ResourceKey[minecraft:root / minecraft:block]
[06Dec2025 14:08:54.794] [main/DEBUG] [com.tterrag.registrate.AbstractRegistrate/REGISTRATE.REGISTER]: Registered create:analog_lever to registry ResourceKey[minecraft:root / minecraft:block]
[06Dec2025 14:08:54.794] [main/DEBUG] [com.tterrag.registrate.AbstractRegistrate/REGISTRATE.REGISTER]: Registered create:placard to registry ResourceKey[minecraft:root / minecraft:block]
[06Dec2025 14:08:54.795] [main/DEBUG] [com.tterrag.registrate.AbstractRegistrate/REGISTRATE.REGISTER]: Registered create:pulse_repeater to registry ResourceKey[minecraft:root / minecraft:block]
[06Dec2025 14:08:54.795] [main/DEBUG] [com.tterrag.registrate.AbstractRegistrate/REGISTRATE.REGISTER]: Registered create:pulse_extender to registry ResourceKey[minecraft:root / minecraft:block]
[06Dec2025 14:08:54.795] [main/DEBUG] [com.tterrag.registrate.AbstractRegistrate/REGISTRATE.REGISTER]: Registered create:pulse_timer to registry ResourceKey[minecraft:root / minecraft:block]
[06Dec2025 14:08:54.795] [main/DEBUG] [com.tterrag.registrate.AbstractRegistrate/REGISTRATE.REGISTER]: Registered create:powered_latch to registry ResourceKey[minecraft:root / minecraft:block]
[06Dec2025 14:08:54.795] [main/DEBUG] [com.tterrag.registrate.AbstractRegistrate/REGISTRATE.REGISTER]: Registered create:powered_toggle_latch to registry ResourceKey[minecraft:root / minecraft:block]
[06Dec2025 14:08:54.795] [main/DEBUG] [com.tterrag.registrate.AbstractRegistrate/REGISTRATE.REGISTER]: Registered create:lectern_controller to registry ResourceKey[minecraft:root / minecraft:block]
[06Dec2025 14:08:54.795] [main/DEBUG] [com.tterrag.registrate.AbstractRegistrate/REGISTRATE.REGISTER]: Registered create:copper_backtank to registry ResourceKey[minecraft:root / minecraft:block]
[06Dec2025 14:08:54.796] [main/DEBUG] [com.tterrag.registrate.AbstractRegistrate/REGISTRATE.REGISTER]: Registered create:netherite_backtank to registry ResourceKey[minecraft:root / minecraft:block]
[06Dec2025 14:08:54.796] [main/DEBUG] [com.tterrag.registrate.AbstractRegistrate/REGISTRATE.REGISTER]: Registered create:peculiar_bell to registry ResourceKey[minecraft:root / minecraft:block]
[06Dec2025 14:08:54.796] [main/DEBUG] [com.tterrag.registrate.AbstractRegistrate/REGISTRATE.REGISTER]: Registered create:haunted_bell to registry ResourceKey[minecraft:root / minecraft:block]
[06Dec2025 14:08:54.796] [main/DEBUG] [com.tterrag.registrate.AbstractRegistrate/REGISTRATE.REGISTER]: Registered create:desk_bell to registry ResourceKey[minecraft:root / minecraft:block]
[06Dec2025 14:08:54.796] [main/DEBUG] [com.tterrag.registrate.AbstractRegistrate/REGISTRATE.REGISTER]: Registered create:white_toolbox to registry ResourceKey[minecraft:root / minecraft:block]
[06Dec2025 14:08:54.796] [main/DEBUG] [com.tterrag.registrate.AbstractRegistrate/REGISTRATE.REGISTER]: Registered create:orange_toolbox to registry ResourceKey[minecraft:root / minecraft:block]
[06Dec2025 14:08:54.796] [main/DEBUG] [com.tterrag.registrate.AbstractRegistrate/REGISTRATE.REGISTER]: Registered create:magenta_toolbox to registry ResourceKey[minecraft:root / minecraft:block]
[06Dec2025 14:08:54.797] [main/DEBUG] [com.tterrag.registrate.AbstractRegistrate/REGISTRATE.REGISTER]: Registered create:light_blue_toolbox to registry ResourceKey[minecraft:root / minecraft:block]
[06Dec2025 14:08:54.797] [main/DEBUG] [com.tterrag.registrate.AbstractRegistrate/REGISTRATE.REGISTER]: Registered create:yellow_toolbox to registry ResourceKey[minecraft:root / minecraft:block]
[06Dec2025 14:08:54.797] [main/DEBUG] [com.tterrag.registrate.AbstractRegistrate/REGISTRATE.REGISTER]: Registered create:lime_toolbox to registry ResourceKey[minecraft:root / minecraft:block]
[06Dec2025 14:08:54.797] [main/DEBUG] [com.tterrag.registrate.AbstractRegistrate/REGISTRATE.REGISTER]: Registered create:pink_toolbox to registry ResourceKey[minecraft:root / minecraft:block]
[06Dec2025 14:08:54.797] [main/DEBUG] [com.tterrag.registrate.AbstractRegistrate/REGISTRATE.REGISTER]: Registered create:gray_toolbox to registry ResourceKey[minecraft:root / minecraft:block]
[06Dec2025 14:08:54.797] [main/DEBUG] [com.tterrag.registrate.AbstractRegistrate/REGISTRATE.REGISTER]: Registered create:light_gray_toolbox to registry ResourceKey[minecraft:root / minecraft:block]
[06Dec2025 14:08:54.797] [main/DEBUG] [com.tterrag.registrate.AbstractRegistrate/REGISTRATE.REGISTER]: Registered create:cyan_toolbox to registry ResourceKey[minecraft:root / minecraft:block]
[06Dec2025 14:08:54.797] [main/DEBUG] [com.tterrag.registrate.AbstractRegistrate/REGISTRATE.REGISTER]: Registered create:purple_toolbox to registry ResourceKey[minecraft:root / minecraft:block]
[06Dec2025 14:08:54.797] [main/DEBUG] [com.tterrag.registrate.AbstractRegistrate/REGISTRATE.REGISTER]: Registered create:blue_toolbox to registry ResourceKey[minecraft:root / minecraft:block]
[06Dec2025 14:08:54.797] [main/DEBUG] [com.tterrag.registrate.AbstractRegistrate/REGISTRATE.REGISTER]: Registered create:brown_toolbox to registry ResourceKey[minecraft:root / minecraft:block]
[06Dec2025 14:08:54.797] [main/DEBUG] [com.tterrag.registrate.AbstractRegistrate/REGISTRATE.REGISTER]: Registered create:green_toolbox to registry ResourceKey[minecraft:root / minecraft:block]
[06Dec2025 14:08:54.797] [main/DEBUG] [com.tterrag.registrate.AbstractRegistrate/REGISTRATE.REGISTER]: Registered create:red_toolbox to registry ResourceKey[minecraft:root / minecraft:block]
[06Dec2025 14:08:54.797] [main/DEBUG] [com.tterrag.registrate.AbstractRegistrate/REGISTRATE.REGISTER]: Registered create:black_toolbox to registry ResourceKey[minecraft:root / minecraft:block]
[06Dec2025 14:08:54.798] [main/DEBUG] [com.tterrag.registrate.AbstractRegistrate/REGISTRATE.REGISTER]: Registered create:clipboard to registry ResourceKey[minecraft:root / minecraft:block]
[06Dec2025 14:08:54.799] [main/DEBUG] [com.tterrag.registrate.AbstractRegistrate/REGISTRATE.REGISTER]: Registered create:andesite_ladder to registry ResourceKey[minecraft:root / minecraft:block]
[06Dec2025 14:08:54.799] [main/DEBUG] [com.tterrag.registrate.AbstractRegistrate/REGISTRATE.REGISTER]: Registered create:brass_ladder to registry ResourceKey[minecraft:root / minecraft:block]
[06Dec2025 14:08:54.799] [main/DEBUG] [com.tterrag.registrate.AbstractRegistrate/REGISTRATE.REGISTER]: Registered create:copper_ladder to registry ResourceKey[minecraft:root / minecraft:block]
[06Dec2025 14:08:54.799] [main/DEBUG] [com.tterrag.registrate.AbstractRegistrate/REGISTRATE.REGISTER]: Registered create:andesite_bars to registry ResourceKey[minecraft:root / minecraft:block]
[06Dec2025 14:08:54.799] [main/DEBUG] [com.tterrag.registrate.AbstractRegistrate/REGISTRATE.REGISTER]: Registered create:brass_bars to registry ResourceKey[minecraft:root / minecraft:block]
[06Dec2025 14:08:54.800] [main/DEBUG] [com.tterrag.registrate.AbstractRegistrate/REGISTRATE.REGISTER]: Registered create:copper_bars to registry ResourceKey[minecraft:root / minecraft:block]
[06Dec2025 14:08:54.800] [main/DEBUG] [com.tterrag.registrate.AbstractRegistrate/REGISTRATE.REGISTER]: Registered create:andesite_scaffolding to registry ResourceKey[minecraft:root / minecraft:block]
[06Dec2025 14:08:54.800] [main/DEBUG] [com.tterrag.registrate.AbstractRegistrate/REGISTRATE.REGISTER]: Registered create:brass_scaffolding to registry ResourceKey[minecraft:root / minecraft:block]
[06Dec2025 14:08:54.800] [main/DEBUG] [com.tterrag.registrate.AbstractRegistrate/REGISTRATE.REGISTER]: Registered create:copper_scaffolding to registry ResourceKey[minecraft:root / minecraft:block]
[06Dec2025 14:08:54.802] [main/DEBUG] [com.tterrag.registrate.AbstractRegistrate/REGISTRATE.REGISTER]: Registered create:metal_girder to registry ResourceKey[minecraft:root / minecraft:block]
[06Dec2025 14:08:54.803] [main/DEBUG] [com.tterrag.registrate.AbstractRegistrate/REGISTRATE.REGISTER]: Registered create:metal_girder_encased_shaft to registry ResourceKey[minecraft:root / minecraft:block]
[06Dec2025 14:08:54.803] [main/DEBUG] [com.tterrag.registrate.AbstractRegistrate/REGISTRATE.REGISTER]: Registered create:copycat_base to registry ResourceKey[minecraft:root / minecraft:block]
[06Dec2025 14:08:54.804] [main/DEBUG] [com.tterrag.registrate.AbstractRegistrate/REGISTRATE.REGISTER]: Registered create:copycat_step to registry ResourceKey[minecraft:root / minecraft:block]
[06Dec2025 14:08:54.805] [main/DEBUG] [com.tterrag.registrate.AbstractRegistrate/REGISTRATE.REGISTER]: Registered create:copycat_panel to registry ResourceKey[minecraft:root / minecraft:block]
[06Dec2025 14:08:54.806] [main/DEBUG] [com.tterrag.registrate.AbstractRegistrate/REGISTRATE.REGISTER]: Registered create:copycat_bars to registry ResourceKey[minecraft:root / minecraft:block]
[06Dec2025 14:08:54.806] [main/DEBUG] [com.tterrag.registrate.AbstractRegistrate/REGISTRATE.REGISTER]: Registered create:white_seat to registry ResourceKey[minecraft:root / minecraft:block]
[06Dec2025 14:08:54.806] [main/DEBUG] [com.tterrag.registrate.AbstractRegistrate/REGISTRATE.REGISTER]: Registered create:orange_seat to registry ResourceKey[minecraft:root / minecraft:block]
[06Dec2025 14:08:54.806] [main/DEBUG] [com.tterrag.registrate.AbstractRegistrate/REGISTRATE.REGISTER]: Registered create:magenta_seat to registry ResourceKey[minecraft:root / minecraft:block]
[06Dec2025 14:08:54.806] [main/DEBUG] [com.tterrag.registrate.AbstractRegistrate/REGISTRATE.REGISTER]: Registered create:light_blue_seat to registry ResourceKey[minecraft:root / minecraft:block]
[06Dec2025 14:08:54.806] [main/DEBUG] [com.tterrag.registrate.AbstractRegistrate/REGISTRATE.REGISTER]: Registered create:yellow_seat to registry ResourceKey[minecraft:root / minecraft:block]
[06Dec2025 14:08:54.806] [main/DEBUG] [com.tterrag.registrate.AbstractRegistrate/REGISTRATE.REGISTER]: Registered create:lime_seat to registry ResourceKey[minecraft:root / minecraft:block]
[06Dec2025 14:08:54.806] [main/DEBUG] [com.tterrag.registrate.AbstractRegistrate/REGISTRATE.REGISTER]: Registered create:pink_seat to registry ResourceKey[minecraft:root / minecraft:block]
[06Dec2025 14:08:54.807] [main/DEBUG] [com.tterrag.registrate.AbstractRegistrate/REGISTRATE.REGISTER]: Registered create:gray_seat to registry ResourceKey[minecraft:root / minecraft:block]
[06Dec2025 14:08:54.807] [main/DEBUG] [com.tterrag.registrate.AbstractRegistrate/REGISTRATE.REGISTER]: Registered create:light_gray_seat to registry ResourceKey[minecraft:root / minecraft:block]
[06Dec2025 14:08:54.807] [main/DEBUG] [com.tterrag.registrate.AbstractRegistrate/REGISTRATE.REGISTER]: Registered create:cyan_seat to registry ResourceKey[minecraft:root / minecraft:block]
[06Dec2025 14:08:54.807] [main/DEBUG] [com.tterrag.registrate.AbstractRegistrate/REGISTRATE.REGISTER]: Registered create:purple_seat to registry ResourceKey[minecraft:root / minecraft:block]
[06Dec2025 14:08:54.807] [main/DEBUG] [com.tterrag.registrate.AbstractRegistrate/REGISTRATE.REGISTER]: Registered create:blue_seat to registry ResourceKey[minecraft:root / minecraft:block]
[06Dec2025 14:08:54.807] [main/DEBUG] [com.tterrag.registrate.AbstractRegistrate/REGISTRATE.REGISTER]: Registered create:brown_seat to registry ResourceKey[minecraft:root / minecraft:block]
[06Dec2025 14:08:54.807] [main/DEBUG] [com.tterrag.registrate.AbstractRegistrate/REGISTRATE.REGISTER]: Registered create:green_seat to registry ResourceKey[minecraft:root / minecraft:block]
[06Dec2025 14:08:54.807] [main/DEBUG] [com.tterrag.registrate.AbstractRegistrate/REGISTRATE.REGISTER]: Registered create:red_seat to registry ResourceKey[minecraft:root / minecraft:block]
[06Dec2025 14:08:54.807] [main/DEBUG] [com.tterrag.registrate.AbstractRegistrate/REGISTRATE.REGISTER]: Registered create:black_seat to registry ResourceKey[minecraft:root / minecraft:block]
[06Dec2025 14:08:54.808] [main/DEBUG] [com.tterrag.registrate.AbstractRegistrate/REGISTRATE.REGISTER]: Registered create:andesite_door to registry ResourceKey[minecraft:root / minecraft:block]
[06Dec2025 14:08:54.809] [main/DEBUG] [com.tterrag.registrate.AbstractRegistrate/REGISTRATE.REGISTER]: Registered create:brass_door to registry ResourceKey[minecraft:root / minecraft:block]
[06Dec2025 14:08:54.809] [main/DEBUG] [com.tterrag.registrate.AbstractRegistrate/REGISTRATE.REGISTER]: Registered create:copper_door to registry ResourceKey[minecraft:root / minecraft:block]
[06Dec2025 14:08:54.810] [main/DEBUG] [com.tterrag.registrate.AbstractRegistrate/REGISTRATE.REGISTER]: Registered create:train_door to registry ResourceKey[minecraft:root / minecraft:block]
[06Dec2025 14:08:54.810] [main/DEBUG] [com.tterrag.registrate.AbstractRegistrate/REGISTRATE.REGISTER]: Registered create:train_trapdoor to registry ResourceKey[minecraft:root / minecraft:block]
[06Dec2025 14:08:54.811] [main/DEBUG] [com.tterrag.registrate.AbstractRegistrate/REGISTRATE.REGISTER]: Registered create:framed_glass_door to registry ResourceKey[minecraft:root / minecraft:block]
[06Dec2025 14:08:54.812] [main/DEBUG] [com.tterrag.registrate.AbstractRegistrate/REGISTRATE.REGISTER]: Registered create:framed_glass_trapdoor to registry ResourceKey[minecraft:root / minecraft:block]
[06Dec2025 14:08:54.812] [main/DEBUG] [com.tterrag.registrate.AbstractRegistrate/REGISTRATE.REGISTER]: Registered create:zinc_ore to registry ResourceKey[minecraft:root / minecraft:block]
[06Dec2025 14:08:54.812] [main/DEBUG] [com.tterrag.registrate.AbstractRegistrate/REGISTRATE.REGISTER]: Registered create:deepslate_zinc_ore to registry ResourceKey[minecraft:root / minecraft:block]
[06Dec2025 14:08:54.812] [main/DEBUG] [com.tterrag.registrate.AbstractRegistrate/REGISTRATE.REGISTER]: Registered create:raw_zinc_block to registry ResourceKey[minecraft:root / minecraft:block]
[06Dec2025 14:08:54.812] [main/DEBUG] [com.tterrag.registrate.AbstractRegistrate/REGISTRATE.REGISTER]: Registered create:zinc_block to registry ResourceKey[minecraft:root / minecraft:block]
[06Dec2025 14:08:54.812] [main/DEBUG] [com.tterrag.registrate.AbstractRegistrate/REGISTRATE.REGISTER]: Registered create:andesite_alloy_block to registry ResourceKey[minecraft:root / minecraft:block]
[06Dec2025 14:08:54.812] [main/DEBUG] [com.tterrag.registrate.AbstractRegistrate/REGISTRATE.REGISTER]: Registered create:industrial_iron_block to registry ResourceKey[minecraft:root / minecraft:block]
[06Dec2025 14:08:54.812] [main/DEBUG] [com.tterrag.registrate.AbstractRegistrate/REGISTRATE.REGISTER]: Registered create:weathered_iron_block to registry ResourceKey[minecraft:root / minecraft:block]
[06Dec2025 14:08:54.812] [main/DEBUG] [com.tterrag.registrate.AbstractRegistrate/REGISTRATE.REGISTER]: Registered create:brass_block to registry ResourceKey[minecraft:root / minecraft:block]
[06Dec2025 14:08:54.812] [main/DEBUG] [com.tterrag.registrate.AbstractRegistrate/REGISTRATE.REGISTER]: Registered create:cardboard_block to registry ResourceKey[minecraft:root / minecraft:block]
[06Dec2025 14:08:54.812] [main/DEBUG] [com.tterrag.registrate.AbstractRegistrate/REGISTRATE.REGISTER]: Registered create:bound_cardboard_block to registry ResourceKey[minecraft:root / minecraft:block]
[06Dec2025 14:08:54.812] [main/DEBUG] [com.tterrag.registrate.AbstractRegistrate/REGISTRATE.REGISTER]: Registered create:experience_block to registry ResourceKey[minecraft:root / minecraft:block]
[06Dec2025 14:08:54.812] [main/DEBUG] [com.tterrag.registrate.AbstractRegistrate/REGISTRATE.REGISTER]: Registered create:rose_quartz_block to registry ResourceKey[minecraft:root / minecraft:block]
[06Dec2025 14:08:54.812] [main/DEBUG] [com.tterrag.registrate.AbstractRegistrate/REGISTRATE.REGISTER]: Registered create:rose_quartz_tiles to registry ResourceKey[minecraft:root / minecraft:block]
[06Dec2025 14:08:54.812] [main/DEBUG] [com.tterrag.registrate.AbstractRegistrate/REGISTRATE.REGISTER]: Registered create:small_rose_quartz_tiles to registry ResourceKey[minecraft:root / minecraft:block]
[06Dec2025 14:08:54.813] [main/DEBUG] [com.tterrag.registrate.AbstractRegistrate/REGISTRATE.REGISTER]: Registered create:copper_shingles to registry ResourceKey[minecraft:root / minecraft:block]
[06Dec2025 14:08:54.813] [main/DEBUG] [com.tterrag.registrate.AbstractRegistrate/REGISTRATE.REGISTER]: Registered create:exposed_copper_shingles to registry ResourceKey[minecraft:root / minecraft:block]
[06Dec2025 14:08:54.813] [main/DEBUG] [com.tterrag.registrate.AbstractRegistrate/REGISTRATE.REGISTER]: Registered create:weathered_copper_shingles to registry ResourceKey[minecraft:root / minecraft:block]
[06Dec2025 14:08:54.813] [main/DEBUG] [com.tterrag.registrate.AbstractRegistrate/REGISTRATE.REGISTER]: Registered create:oxidized_copper_shingles to registry ResourceKey[minecraft:root / minecraft:block]
[06Dec2025 14:08:54.813] [main/DEBUG] [com.tterrag.registrate.AbstractRegistrate/REGISTRATE.REGISTER]: Registered create:copper_shingle_slab to registry ResourceKey[minecraft:root / minecraft:block]
[06Dec2025 14:08:54.813] [main/DEBUG] [com.tterrag.registrate.AbstractRegistrate/REGISTRATE.REGISTER]: Registered create:exposed_copper_shingle_slab to registry ResourceKey[minecraft:root / minecraft:block]
[06Dec2025 14:08:54.813] [main/DEBUG] [com.tterrag.registrate.AbstractRegistrate/REGISTRATE.REGISTER]: Registered create:weathered_copper_shingle_slab to registry ResourceKey[minecraft:root / minecraft:block]
[06Dec2025 14:08:54.813] [main/DEBUG] [com.tterrag.registrate.AbstractRegistrate/REGISTRATE.REGISTER]: Registered create:oxidized_copper_shingle_slab to registry ResourceKey[minecraft:root / minecraft:block]
[06Dec2025 14:08:54.813] [main/DEBUG] [com.tterrag.registrate.AbstractRegistrate/REGISTRATE.REGISTER]: Registered create:copper_shingle_stairs to registry ResourceKey[minecraft:root / minecraft:block]
[06Dec2025 14:08:54.814] [main/DEBUG] [com.tterrag.registrate.AbstractRegistrate/REGISTRATE.REGISTER]: Registered create:exposed_copper_shingle_stairs to registry ResourceKey[minecraft:root / minecraft:block]
[06Dec2025 14:08:54.814] [main/DEBUG] [com.tterrag.registrate.AbstractRegistrate/REGISTRATE.REGISTER]: Registered create:weathered_copper_shingle_stairs to registry ResourceKey[minecraft:root / minecraft:block]
[06Dec2025 14:08:54.815] [main/DEBUG] [com.tterrag.registrate.AbstractRegistrate/REGISTRATE.REGISTER]: Registered create:oxidized_copper_shingle_stairs to registry ResourceKey[minecraft:root / minecraft:block]
[06Dec2025 14:08:54.815] [main/DEBUG] [com.tterrag.registrate.AbstractRegistrate/REGISTRATE.REGISTER]: Registered create:waxed_copper_shingles to registry ResourceKey[minecraft:root / minecraft:block]
[06Dec2025 14:08:54.815] [main/DEBUG] [com.tterrag.registrate.AbstractRegistrate/REGISTRATE.REGISTER]: Registered create:waxed_exposed_copper_shingles to registry ResourceKey[minecraft:root / minecraft:block]
[06Dec2025 14:08:54.815] [main/DEBUG] [com.tterrag.registrate.AbstractRegistrate/REGISTRATE.REGISTER]: Registered create:waxed_weathered_copper_shingles to registry ResourceKey[minecraft:root / minecraft:block]
[06Dec2025 14:08:54.815] [main/DEBUG] [com.tterrag.registrate.AbstractRegistrate/REGISTRATE.REGISTER]: Registered create:waxed_oxidized_copper_shingles to registry ResourceKey[minecraft:root / minecraft:block]
[06Dec2025 14:08:54.815] [main/DEBUG] [com.tterrag.registrate.AbstractRegistrate/REGISTRATE.REGISTER]: Registered create:waxed_copper_shingle_slab to registry ResourceKey[minecraft:root / minecraft:block]
[06Dec2025 14:08:54.815] [main/DEBUG] [com.tterrag.registrate.AbstractRegistrate/REGISTRATE.REGISTER]: Registered create:waxed_exposed_copper_shingle_slab to registry ResourceKey[minecraft:root / minecraft:block]
[06Dec2025 14:08:54.815] [main/DEBUG] [com.tterrag.registrate.AbstractRegistrate/REGISTRATE.REGISTER]: Registered create:waxed_weathered_copper_shingle_slab to registry ResourceKey[minecraft:root / minecraft:block]
[06Dec2025 14:08:54.815] [main/DEBUG] [com.tterrag.registrate.AbstractRegistrate/REGISTRATE.REGISTER]: Registered create:waxed_oxidized_copper_shingle_slab to registry ResourceKey[minecraft:root / minecraft:block]
[06Dec2025 14:08:54.815] [main/DEBUG] [com.tterrag.registrate.AbstractRegistrate/REGISTRATE.REGISTER]: Registered create:waxed_copper_shingle_stairs to registry ResourceKey[minecraft:root / minecraft:block]
[06Dec2025 14:08:54.816] [main/DEBUG] [com.tterrag.registrate.AbstractRegistrate/REGISTRATE.REGISTER]: Registered create:waxed_exposed_copper_shingle_stairs to registry ResourceKey[minecraft:root / minecraft:block]
[06Dec2025 14:08:54.816] [main/DEBUG] [com.tterrag.registrate.AbstractRegistrate/REGISTRATE.REGISTER]: Registered create:waxed_weathered_copper_shingle_stairs to registry ResourceKey[minecraft:root / minecraft:block]
[06Dec2025 14:08:54.817] [main/DEBUG] [com.tterrag.registrate.AbstractRegistrate/REGISTRATE.REGISTER]: Registered create:waxed_oxidized_copper_shingle_stairs to registry ResourceKey[minecraft:root / minecraft:block]
[06Dec2025 14:08:54.817] [main/DEBUG] [com.tterrag.registrate.AbstractRegistrate/REGISTRATE.REGISTER]: Registered create:copper_tiles to registry ResourceKey[minecraft:root / minecraft:block]
[06Dec2025 14:08:54.817] [main/DEBUG] [com.tterrag.registrate.AbstractRegistrate/REGISTRATE.REGISTER]: Registered create:exposed_copper_tiles to registry ResourceKey[minecraft:root / minecraft:block]
[06Dec2025 14:08:54.817] [main/DEBUG] [com.tterrag.registrate.AbstractRegistrate/REGISTRATE.REGISTER]: Registered create:weathered_copper_tiles to registry ResourceKey[minecraft:root / minecraft:block]
[06Dec2025 14:08:54.817] [main/DEBUG] [com.tterrag.registrate.AbstractRegistrate/REGISTRATE.REGISTER]: Registered create:oxidized_copper_tiles to registry ResourceKey[minecraft:root / minecraft:block]
[06Dec2025 14:08:54.817] [main/DEBUG] [com.tterrag.registrate.AbstractRegistrate/REGISTRATE.REGISTER]: Registered create:copper_tile_slab to registry ResourceKey[minecraft:root / minecraft:block]
[06Dec2025 14:08:54.817] [main/DEBUG] [com.tterrag.registrate.AbstractRegistrate/REGISTRATE.REGISTER]: Registered create:exposed_copper_tile_slab to registry ResourceKey[minecraft:root / minecraft:block]
[06Dec2025 14:08:54.817] [main/DEBUG] [com.tterrag.registrate.AbstractRegistrate/REGISTRATE.REGISTER]: Registered create:weathered_copper_tile_slab to registry ResourceKey[minecraft:root / minecraft:block]
[06Dec2025 14:08:54.817] [main/DEBUG] [com.tterrag.registrate.AbstractRegistrate/REGISTRATE.REGISTER]: Registered create:oxidized_copper_tile_slab to registry ResourceKey[minecraft:root / minecraft:block]
[06Dec2025 14:08:54.817] [main/DEBUG] [com.tterrag.registrate.AbstractRegistrate/REGISTRATE.REGISTER]: Registered create:copper_tile_stairs to registry ResourceKey[minecraft:root / minecraft:block]
[06Dec2025 14:08:54.818] [main/DEBUG] [com.tterrag.registrate.AbstractRegistrate/REGISTRATE.REGISTER]: Registered create:exposed_copper_tile_stairs to registry ResourceKey[minecraft:root / minecraft:block]
[06Dec2025 14:08:54.818] [main/DEBUG] [com.tterrag.registrate.AbstractRegistrate/REGISTRATE.REGISTER]: Registered create:weathered_copper_tile_stairs to registry ResourceKey[minecraft:root / minecraft:block]
[06Dec2025 14:08:54.819] [main/DEBUG] [com.tterrag.registrate.AbstractRegistrate/REGISTRATE.REGISTER]: Registered create:oxidized_copper_tile_stairs to registry ResourceKey[minecraft:root / minecraft:block]
[06Dec2025 14:08:54.819] [main/DEBUG] [com.tterrag.registrate.AbstractRegistrate/REGISTRATE.REGISTER]: Registered create:waxed_copper_tiles to registry ResourceKey[minecraft:root / minecraft:block]
[06Dec2025 14:08:54.819] [main/DEBUG] [com.tterrag.registrate.AbstractRegistrate/REGISTRATE.REGISTER]: Registered create:waxed_exposed_copper_tiles to registry ResourceKey[minecraft:root / minecraft:block]
[06Dec2025 14:08:54.819] [main/DEBUG] [com.tterrag.registrate.AbstractRegistrate/REGISTRATE.REGISTER]: Registered create:waxed_weathered_copper_tiles to registry ResourceKey[minecraft:root / minecraft:block]
[06Dec2025 14:08:54.819] [main/DEBUG] [com.tterrag.registrate.AbstractRegistrate/REGISTRATE.REGISTER]: Registered create:waxed_oxidized_copper_tiles to registry ResourceKey[minecraft:root / minecraft:block]
[06Dec2025 14:08:54.819] [main/DEBUG] [com.tterrag.registrate.AbstractRegistrate/REGISTRATE.REGISTER]: Registered create:waxed_copper_tile_slab to registry ResourceKey[minecraft:root / minecraft:block]
[06Dec2025 14:08:54.819] [main/DEBUG] [com.tterrag.registrate.AbstractRegistrate/REGISTRATE.REGISTER]: Registered create:waxed_exposed_copper_tile_slab to registry ResourceKey[minecraft:root / minecraft:block]
[06Dec2025 14:08:54.819] [main/DEBUG] [com.tterrag.registrate.AbstractRegistrate/REGISTRATE.REGISTER]: Registered create:waxed_weathered_copper_tile_slab to registry ResourceKey[minecraft:root / minecraft:block]
[06Dec2025 14:08:54.819] [main/DEBUG] [com.tterrag.registrate.AbstractRegistrate/REGISTRATE.REGISTER]: Registered create:waxed_oxidized_copper_tile_slab to registry ResourceKey[minecraft:root / minecraft:block]
[06Dec2025 14:08:54.819] [main/DEBUG] [com.tterrag.registrate.AbstractRegistrate/REGISTRATE.REGISTER]: Registered create:waxed_copper_tile_stairs to registry ResourceKey[minecraft:root / minecraft:block]
[06Dec2025 14:08:54.820] [main/DEBUG] [com.tterrag.registrate.AbstractRegistrate/REGISTRATE.REGISTER]: Registered create:waxed_exposed_copper_tile_stairs to registry ResourceKey[minecraft:root / minecraft:block]
[06Dec2025 14:08:54.820] [main/DEBUG] [com.tterrag.registrate.AbstractRegistrate/REGISTRATE.REGISTER]: Registered create:waxed_weathered_copper_tile_stairs to registry ResourceKey[minecraft:root / minecraft:block]
[06Dec2025 14:08:54.820] [main/DEBUG] [com.tterrag.registrate.AbstractRegistrate/REGISTRATE.REGISTER]: Registered create:waxed_oxidized_copper_tile_stairs to registry ResourceKey[minecraft:root / minecraft:block]
[06Dec2025 14:08:54.821] [main/DEBUG] [com.tterrag.registrate.AbstractRegistrate/REGISTRATE.REGISTER]: Registered create:honey to registry ResourceKey[minecraft:root / minecraft:block]
[06Dec2025 14:08:54.821] [main/DEBUG] [com.tterrag.registrate.AbstractRegistrate/REGISTRATE.REGISTER]: Registered create:chocolate to registry ResourceKey[minecraft:root / minecraft:block]
[06Dec2025 14:08:54.821] [main/DEBUG] [com.tterrag.registrate.AbstractRegistrate/REGISTRATE.REGISTER]: Registered create:tiled_glass to registry ResourceKey[minecraft:root / minecraft:block]
[06Dec2025 14:08:54.822] [main/DEBUG] [com.tterrag.registrate.AbstractRegistrate/REGISTRATE.REGISTER]: Registered create:framed_glass to registry ResourceKey[minecraft:root / minecraft:block]
[06Dec2025 14:08:54.822] [main/DEBUG] [com.tterrag.registrate.AbstractRegistrate/REGISTRATE.REGISTER]: Registered create:horizontal_framed_glass to registry ResourceKey[minecraft:root / minecraft:block]
[06Dec2025 14:08:54.822] [main/DEBUG] [com.tterrag.registrate.AbstractRegistrate/REGISTRATE.REGISTER]: Registered create:vertical_framed_glass to registry ResourceKey[minecraft:root / minecraft:block]
[06Dec2025 14:08:54.822] [main/DEBUG] [com.tterrag.registrate.AbstractRegistrate/REGISTRATE.REGISTER]: Registered create:tiled_glass_pane to registry ResourceKey[minecraft:root / minecraft:block]
[06Dec2025 14:08:54.822] [main/DEBUG] [com.tterrag.registrate.AbstractRegistrate/REGISTRATE.REGISTER]: Registered create:framed_glass_pane to registry ResourceKey[minecraft:root / minecraft:block]
[06Dec2025 14:08:54.823] [main/DEBUG] [com.tterrag.registrate.AbstractRegistrate/REGISTRATE.REGISTER]: Registered create:horizontal_framed_glass_pane to registry ResourceKey[minecraft:root / minecraft:block]
[06Dec2025 14:08:54.823] [main/DEBUG] [com.tterrag.registrate.AbstractRegistrate/REGISTRATE.REGISTER]: Registered create:vertical_framed_glass_pane to registry ResourceKey[minecraft:root / minecraft:block]
[06Dec2025 14:08:54.823] [main/DEBUG] [com.tterrag.registrate.AbstractRegistrate/REGISTRATE.REGISTER]: Registered create:oak_window to registry ResourceKey[minecraft:root / minecraft:block]
[06Dec2025 14:08:54.823] [main/DEBUG] [com.tterrag.registrate.AbstractRegistrate/REGISTRATE.REGISTER]: Registered create:spruce_window to registry ResourceKey[minecraft:root / minecraft:block]
[06Dec2025 14:08:54.823] [main/DEBUG] [com.tterrag.registrate.AbstractRegistrate/REGISTRATE.REGISTER]: Registered create:birch_window to registry ResourceKey[minecraft:root / minecraft:block]
[06Dec2025 14:08:54.823] [main/DEBUG] [com.tterrag.registrate.AbstractRegistrate/REGISTRATE.REGISTER]: Registered create:jungle_window to registry ResourceKey[minecraft:root / minecraft:block]
[06Dec2025 14:08:54.823] [main/DEBUG] [com.tterrag.registrate.AbstractRegistrate/REGISTRATE.REGISTER]: Registered create:acacia_window to registry ResourceKey[minecraft:root / minecraft:block]
[06Dec2025 14:08:54.823] [main/DEBUG] [com.tterrag.registrate.AbstractRegistrate/REGISTRATE.REGISTER]: Registered create:dark_oak_window to registry ResourceKey[minecraft:root / minecraft:block]
[06Dec2025 14:08:54.823] [main/DEBUG] [com.tterrag.registrate.AbstractRegistrate/REGISTRATE.REGISTER]: Registered create:mangrove_window to registry ResourceKey[minecraft:root / minecraft:block]
[06Dec2025 14:08:54.823] [main/DEBUG] [com.tterrag.registrate.AbstractRegistrate/REGISTRATE.REGISTER]: Registered create:crimson_window to registry ResourceKey[minecraft:root / minecraft:block]
[06Dec2025 14:08:54.823] [main/DEBUG] [com.tterrag.registrate.AbstractRegistrate/REGISTRATE.REGISTER]: Registered create:warped_window to registry ResourceKey[minecraft:root / minecraft:block]
[06Dec2025 14:08:54.823] [main/DEBUG] [com.tterrag.registrate.AbstractRegistrate/REGISTRATE.REGISTER]: Registered create:cherry_window to registry ResourceKey[minecraft:root / minecraft:block]
[06Dec2025 14:08:54.823] [main/DEBUG] [com.tterrag.registrate.AbstractRegistrate/REGISTRATE.REGISTER]: Registered create:bamboo_window to registry ResourceKey[minecraft:root / minecraft:block]
[06Dec2025 14:08:54.824] [main/DEBUG] [com.tterrag.registrate.AbstractRegistrate/REGISTRATE.REGISTER]: Registered create:ornate_iron_window to registry ResourceKey[minecraft:root / minecraft:block]
[06Dec2025 14:08:54.824] [main/DEBUG] [com.tterrag.registrate.AbstractRegistrate/REGISTRATE.REGISTER]: Registered create:industrial_iron_window to registry ResourceKey[minecraft:root / minecraft:block]
[06Dec2025 14:08:54.824] [main/DEBUG] [com.tterrag.registrate.AbstractRegistrate/REGISTRATE.REGISTER]: Registered create:weathered_iron_window to registry ResourceKey[minecraft:root / minecraft:block]
[06Dec2025 14:08:54.824] [main/DEBUG] [com.tterrag.registrate.AbstractRegistrate/REGISTRATE.REGISTER]: Registered create:oak_window_pane to registry ResourceKey[minecraft:root / minecraft:block]
[06Dec2025 14:08:54.824] [main/DEBUG] [com.tterrag.registrate.AbstractRegistrate/REGISTRATE.REGISTER]: Registered create:spruce_window_pane to registry ResourceKey[minecraft:root / minecraft:block]
[06Dec2025 14:08:54.824] [main/DEBUG] [com.tterrag.registrate.AbstractRegistrate/REGISTRATE.REGISTER]: Registered create:birch_window_pane to registry ResourceKey[minecraft:root / minecraft:block]
[06Dec2025 14:08:54.825] [main/DEBUG] [com.tterrag.registrate.AbstractRegistrate/REGISTRATE.REGISTER]: Registered create:jungle_window_pane to registry ResourceKey[minecraft:root / minecraft:block]
[06Dec2025 14:08:54.825] [main/DEBUG] [com.tterrag.registrate.AbstractRegistrate/REGISTRATE.REGISTER]: Registered create:acacia_window_pane to registry ResourceKey[minecraft:root / minecraft:block]
[06Dec2025 14:08:54.826] [main/DEBUG] [com.tterrag.registrate.AbstractRegistrate/REGISTRATE.REGISTER]: Registered create:dark_oak_window_pane to registry ResourceKey[minecraft:root / minecraft:block]
[06Dec2025 14:08:54.826] [main/DEBUG] [com.tterrag.registrate.AbstractRegistrate/REGISTRATE.REGISTER]: Registered create:mangrove_window_pane to registry ResourceKey[minecraft:root / minecraft:block]
[06Dec2025 14:08:54.826] [main/DEBUG] [com.tterrag.registrate.AbstractRegistrate/REGISTRATE.REGISTER]: Registered create:crimson_window_pane to registry ResourceKey[minecraft:root / minecraft:block]
[06Dec2025 14:08:54.827] [main/DEBUG] [com.tterrag.registrate.AbstractRegistrate/REGISTRATE.REGISTER]: Registered create:warped_window_pane to registry ResourceKey[minecraft:root / minecraft:block]
[06Dec2025 14:08:54.827] [main/DEBUG] [com.tterrag.registrate.AbstractRegistrate/REGISTRATE.REGISTER]: Registered create:cherry_window_pane to registry ResourceKey[minecraft:root / minecraft:block]
[06Dec2025 14:08:54.828] [main/DEBUG] [com.tterrag.registrate.AbstractRegistrate/REGISTRATE.REGISTER]: Registered create:bamboo_window_pane to registry ResourceKey[minecraft:root / minecraft:block]
[06Dec2025 14:08:54.828] [main/DEBUG] [com.tterrag.registrate.AbstractRegistrate/REGISTRATE.REGISTER]: Registered create:ornate_iron_window_pane to registry ResourceKey[minecraft:root / minecraft:block]
[06Dec2025 14:08:54.828] [main/DEBUG] [com.tterrag.registrate.AbstractRegistrate/REGISTRATE.REGISTER]: Registered create:industrial_iron_window_pane to registry ResourceKey[minecraft:root / minecraft:block]
[06Dec2025 14:08:54.829] [main/DEBUG] [com.tterrag.registrate.AbstractRegistrate/REGISTRATE.REGISTER]: Registered create:weathered_iron_window_pane to registry ResourceKey[minecraft:root / minecraft:block]
[06Dec2025 14:08:54.829] [main/DEBUG] [com.tterrag.registrate.AbstractRegistrate/REGISTRATE.REGISTER]: Registered create:cut_granite to registry ResourceKey[minecraft:root / minecraft:block]
[06Dec2025 14:08:54.830] [main/DEBUG] [com.tterrag.registrate.AbstractRegistrate/REGISTRATE.REGISTER]: Registered create:cut_granite_stairs to registry ResourceKey[minecraft:root / minecraft:block]
[06Dec2025 14:08:54.830] [main/DEBUG] [com.tterrag.registrate.AbstractRegistrate/REGISTRATE.REGISTER]: Registered create:cut_granite_slab to registry ResourceKey[minecraft:root / minecraft:block]
[06Dec2025 14:08:54.834] [main/DEBUG] [com.tterrag.registrate.AbstractRegistrate/REGISTRATE.REGISTER]: Registered create:cut_granite_wall to registry ResourceKey[minecraft:root / minecraft:block]
[06Dec2025 14:08:54.834] [main/DEBUG] [com.tterrag.registrate.AbstractRegistrate/REGISTRATE.REGISTER]: Registered create:polished_cut_granite to registry ResourceKey[minecraft:root / minecraft:block]
[06Dec2025 14:08:54.834] [main/DEBUG] [com.tterrag.registrate.AbstractRegistrate/REGISTRATE.REGISTER]: Registered create:polished_cut_granite_stairs to registry ResourceKey[minecraft:root / minecraft:block]
[06Dec2025 14:08:54.834] [main/DEBUG] [com.tterrag.registrate.AbstractRegistrate/REGISTRATE.REGISTER]: Registered create:polished_cut_granite_slab to registry ResourceKey[minecraft:root / minecraft:block]
[06Dec2025 14:08:54.838] [main/DEBUG] [com.tterrag.registrate.AbstractRegistrate/REGISTRATE.REGISTER]: Registered create:polished_cut_granite_wall to registry ResourceKey[minecraft:root / minecraft:block]
[06Dec2025 14:08:54.838] [main/DEBUG] [com.tterrag.registrate.AbstractRegistrate/REGISTRATE.REGISTER]: Registered create:cut_granite_bricks to registry ResourceKey[minecraft:root / minecraft:block]
[06Dec2025 14:08:54.838] [main/DEBUG] [com.tterrag.registrate.AbstractRegistrate/REGISTRATE.REGISTER]: Registered create:cut_granite_brick_stairs to registry ResourceKey[minecraft:root / minecraft:block]
[06Dec2025 14:08:54.839] [main/DEBUG] [com.tterrag.registrate.AbstractRegistrate/REGISTRATE.REGISTER]: Registered create:cut_granite_brick_slab to registry ResourceKey[minecraft:root / minecraft:block]
[06Dec2025 14:08:54.842] [main/DEBUG] [com.tterrag.registrate.AbstractRegistrate/REGISTRATE.REGISTER]: Registered create:cut_granite_brick_wall to registry ResourceKey[minecraft:root / minecraft:block]
[06Dec2025 14:08:54.842] [main/DEBUG] [com.tterrag.registrate.AbstractRegistrate/REGISTRATE.REGISTER]: Registered create:small_granite_bricks to registry ResourceKey[minecraft:root / minecraft:block]
[06Dec2025 14:08:54.842] [main/DEBUG] [com.tterrag.registrate.AbstractRegistrate/REGISTRATE.REGISTER]: Registered create:small_granite_brick_stairs to registry ResourceKey[minecraft:root / minecraft:block]
[06Dec2025 14:08:54.842] [main/DEBUG] [com.tterrag.registrate.AbstractRegistrate/REGISTRATE.REGISTER]: Registered create:small_granite_brick_slab to registry ResourceKey[minecraft:root / minecraft:block]
[06Dec2025 14:08:54.845] [main/DEBUG] [com.tterrag.registrate.AbstractRegistrate/REGISTRATE.REGISTER]: Registered create:small_granite_brick_wall to registry ResourceKey[minecraft:root / minecraft:block]
[06Dec2025 14:08:54.846] [main/DEBUG] [com.tterrag.registrate.AbstractRegistrate/REGISTRATE.REGISTER]: Registered create:layered_granite to registry ResourceKey[minecraft:root / minecraft:block]
[06Dec2025 14:08:54.847] [main/DEBUG] [com.tterrag.registrate.AbstractRegistrate/REGISTRATE.REGISTER]: Registered create:granite_pillar to registry ResourceKey[minecraft:root / minecraft:block]
[06Dec2025 14:08:54.847] [main/DEBUG] [com.tterrag.registrate.AbstractRegistrate/REGISTRATE.REGISTER]: Registered create:cut_diorite to registry ResourceKey[minecraft:root / minecraft:block]
[06Dec2025 14:08:54.847] [main/DEBUG] [com.tterrag.registrate.AbstractRegistrate/REGISTRATE.REGISTER]: Registered create:cut_diorite_stairs to registry ResourceKey[minecraft:root / minecraft:block]
[06Dec2025 14:08:54.847] [main/DEBUG] [com.tterrag.registrate.AbstractRegistrate/REGISTRATE.REGISTER]: Registered create:cut_diorite_slab to registry ResourceKey[minecraft:root / minecraft:block]
[06Dec2025 14:08:54.850] [main/DEBUG] [com.tterrag.registrate.AbstractRegistrate/REGISTRATE.REGISTER]: Registered create:cut_diorite_wall to registry ResourceKey[minecraft:root / minecraft:block]
[06Dec2025 14:08:54.850] [main/DEBUG] [com.tterrag.registrate.AbstractRegistrate/REGISTRATE.REGISTER]: Registered create:polished_cut_diorite to registry ResourceKey[minecraft:root / minecraft:block]
[06Dec2025 14:08:54.851] [main/DEBUG] [com.tterrag.registrate.AbstractRegistrate/REGISTRATE.REGISTER]: Registered create:polished_cut_diorite_stairs to registry ResourceKey[minecraft:root / minecraft:block]
[06Dec2025 14:08:54.851] [main/DEBUG] [com.tterrag.registrate.AbstractRegistrate/REGISTRATE.REGISTER]: Registered create:polished_cut_diorite_slab to registry ResourceKey[minecraft:root / minecraft:block]
[06Dec2025 14:08:54.854] [main/DEBUG] [com.tterrag.registrate.AbstractRegistrate/REGISTRATE.REGISTER]: Registered create:polished_cut_diorite_wall to registry ResourceKey[minecraft:root / minecraft:block]
[06Dec2025 14:08:54.854] [main/DEBUG] [com.tterrag.registrate.AbstractRegistrate/REGISTRATE.REGISTER]: Registered create:cut_diorite_bricks to registry ResourceKey[minecraft:root / minecraft:block]
[06Dec2025 14:08:54.854] [main/DEBUG] [com.tterrag.registrate.AbstractRegistrate/REGISTRATE.REGISTER]: Registered create:cut_diorite_brick_stairs to registry ResourceKey[minecraft:root / minecraft:block]
[06Dec2025 14:08:54.854] [main/DEBUG] [com.tterrag.registrate.AbstractRegistrate/REGISTRATE.REGISTER]: Registered create:cut_diorite_brick_slab to registry ResourceKey[minecraft:root / minecraft:block]
[06Dec2025 14:08:54.858] [main/DEBUG] [com.tterrag.registrate.AbstractRegistrate/REGISTRATE.REGISTER]: Registered create:cut_diorite_brick_wall to registry ResourceKey[minecraft:root / minecraft:block]
[06Dec2025 14:08:54.858] [main/DEBUG] [com.tterrag.registrate.AbstractRegistrate/REGISTRATE.REGISTER]: Registered create:small_diorite_bricks to registry ResourceKey[minecraft:root / minecraft:block]
[06Dec2025 14:08:54.858] [main/DEBUG] [com.tterrag.registrate.AbstractRegistrate/REGISTRATE.REGISTER]: Registered create:small_diorite_brick_stairs to registry ResourceKey[minecraft:root / minecraft:block]
[06Dec2025 14:08:54.858] [main/DEBUG] [com.tterrag.registrate.AbstractRegistrate/REGISTRATE.REGISTER]: Registered create:small_diorite_brick_slab to registry ResourceKey[minecraft:root / minecraft:block]
[06Dec2025 14:08:54.861] [main/DEBUG] [com.tterrag.registrate.AbstractRegistrate/REGISTRATE.REGISTER]: Registered create:small_diorite_brick_wall to registry ResourceKey[minecraft:root / minecraft:block]
[06Dec2025 14:08:54.861] [main/DEBUG] [com.tterrag.registrate.AbstractRegistrate/REGISTRATE.REGISTER]: Registered create:layered_diorite to registry ResourceKey[minecraft:root / minecraft:block]
[06Dec2025 14:08:54.862] [main/DEBUG] [com.tterrag.registrate.AbstractRegistrate/REGISTRATE.REGISTER]: Registered create:diorite_pillar to registry ResourceKey[minecraft:root / minecraft:block]
[06Dec2025 14:08:54.862] [main/DEBUG] [com.tterrag.registrate.AbstractRegistrate/REGISTRATE.REGISTER]: Registered create:cut_andesite to registry ResourceKey[minecraft:root / minecraft:block]
[06Dec2025 14:08:54.862] [main/DEBUG] [com.tterrag.registrate.AbstractRegistrate/REGISTRATE.REGISTER]: Registered create:cut_andesite_stairs to registry ResourceKey[minecraft:root / minecraft:block]
[06Dec2025 14:08:54.862] [main/DEBUG] [com.tterrag.registrate.AbstractRegistrate/REGISTRATE.REGISTER]: Registered create:cut_andesite_slab to registry ResourceKey[minecraft:root / minecraft:block]
[06Dec2025 14:08:54.865] [main/DEBUG] [com.tterrag.registrate.AbstractRegistrate/REGISTRATE.REGISTER]: Registered create:cut_andesite_wall to registry ResourceKey[minecraft:root / minecraft:block]
[06Dec2025 14:08:54.865] [main/DEBUG] [com.tterrag.registrate.AbstractRegistrate/REGISTRATE.REGISTER]: Registered create:polished_cut_andesite to registry ResourceKey[minecraft:root / minecraft:block]
[06Dec2025 14:08:54.865] [main/DEBUG] [com.tterrag.registrate.AbstractRegistrate/REGISTRATE.REGISTER]: Registered create:polished_cut_andesite_stairs to registry ResourceKey[minecraft:root / minecraft:block]
[06Dec2025 14:08:54.866] [main/DEBUG] [com.tterrag.registrate.AbstractRegistrate/REGISTRATE.REGISTER]: Registered create:polished_cut_andesite_slab to registry ResourceKey[minecraft:root / minecraft:block]
[06Dec2025 14:08:54.869] [main/DEBUG] [com.tterrag.registrate.AbstractRegistrate/REGISTRATE.REGISTER]: Registered create:polished_cut_andesite_wall to registry ResourceKey[minecraft:root / minecraft:block]
[06Dec2025 14:08:54.869] [main/DEBUG] [com.tterrag.registrate.AbstractRegistrate/REGISTRATE.REGISTER]: Registered create:cut_andesite_bricks to registry ResourceKey[minecraft:root / minecraft:block]
[06Dec2025 14:08:54.869] [main/DEBUG] [com.tterrag.registrate.AbstractRegistrate/REGISTRATE.REGISTER]: Registered create:cut_andesite_brick_stairs to registry ResourceKey[minecraft:root / minecraft:block]
[06Dec2025 14:08:54.869] [main/DEBUG] [com.tterrag.registrate.AbstractRegistrate/REGISTRATE.REGISTER]: Registered create:cut_andesite_brick_slab to registry ResourceKey[minecraft:root / minecraft:block]
[06Dec2025 14:08:54.872] [main/DEBUG] [com.tterrag.registrate.AbstractRegistrate/REGISTRATE.REGISTER]: Registered create:cut_andesite_brick_wall to registry ResourceKey[minecraft:root / minecraft:block]
[06Dec2025 14:08:54.872] [main/DEBUG] [com.tterrag.registrate.AbstractRegistrate/REGISTRATE.REGISTER]: Registered create:small_andesite_bricks to registry ResourceKey[minecraft:root / minecraft:block]
[06Dec2025 14:08:54.873] [main/DEBUG] [com.tterrag.registrate.AbstractRegistrate/REGISTRATE.REGISTER]: Registered create:small_andesite_brick_stairs to registry ResourceKey[minecraft:root / minecraft:block]
[06Dec2025 14:08:54.873] [main/DEBUG] [com.tterrag.registrate.AbstractRegistrate/REGISTRATE.REGISTER]: Registered create:small_andesite_brick_slab to registry ResourceKey[minecraft:root / minecraft:block]
[06Dec2025 14:08:54.876] [main/DEBUG] [com.tterrag.registrate.AbstractRegistrate/REGISTRATE.REGISTER]: Registered create:small_andesite_brick_wall to registry ResourceKey[minecraft:root / minecraft:block]
[06Dec2025 14:08:54.876] [main/DEBUG] [com.tterrag.registrate.AbstractRegistrate/REGISTRATE.REGISTER]: Registered create:layered_andesite to registry ResourceKey[minecraft:root / minecraft:block]
[06Dec2025 14:08:54.876] [main/DEBUG] [com.tterrag.registrate.AbstractRegistrate/REGISTRATE.REGISTER]: Registered create:andesite_pillar to registry ResourceKey[minecraft:root / minecraft:block]
[06Dec2025 14:08:54.876] [main/DEBUG] [com.tterrag.registrate.AbstractRegistrate/REGISTRATE.REGISTER]: Registered create:cut_calcite to registry ResourceKey[minecraft:root / minecraft:block]
[06Dec2025 14:08:54.876] [main/DEBUG] [com.tterrag.registrate.AbstractRegistrate/REGISTRATE.REGISTER]: Registered create:cut_calcite_stairs to registry ResourceKey[minecraft:root / minecraft:block]
[06Dec2025 14:08:54.876] [main/DEBUG] [com.tterrag.registrate.AbstractRegistrate/REGISTRATE.REGISTER]: Registered create:cut_calcite_slab to registry ResourceKey[minecraft:root / minecraft:block]
[06Dec2025 14:08:54.880] [main/DEBUG] [com.tterrag.registrate.AbstractRegistrate/REGISTRATE.REGISTER]: Registered create:cut_calcite_wall to registry ResourceKey[minecraft:root / minecraft:block]
[06Dec2025 14:08:54.880] [main/DEBUG] [com.tterrag.registrate.AbstractRegistrate/REGISTRATE.REGISTER]: Registered create:polished_cut_calcite to registry ResourceKey[minecraft:root / minecraft:block]
[06Dec2025 14:08:54.880] [main/DEBUG] [com.tterrag.registrate.AbstractRegistrate/REGISTRATE.REGISTER]: Registered create:polished_cut_calcite_stairs to registry ResourceKey[minecraft:root / minecraft:block]
[06Dec2025 14:08:54.880] [main/DEBUG] [com.tterrag.registrate.AbstractRegistrate/REGISTRATE.REGISTER]: Registered create:polished_cut_calcite_slab to registry ResourceKey[minecraft:root / minecraft:block]
[06Dec2025 14:08:54.886] [main/DEBUG] [com.tterrag.registrate.AbstractRegistrate/REGISTRATE.REGISTER]: Registered create:polished_cut_calcite_wall to registry ResourceKey[minecraft:root / minecraft:block]
[06Dec2025 14:08:54.887] [main/DEBUG] [com.tterrag.registrate.AbstractRegistrate/REGISTRATE.REGISTER]: Registered create:cut_calcite_bricks to registry ResourceKey[minecraft:root / minecraft:block]
[06Dec2025 14:08:54.887] [main/DEBUG] [com.tterrag.registrate.AbstractRegistrate/REGISTRATE.REGISTER]: Registered create:cut_calcite_brick_stairs to registry ResourceKey[minecraft:root / minecraft:block]
[06Dec2025 14:08:54.887] [main/DEBUG] [com.tterrag.registrate.AbstractRegistrate/REGISTRATE.REGISTER]: Registered create:cut_calcite_brick_slab to registry ResourceKey[minecraft:root / minecraft:block]
[06Dec2025 14:08:54.890] [main/DEBUG] [com.tterrag.registrate.AbstractRegistrate/REGISTRATE.REGISTER]: Registered create:cut_calcite_brick_wall to registry ResourceKey[minecraft:root / minecraft:block]
[06Dec2025 14:08:54.890] [main/DEBUG] [com.tterrag.registrate.AbstractRegistrate/REGISTRATE.REGISTER]: Registered create:small_calcite_bricks to registry ResourceKey[minecraft:root / minecraft:block]
[06Dec2025 14:08:54.891] [main/DEBUG] [com.tterrag.registrate.AbstractRegistrate/REGISTRATE.REGISTER]: Registered create:small_calcite_brick_stairs to registry ResourceKey[minecraft:root / minecraft:block]
[06Dec2025 14:08:54.891] [main/DEBUG] [com.tterrag.registrate.AbstractRegistrate/REGISTRATE.REGISTER]: Registered create:small_calcite_brick_slab to registry ResourceKey[minecraft:root / minecraft:block]
[06Dec2025 14:08:54.894] [main/DEBUG] [com.tterrag.registrate.AbstractRegistrate/REGISTRATE.REGISTER]: Registered create:small_calcite_brick_wall to registry ResourceKey[minecraft:root / minecraft:block]
[06Dec2025 14:08:54.894] [main/DEBUG] [com.tterrag.registrate.AbstractRegistrate/REGISTRATE.REGISTER]: Registered create:layered_calcite to registry ResourceKey[minecraft:root / minecraft:block]
[06Dec2025 14:08:54.894] [main/DEBUG] [com.tterrag.registrate.AbstractRegistrate/REGISTRATE.REGISTER]: Registered create:calcite_pillar to registry ResourceKey[minecraft:root / minecraft:block]
[06Dec2025 14:08:54.894] [main/DEBUG] [com.tterrag.registrate.AbstractRegistrate/REGISTRATE.REGISTER]: Registered create:cut_dripstone to registry ResourceKey[minecraft:root / minecraft:block]
[06Dec2025 14:08:54.895] [main/DEBUG] [com.tterrag.registrate.AbstractRegistrate/REGISTRATE.REGISTER]: Registered create:cut_dripstone_stairs to registry ResourceKey[minecraft:root / minecraft:block]
[06Dec2025 14:08:54.895] [main/DEBUG] [com.tterrag.registrate.AbstractRegistrate/REGISTRATE.REGISTER]: Registered create:cut_dripstone_slab to registry ResourceKey[minecraft:root / minecraft:block]
[06Dec2025 14:08:54.898] [main/DEBUG] [com.tterrag.registrate.AbstractRegistrate/REGISTRATE.REGISTER]: Registered create:cut_dripstone_wall to registry ResourceKey[minecraft:root / minecraft:block]
[06Dec2025 14:08:54.898] [main/DEBUG] [com.tterrag.registrate.AbstractRegistrate/REGISTRATE.REGISTER]: Registered create:polished_cut_dripstone to registry ResourceKey[minecraft:root / minecraft:block]
[06Dec2025 14:08:54.898] [main/DEBUG] [com.tterrag.registrate.AbstractRegistrate/REGISTRATE.REGISTER]: Registered create:polished_cut_dripstone_stairs to registry ResourceKey[minecraft:root / minecraft:block]
[06Dec2025 14:08:54.898] [main/DEBUG] [com.tterrag.registrate.AbstractRegistrate/REGISTRATE.REGISTER]: Registered create:polished_cut_dripstone_slab to registry ResourceKey[minecraft:root / minecraft:block]
[06Dec2025 14:08:54.901] [main/DEBUG] [com.tterrag.registrate.AbstractRegistrate/REGISTRATE.REGISTER]: Registered create:polished_cut_dripstone_wall to registry ResourceKey[minecraft:root / minecraft:block]
[06Dec2025 14:08:54.901] [main/DEBUG] [com.tterrag.registrate.AbstractRegistrate/REGISTRATE.REGISTER]: Registered create:cut_dripstone_bricks to registry ResourceKey[minecraft:root / minecraft:block]
[06Dec2025 14:08:54.902] [main/DEBUG] [com.tterrag.registrate.AbstractRegistrate/REGISTRATE.REGISTER]: Registered create:cut_dripstone_brick_stairs to registry ResourceKey[minecraft:root / minecraft:block]
[06Dec2025 14:08:54.902] [main/DEBUG] [com.tterrag.registrate.AbstractRegistrate/REGISTRATE.REGISTER]: Registered create:cut_dripstone_brick_slab to registry ResourceKey[minecraft:root / minecraft:block]
[06Dec2025 14:08:54.905] [main/DEBUG] [com.tterrag.registrate.AbstractRegistrate/REGISTRATE.REGISTER]: Registered create:cut_dripstone_brick_wall to registry ResourceKey[minecraft:root / minecraft:block]
[06Dec2025 14:08:54.905] [main/DEBUG] [com.tterrag.registrate.AbstractRegistrate/REGISTRATE.REGISTER]: Registered create:small_dripstone_bricks to registry ResourceKey[minecraft:root / minecraft:block]
[06Dec2025 14:08:54.905] [main/DEBUG] [com.tterrag.registrate.AbstractRegistrate/REGISTRATE.REGISTER]: Registered create:small_dripstone_brick_stairs to registry ResourceKey[minecraft:root / minecraft:block]
[06Dec2025 14:08:54.905] [main/DEBUG] [com.tterrag.registrate.AbstractRegistrate/REGISTRATE.REGISTER]: Registered create:small_dripstone_brick_slab to registry ResourceKey[minecraft:root / minecraft:block]
[06Dec2025 14:08:54.909] [main/DEBUG] [com.tterrag.registrate.AbstractRegistrate/REGISTRATE.REGISTER]: Registered create:small_dripstone_brick_wall to registry ResourceKey[minecraft:root / minecraft:block]
[06Dec2025 14:08:54.909] [main/DEBUG] [com.tterrag.registrate.AbstractRegistrate/REGISTRATE.REGISTER]: Registered create:layered_dripstone to registry ResourceKey[minecraft:root / minecraft:block]
[06Dec2025 14:08:54.909] [main/DEBUG] [com.tterrag.registrate.AbstractRegistrate/REGISTRATE.REGISTER]: Registered create:dripstone_pillar to registry ResourceKey[minecraft:root / minecraft:block]
[06Dec2025 14:08:54.909] [main/DEBUG] [com.tterrag.registrate.AbstractRegistrate/REGISTRATE.REGISTER]: Registered create:cut_deepslate to registry ResourceKey[minecraft:root / minecraft:block]
[06Dec2025 14:08:54.909] [main/DEBUG] [com.tterrag.registrate.AbstractRegistrate/REGISTRATE.REGISTER]: Registered create:cut_deepslate_stairs to registry ResourceKey[minecraft:root / minecraft:block]
[06Dec2025 14:08:54.909] [main/DEBUG] [com.tterrag.registrate.AbstractRegistrate/REGISTRATE.REGISTER]: Registered create:cut_deepslate_slab to registry ResourceKey[minecraft:root / minecraft:block]
[06Dec2025 14:08:54.913] [main/DEBUG] [com.tterrag.registrate.AbstractRegistrate/REGISTRATE.REGISTER]: Registered create:cut_deepslate_wall to registry ResourceKey[minecraft:root / minecraft:block]
[06Dec2025 14:08:54.913] [main/DEBUG] [com.tterrag.registrate.AbstractRegistrate/REGISTRATE.REGISTER]: Registered create:polished_cut_deepslate to registry ResourceKey[minecraft:root / minecraft:block]
[06Dec2025 14:08:54.913] [main/DEBUG] [com.tterrag.registrate.AbstractRegistrate/REGISTRATE.REGISTER]: Registered create:polished_cut_deepslate_stairs to registry ResourceKey[minecraft:root / minecraft:block]
[06Dec2025 14:08:54.913] [main/DEBUG] [com.tterrag.registrate.AbstractRegistrate/REGISTRATE.REGISTER]: Registered create:polished_cut_deepslate_slab to registry ResourceKey[minecraft:root / minecraft:block]
[06Dec2025 14:08:54.916] [main/DEBUG] [com.tterrag.registrate.AbstractRegistrate/REGISTRATE.REGISTER]: Registered create:polished_cut_deepslate_wall to registry ResourceKey[minecraft:root / minecraft:block]
[06Dec2025 14:08:54.916] [main/DEBUG] [com.tterrag.registrate.AbstractRegistrate/REGISTRATE.REGISTER]: Registered create:cut_deepslate_bricks to registry ResourceKey[minecraft:root / minecraft:block]
[06Dec2025 14:08:54.916] [main/DEBUG] [com.tterrag.registrate.AbstractRegistrate/REGISTRATE.REGISTER]: Registered create:cut_deepslate_brick_stairs to registry ResourceKey[minecraft:root / minecraft:block]
[06Dec2025 14:08:54.916] [main/DEBUG] [com.tterrag.registrate.AbstractRegistrate/REGISTRATE.REGISTER]: Registered create:cut_deepslate_brick_slab to registry ResourceKey[minecraft:root / minecraft:block]
[06Dec2025 14:08:54.919] [main/DEBUG] [com.tterrag.registrate.AbstractRegistrate/REGISTRATE.REGISTER]: Registered create:cut_deepslate_brick_wall to registry ResourceKey[minecraft:root / minecraft:block]
[06Dec2025 14:08:54.920] [main/DEBUG] [com.tterrag.registrate.AbstractRegistrate/REGISTRATE.REGISTER]: Registered create:small_deepslate_bricks to registry ResourceKey[minecraft:root / minecraft:block]
[06Dec2025 14:08:54.920] [main/DEBUG] [com.tterrag.registrate.AbstractRegistrate/REGISTRATE.REGISTER]: Registered create:small_deepslate_brick_stairs to registry ResourceKey[minecraft:root / minecraft:block]
[06Dec2025 14:08:54.920] [main/DEBUG] [com.tterrag.registrate.AbstractRegistrate/REGISTRATE.REGISTER]: Registered create:small_deepslate_brick_slab to registry ResourceKey[minecraft:root / minecraft:block]
[06Dec2025 14:08:54.930] [main/DEBUG] [com.tterrag.registrate.AbstractRegistrate/REGISTRATE.REGISTER]: Registered create:small_deepslate_brick_wall to registry ResourceKey[minecraft:root / minecraft:block]
[06Dec2025 14:08:54.930] [main/DEBUG] [com.tterrag.registrate.AbstractRegistrate/REGISTRATE.REGISTER]: Registered create:layered_deepslate to registry ResourceKey[minecraft:root / minecraft:block]
[06Dec2025 14:08:54.931] [main/DEBUG] [com.tterrag.registrate.AbstractRegistrate/REGISTRATE.REGISTER]: Registered create:deepslate_pillar to registry ResourceKey[minecraft:root / minecraft:block]
[06Dec2025 14:08:54.931] [main/DEBUG] [com.tterrag.registrate.AbstractRegistrate/REGISTRATE.REGISTER]: Registered create:cut_tuff to registry ResourceKey[minecraft:root / minecraft:block]
[06Dec2025 14:08:54.931] [main/DEBUG] [com.tterrag.registrate.AbstractRegistrate/REGISTRATE.REGISTER]: Registered create:cut_tuff_stairs to registry ResourceKey[minecraft:root / minecraft:block]
[06Dec2025 14:08:54.931] [main/DEBUG] [com.tterrag.registrate.AbstractRegistrate/REGISTRATE.REGISTER]: Registered create:cut_tuff_slab to registry ResourceKey[minecraft:root / minecraft:block]
[06Dec2025 14:08:54.934] [main/DEBUG] [com.tterrag.registrate.AbstractRegistrate/REGISTRATE.REGISTER]: Registered create:cut_tuff_wall to registry ResourceKey[minecraft:root / minecraft:block]
[06Dec2025 14:08:54.934] [main/DEBUG] [com.tterrag.registrate.AbstractRegistrate/REGISTRATE.REGISTER]: Registered create:polished_cut_tuff to registry ResourceKey[minecraft:root / minecraft:block]
[06Dec2025 14:08:54.935] [main/DEBUG] [com.tterrag.registrate.AbstractRegistrate/REGISTRATE.REGISTER]: Registered create:polished_cut_tuff_stairs to registry ResourceKey[minecraft:root / minecraft:block]
[06Dec2025 14:08:54.935] [main/DEBUG] [com.tterrag.registrate.AbstractRegistrate/REGISTRATE.REGISTER]: Registered create:polished_cut_tuff_slab to registry ResourceKey[minecraft:root / minecraft:block]
[06Dec2025 14:08:54.938] [main/DEBUG] [com.tterrag.registrate.AbstractRegistrate/REGISTRATE.REGISTER]: Registered create:polished_cut_tuff_wall to registry ResourceKey[minecraft:root / minecraft:block]
[06Dec2025 14:08:54.938] [main/DEBUG] [com.tterrag.registrate.AbstractRegistrate/REGISTRATE.REGISTER]: Registered create:cut_tuff_bricks to registry ResourceKey[minecraft:root / minecraft:block]
[06Dec2025 14:08:54.938] [main/DEBUG] [com.tterrag.registrate.AbstractRegistrate/REGISTRATE.REGISTER]: Registered create:cut_tuff_brick_stairs to registry ResourceKey[minecraft:root / minecraft:block]
[06Dec2025 14:08:54.938] [main/DEBUG] [com.tterrag.registrate.AbstractRegistrate/REGISTRATE.REGISTER]: Registered create:cut_tuff_brick_slab to registry ResourceKey[minecraft:root / minecraft:block]
[06Dec2025 14:08:54.941] [main/DEBUG] [com.tterrag.registrate.AbstractRegistrate/REGISTRATE.REGISTER]: Registered create:cut_tuff_brick_wall to registry ResourceKey[minecraft:root / minecraft:block]
[06Dec2025 14:08:54.941] [main/DEBUG] [com.tterrag.registrate.AbstractRegistrate/REGISTRATE.REGISTER]: Registered create:small_tuff_bricks to registry ResourceKey[minecraft:root / minecraft:block]
[06Dec2025 14:08:54.942] [main/DEBUG] [com.tterrag.registrate.AbstractRegistrate/REGISTRATE.REGISTER]: Registered create:small_tuff_brick_stairs to registry ResourceKey[minecraft:root / minecraft:block]
[06Dec2025 14:08:54.942] [main/DEBUG] [com.tterrag.registrate.AbstractRegistrate/REGISTRATE.REGISTER]: Registered create:small_tuff_brick_slab to registry ResourceKey[minecraft:root / minecraft:block]
[06Dec2025 14:08:54.945] [main/DEBUG] [com.tterrag.registrate.AbstractRegistrate/REGISTRATE.REGISTER]: Registered create:small_tuff_brick_wall to registry ResourceKey[minecraft:root / minecraft:block]
[06Dec2025 14:08:54.945] [main/DEBUG] [com.tterrag.registrate.AbstractRegistrate/REGISTRATE.REGISTER]: Registered create:layered_tuff to registry ResourceKey[minecraft:root / minecraft:block]
[06Dec2025 14:08:54.945] [main/DEBUG] [com.tterrag.registrate.AbstractRegistrate/REGISTRATE.REGISTER]: Registered create:tuff_pillar to registry ResourceKey[minecraft:root / minecraft:block]
[06Dec2025 14:08:54.945] [main/DEBUG] [com.tterrag.registrate.AbstractRegistrate/REGISTRATE.REGISTER]: Registered create:asurine to registry ResourceKey[minecraft:root / minecraft:block]
[06Dec2025 14:08:54.945] [main/DEBUG] [com.tterrag.registrate.AbstractRegistrate/REGISTRATE.REGISTER]: Registered create:cut_asurine to registry ResourceKey[minecraft:root / minecraft:block]
[06Dec2025 14:08:54.946] [main/DEBUG] [com.tterrag.registrate.AbstractRegistrate/REGISTRATE.REGISTER]: Registered create:cut_asurine_stairs to registry ResourceKey[minecraft:root / minecraft:block]
[06Dec2025 14:08:54.946] [main/DEBUG] [com.tterrag.registrate.AbstractRegistrate/REGISTRATE.REGISTER]: Registered create:cut_asurine_slab to registry ResourceKey[minecraft:root / minecraft:block]
[06Dec2025 14:08:54.949] [main/DEBUG] [com.tterrag.registrate.AbstractRegistrate/REGISTRATE.REGISTER]: Registered create:cut_asurine_wall to registry ResourceKey[minecraft:root / minecraft:block]
[06Dec2025 14:08:54.949] [main/DEBUG] [com.tterrag.registrate.AbstractRegistrate/REGISTRATE.REGISTER]: Registered create:polished_cut_asurine to registry ResourceKey[minecraft:root / minecraft:block]
[06Dec2025 14:08:54.949] [main/DEBUG] [com.tterrag.registrate.AbstractRegistrate/REGISTRATE.REGISTER]: Registered create:polished_cut_asurine_stairs to registry ResourceKey[minecraft:root / minecraft:block]
[06Dec2025 14:08:54.949] [main/DEBUG] [com.tterrag.registrate.AbstractRegistrate/REGISTRATE.REGISTER]: Registered create:polished_cut_asurine_slab to registry ResourceKey[minecraft:root / minecraft:block]
[06Dec2025 14:08:54.953] [main/DEBUG] [com.tterrag.registrate.AbstractRegistrate/REGISTRATE.REGISTER]: Registered create:polished_cut_asurine_wall to registry ResourceKey[minecraft:root / minecraft:block]
[06Dec2025 14:08:54.953] [main/DEBUG] [com.tterrag.registrate.AbstractRegistrate/REGISTRATE.REGISTER]: Registered create:cut_asurine_bricks to registry ResourceKey[minecraft:root / minecraft:block]
[06Dec2025 14:08:54.953] [main/DEBUG] [com.tterrag.registrate.AbstractRegistrate/REGISTRATE.REGISTER]: Registered create:cut_asurine_brick_stairs to registry ResourceKey[minecraft:root / minecraft:block]
[06Dec2025 14:08:54.953] [main/DEBUG] [com.tterrag.registrate.AbstractRegistrate/REGISTRATE.REGISTER]: Registered create:cut_asurine_brick_slab to registry ResourceKey[minecraft:root / minecraft:block]
[06Dec2025 14:08:54.956] [main/DEBUG] [com.tterrag.registrate.AbstractRegistrate/REGISTRATE.REGISTER]: Registered create:cut_asurine_brick_wall to registry ResourceKey[minecraft:root / minecraft:block]
[06Dec2025 14:08:54.956] [main/DEBUG] [com.tterrag.registrate.AbstractRegistrate/REGISTRATE.REGISTER]: Registered create:small_asurine_bricks to registry ResourceKey[minecraft:root / minecraft:block]
[06Dec2025 14:08:54.957] [main/DEBUG] [com.tterrag.registrate.AbstractRegistrate/REGISTRATE.REGISTER]: Registered create:small_asurine_brick_stairs to registry ResourceKey[minecraft:root / minecraft:block]
[06Dec2025 14:08:54.957] [main/DEBUG] [com.tterrag.registrate.AbstractRegistrate/REGISTRATE.REGISTER]: Registered create:small_asurine_brick_slab to registry ResourceKey[minecraft:root / minecraft:block]
[06Dec2025 14:08:54.960] [main/DEBUG] [com.tterrag.registrate.AbstractRegistrate/REGISTRATE.REGISTER]: Registered create:small_asurine_brick_wall to registry ResourceKey[minecraft:root / minecraft:block]
[06Dec2025 14:08:54.960] [main/DEBUG] [com.tterrag.registrate.AbstractRegistrate/REGISTRATE.REGISTER]: Registered create:layered_asurine to registry ResourceKey[minecraft:root / minecraft:block]
[06Dec2025 14:08:54.960] [main/DEBUG] [com.tterrag.registrate.AbstractRegistrate/REGISTRATE.REGISTER]: Registered create:asurine_pillar to registry ResourceKey[minecraft:root / minecraft:block]
[06Dec2025 14:08:54.960] [main/DEBUG] [com.tterrag.registrate.AbstractRegistrate/REGISTRATE.REGISTER]: Registered create:crimsite to registry ResourceKey[minecraft:root / minecraft:block]
[06Dec2025 14:08:54.960] [main/DEBUG] [com.tterrag.registrate.AbstractRegistrate/REGISTRATE.REGISTER]: Registered create:cut_crimsite to registry ResourceKey[minecraft:root / minecraft:block]
[06Dec2025 14:08:54.961] [main/DEBUG] [com.tterrag.registrate.AbstractRegistrate/REGISTRATE.REGISTER]: Registered create:cut_crimsite_stairs to registry ResourceKey[minecraft:root / minecraft:block]
[06Dec2025 14:08:54.961] [main/DEBUG] [com.tterrag.registrate.AbstractRegistrate/REGISTRATE.REGISTER]: Registered create:cut_crimsite_slab to registry ResourceKey[minecraft:root / minecraft:block]
[06Dec2025 14:08:54.964] [main/DEBUG] [com.tterrag.registrate.AbstractRegistrate/REGISTRATE.REGISTER]: Registered create:cut_crimsite_wall to registry ResourceKey[minecraft:root / minecraft:block]
[06Dec2025 14:08:54.964] [main/DEBUG] [com.tterrag.registrate.AbstractRegistrate/REGISTRATE.REGISTER]: Registered create:polished_cut_crimsite to registry ResourceKey[minecraft:root / minecraft:block]
[06Dec2025 14:08:54.964] [main/DEBUG] [com.tterrag.registrate.AbstractRegistrate/REGISTRATE.REGISTER]: Registered create:polished_cut_crimsite_stairs to registry ResourceKey[minecraft:root / minecraft:block]
[06Dec2025 14:08:54.964] [main/DEBUG] [com.tterrag.registrate.AbstractRegistrate/REGISTRATE.REGISTER]: Registered create:polished_cut_crimsite_slab to registry ResourceKey[minecraft:root / minecraft:block]
[06Dec2025 14:08:54.967] [main/DEBUG] [com.tterrag.registrate.AbstractRegistrate/REGISTRATE.REGISTER]: Registered create:polished_cut_crimsite_wall to registry ResourceKey[minecraft:root / minecraft:block]
[06Dec2025 14:08:54.967] [main/DEBUG] [com.tterrag.registrate.AbstractRegistrate/REGISTRATE.REGISTER]: Registered create:cut_crimsite_bricks to registry ResourceKey[minecraft:root / minecraft:block]
[06Dec2025 14:08:54.967] [main/DEBUG] [com.tterrag.registrate.AbstractRegistrate/REGISTRATE.REGISTER]: Registered create:cut_crimsite_brick_stairs to registry ResourceKey[minecraft:root / minecraft:block]
[06Dec2025 14:08:54.968] [main/DEBUG] [com.tterrag.registrate.AbstractRegistrate/REGISTRATE.REGISTER]: Registered create:cut_crimsite_brick_slab to registry ResourceKey[minecraft:root / minecraft:block]
[06Dec2025 14:08:54.970] [main/DEBUG] [com.tterrag.registrate.AbstractRegistrate/REGISTRATE.REGISTER]: Registered create:cut_crimsite_brick_wall to registry ResourceKey[minecraft:root / minecraft:block]
[06Dec2025 14:08:54.971] [main/DEBUG] [com.tterrag.registrate.AbstractRegistrate/REGISTRATE.REGISTER]: Registered create:small_crimsite_bricks to registry ResourceKey[minecraft:root / minecraft:block]
[06Dec2025 14:08:54.971] [main/DEBUG] [com.tterrag.registrate.AbstractRegistrate/REGISTRATE.REGISTER]: Registered create:small_crimsite_brick_stairs to registry ResourceKey[minecraft:root / minecraft:block]
[06Dec2025 14:08:54.971] [main/DEBUG] [com.tterrag.registrate.AbstractRegistrate/REGISTRATE.REGISTER]: Registered create:small_crimsite_brick_slab to registry ResourceKey[minecraft:root / minecraft:block]
[06Dec2025 14:08:54.974] [main/DEBUG] [com.tterrag.registrate.AbstractRegistrate/REGISTRATE.REGISTER]: Registered create:small_crimsite_brick_wall to registry ResourceKey[minecraft:root / minecraft:block]
[06Dec2025 14:08:54.974] [main/DEBUG] [com.tterrag.registrate.AbstractRegistrate/REGISTRATE.REGISTER]: Registered create:layered_crimsite to registry ResourceKey[minecraft:root / minecraft:block]
[06Dec2025 14:08:54.974] [main/DEBUG] [com.tterrag.registrate.AbstractRegistrate/REGISTRATE.REGISTER]: Registered create:crimsite_pillar to registry ResourceKey[minecraft:root / minecraft:block]
[06Dec2025 14:08:54.974] [main/DEBUG] [com.tterrag.registrate.AbstractRegistrate/REGISTRATE.REGISTER]: Registered create:limestone to registry ResourceKey[minecraft:root / minecraft:block]
[06Dec2025 14:08:54.974] [main/DEBUG] [com.tterrag.registrate.AbstractRegistrate/REGISTRATE.REGISTER]: Registered create:cut_limestone to registry ResourceKey[minecraft:root / minecraft:block]
[06Dec2025 14:08:54.975] [main/DEBUG] [com.tterrag.registrate.AbstractRegistrate/REGISTRATE.REGISTER]: Registered create:cut_limestone_stairs to registry ResourceKey[minecraft:root / minecraft:block]
[06Dec2025 14:08:54.975] [main/DEBUG] [com.tterrag.registrate.AbstractRegistrate/REGISTRATE.REGISTER]: Registered create:cut_limestone_slab to registry ResourceKey[minecraft:root / minecraft:block]
[06Dec2025 14:08:54.977] [main/DEBUG] [com.tterrag.registrate.AbstractRegistrate/REGISTRATE.REGISTER]: Registered create:cut_limestone_wall to registry ResourceKey[minecraft:root / minecraft:block]
[06Dec2025 14:08:54.978] [main/DEBUG] [com.tterrag.registrate.AbstractRegistrate/REGISTRATE.REGISTER]: Registered create:polished_cut_limestone to registry ResourceKey[minecraft:root / minecraft:block]
[06Dec2025 14:08:54.978] [main/DEBUG] [com.tterrag.registrate.AbstractRegistrate/REGISTRATE.REGISTER]: Registered create:polished_cut_limestone_stairs to registry ResourceKey[minecraft:root / minecraft:block]
[06Dec2025 14:08:54.978] [main/DEBUG] [com.tterrag.registrate.AbstractRegistrate/REGISTRATE.REGISTER]: Registered create:polished_cut_limestone_slab to registry ResourceKey[minecraft:root / minecraft:block]
[06Dec2025 14:08:54.981] [main/DEBUG] [com.tterrag.registrate.AbstractRegistrate/REGISTRATE.REGISTER]: Registered create:polished_cut_limestone_wall to registry ResourceKey[minecraft:root / minecraft:block]
[06Dec2025 14:08:54.981] [main/DEBUG] [com.tterrag.registrate.AbstractRegistrate/REGISTRATE.REGISTER]: Registered create:cut_limestone_bricks to registry ResourceKey[minecraft:root / minecraft:block]
[06Dec2025 14:08:54.981] [main/DEBUG] [com.tterrag.registrate.AbstractRegistrate/REGISTRATE.REGISTER]: Registered create:cut_limestone_brick_stairs to registry ResourceKey[minecraft:root / minecraft:block]
[06Dec2025 14:08:54.981] [main/DEBUG] [com.tterrag.registrate.AbstractRegistrate/REGISTRATE.REGISTER]: Registered create:cut_limestone_brick_slab to registry ResourceKey[minecraft:root / minecraft:block]
[06Dec2025 14:08:54.984] [main/DEBUG] [com.tterrag.registrate.AbstractRegistrate/REGISTRATE.REGISTER]: Registered create:cut_limestone_brick_wall to registry ResourceKey[minecraft:root / minecraft:block]
[06Dec2025 14:08:54.984] [main/DEBUG] [com.tterrag.registrate.AbstractRegistrate/REGISTRATE.REGISTER]: Registered create:small_limestone_bricks to registry ResourceKey[minecraft:root / minecraft:block]
[06Dec2025 14:08:54.984] [main/DEBUG] [com.tterrag.registrate.AbstractRegistrate/REGISTRATE.REGISTER]: Registered create:small_limestone_brick_stairs to registry ResourceKey[minecraft:root / minecraft:block]
[06Dec2025 14:08:54.984] [main/DEBUG] [com.tterrag.registrate.AbstractRegistrate/REGISTRATE.REGISTER]: Registered create:small_limestone_brick_slab to registry ResourceKey[minecraft:root / minecraft:block]
[06Dec2025 14:08:54.987] [main/DEBUG] [com.tterrag.registrate.AbstractRegistrate/REGISTRATE.REGISTER]: Registered create:small_limestone_brick_wall to registry ResourceKey[minecraft:root / minecraft:block]
[06Dec2025 14:08:54.987] [main/DEBUG] [com.tterrag.registrate.AbstractRegistrate/REGISTRATE.REGISTER]: Registered create:layered_limestone to registry ResourceKey[minecraft:root / minecraft:block]
[06Dec2025 14:08:54.987] [main/DEBUG] [com.tterrag.registrate.AbstractRegistrate/REGISTRATE.REGISTER]: Registered create:limestone_pillar to registry ResourceKey[minecraft:root / minecraft:block]
[06Dec2025 14:08:54.987] [main/DEBUG] [com.tterrag.registrate.AbstractRegistrate/REGISTRATE.REGISTER]: Registered create:ochrum to registry ResourceKey[minecraft:root / minecraft:block]
[06Dec2025 14:08:54.987] [main/DEBUG] [com.tterrag.registrate.AbstractRegistrate/REGISTRATE.REGISTER]: Registered create:cut_ochrum to registry ResourceKey[minecraft:root / minecraft:block]
[06Dec2025 14:08:54.988] [main/DEBUG] [com.tterrag.registrate.AbstractRegistrate/REGISTRATE.REGISTER]: Registered create:cut_ochrum_stairs to registry ResourceKey[minecraft:root / minecraft:block]
[06Dec2025 14:08:54.988] [main/DEBUG] [com.tterrag.registrate.AbstractRegistrate/REGISTRATE.REGISTER]: Registered create:cut_ochrum_slab to registry ResourceKey[minecraft:root / minecraft:block]
[06Dec2025 14:08:54.992] [main/DEBUG] [com.tterrag.registrate.AbstractRegistrate/REGISTRATE.REGISTER]: Registered create:cut_ochrum_wall to registry ResourceKey[minecraft:root / minecraft:block]
[06Dec2025 14:08:54.992] [main/DEBUG] [com.tterrag.registrate.AbstractRegistrate/REGISTRATE.REGISTER]: Registered create:polished_cut_ochrum to registry ResourceKey[minecraft:root / minecraft:block]
[06Dec2025 14:08:54.993] [main/DEBUG] [com.tterrag.registrate.AbstractRegistrate/REGISTRATE.REGISTER]: Registered create:polished_cut_ochrum_stairs to registry ResourceKey[minecraft:root / minecraft:block]
[06Dec2025 14:08:54.993] [main/DEBUG] [com.tterrag.registrate.AbstractRegistrate/REGISTRATE.REGISTER]: Registered create:polished_cut_ochrum_slab to registry ResourceKey[minecraft:root / minecraft:block]
[06Dec2025 14:08:54.996] [main/DEBUG] [com.tterrag.registrate.AbstractRegistrate/REGISTRATE.REGISTER]: Registered create:polished_cut_ochrum_wall to registry ResourceKey[minecraft:root / minecraft:block]
[06Dec2025 14:08:54.996] [main/DEBUG] [com.tterrag.registrate.AbstractRegistrate/REGISTRATE.REGISTER]: Registered create:cut_ochrum_bricks to registry ResourceKey[minecraft:root / minecraft:block]
[06Dec2025 14:08:54.996] [main/DEBUG] [com.tterrag.registrate.AbstractRegistrate/REGISTRATE.REGISTER]: Registered create:cut_ochrum_brick_stairs to registry ResourceKey[minecraft:root / minecraft:block]
[06Dec2025 14:08:54.996] [main/DEBUG] [com.tterrag.registrate.AbstractRegistrate/REGISTRATE.REGISTER]: Registered create:cut_ochrum_brick_slab to registry ResourceKey[minecraft:root / minecraft:block]
[06Dec2025 14:08:54.999] [main/DEBUG] [com.tterrag.registrate.AbstractRegistrate/REGISTRATE.REGISTER]: Registered create:cut_ochrum_brick_wall to registry ResourceKey[minecraft:root / minecraft:block]
[06Dec2025 14:08:54.999] [main/DEBUG] [com.tterrag.registrate.AbstractRegistrate/REGISTRATE.REGISTER]: Registered create:small_ochrum_bricks to registry ResourceKey[minecraft:root / minecraft:block]
[06Dec2025 14:08:54.999] [main/DEBUG] [com.tterrag.registrate.AbstractRegistrate/REGISTRATE.REGISTER]: Registered create:small_ochrum_brick_stairs to registry ResourceKey[minecraft:root / minecraft:block]
[06Dec2025 14:08:54.999] [main/DEBUG] [com.tterrag.registrate.AbstractRegistrate/REGISTRATE.REGISTER]: Registered create:small_ochrum_brick_slab to registry ResourceKey[minecraft:root / minecraft:block]
[06Dec2025 14:08:55.002] [main/DEBUG] [com.tterrag.registrate.AbstractRegistrate/REGISTRATE.REGISTER]: Registered create:small_ochrum_brick_wall to registry ResourceKey[minecraft:root / minecraft:block]
[06Dec2025 14:08:55.003] [main/DEBUG] [com.tterrag.registrate.AbstractRegistrate/REGISTRATE.REGISTER]: Registered create:layered_ochrum to registry ResourceKey[minecraft:root / minecraft:block]
[06Dec2025 14:08:55.003] [main/DEBUG] [com.tterrag.registrate.AbstractRegistrate/REGISTRATE.REGISTER]: Registered create:ochrum_pillar to registry ResourceKey[minecraft:root / minecraft:block]
[06Dec2025 14:08:55.003] [main/DEBUG] [com.tterrag.registrate.AbstractRegistrate/REGISTRATE.REGISTER]: Registered create:scoria to registry ResourceKey[minecraft:root / minecraft:block]
[06Dec2025 14:08:55.003] [main/DEBUG] [com.tterrag.registrate.AbstractRegistrate/REGISTRATE.REGISTER]: Registered create:cut_scoria to registry ResourceKey[minecraft:root / minecraft:block]
[06Dec2025 14:08:55.003] [main/DEBUG] [com.tterrag.registrate.AbstractRegistrate/REGISTRATE.REGISTER]: Registered create:cut_scoria_stairs to registry ResourceKey[minecraft:root / minecraft:block]
[06Dec2025 14:08:55.003] [main/DEBUG] [com.tterrag.registrate.AbstractRegistrate/REGISTRATE.REGISTER]: Registered create:cut_scoria_slab to registry ResourceKey[minecraft:root / minecraft:block]
[06Dec2025 14:08:55.006] [main/DEBUG] [com.tterrag.registrate.AbstractRegistrate/REGISTRATE.REGISTER]: Registered create:cut_scoria_wall to registry ResourceKey[minecraft:root / minecraft:block]
[06Dec2025 14:08:55.006] [main/DEBUG] [com.tterrag.registrate.AbstractRegistrate/REGISTRATE.REGISTER]: Registered create:polished_cut_scoria to registry ResourceKey[minecraft:root / minecraft:block]
[06Dec2025 14:08:55.007] [main/DEBUG] [com.tterrag.registrate.AbstractRegistrate/REGISTRATE.REGISTER]: Registered create:polished_cut_scoria_stairs to registry ResourceKey[minecraft:root / minecraft:block]
[06Dec2025 14:08:55.007] [main/DEBUG] [com.tterrag.registrate.AbstractRegistrate/REGISTRATE.REGISTER]: Registered create:polished_cut_scoria_slab to registry ResourceKey[minecraft:root / minecraft:block]
[06Dec2025 14:08:55.010] [main/DEBUG] [com.tterrag.registrate.AbstractRegistrate/REGISTRATE.REGISTER]: Registered create:polished_cut_scoria_wall to registry ResourceKey[minecraft:root / minecraft:block]
[06Dec2025 14:08:55.010] [main/DEBUG] [com.tterrag.registrate.AbstractRegistrate/REGISTRATE.REGISTER]: Registered create:cut_scoria_bricks to registry ResourceKey[minecraft:root / minecraft:block]
[06Dec2025 14:08:55.010] [main/DEBUG] [com.tterrag.registrate.AbstractRegistrate/REGISTRATE.REGISTER]: Registered create:cut_scoria_brick_stairs to registry ResourceKey[minecraft:root / minecraft:block]
[06Dec2025 14:08:55.010] [main/DEBUG] [com.tterrag.registrate.AbstractRegistrate/REGISTRATE.REGISTER]: Registered create:cut_scoria_brick_slab to registry ResourceKey[minecraft:root / minecraft:block]
[06Dec2025 14:08:55.013] [main/DEBUG] [com.tterrag.registrate.AbstractRegistrate/REGISTRATE.REGISTER]: Registered create:cut_scoria_brick_wall to registry ResourceKey[minecraft:root / minecraft:block]
[06Dec2025 14:08:55.013] [main/DEBUG] [com.tterrag.registrate.AbstractRegistrate/REGISTRATE.REGISTER]: Registered create:small_scoria_bricks to registry ResourceKey[minecraft:root / minecraft:block]
[06Dec2025 14:08:55.014] [main/DEBUG] [com.tterrag.registrate.AbstractRegistrate/REGISTRATE.REGISTER]: Registered create:small_scoria_brick_stairs to registry ResourceKey[minecraft:root / minecraft:block]
[06Dec2025 14:08:55.014] [main/DEBUG] [com.tterrag.registrate.AbstractRegistrate/REGISTRATE.REGISTER]: Registered create:small_scoria_brick_slab to registry ResourceKey[minecraft:root / minecraft:block]
[06Dec2025 14:08:55.017] [main/DEBUG] [com.tterrag.registrate.AbstractRegistrate/REGISTRATE.REGISTER]: Registered create:small_scoria_brick_wall to registry ResourceKey[minecraft:root / minecraft:block]
[06Dec2025 14:08:55.017] [main/DEBUG] [com.tterrag.registrate.AbstractRegistrate/REGISTRATE.REGISTER]: Registered create:layered_scoria to registry ResourceKey[minecraft:root / minecraft:block]
[06Dec2025 14:08:55.017] [main/DEBUG] [com.tterrag.registrate.AbstractRegistrate/REGISTRATE.REGISTER]: Registered create:scoria_pillar to registry ResourceKey[minecraft:root / minecraft:block]
[06Dec2025 14:08:55.017] [main/DEBUG] [com.tterrag.registrate.AbstractRegistrate/REGISTRATE.REGISTER]: Registered create:scorchia to registry ResourceKey[minecraft:root / minecraft:block]
[06Dec2025 14:08:55.017] [main/DEBUG] [com.tterrag.registrate.AbstractRegistrate/REGISTRATE.REGISTER]: Registered create:cut_scorchia to registry ResourceKey[minecraft:root / minecraft:block]
[06Dec2025 14:08:55.018] [main/DEBUG] [com.tterrag.registrate.AbstractRegistrate/REGISTRATE.REGISTER]: Registered create:cut_scorchia_stairs to registry ResourceKey[minecraft:root / minecraft:block]
[06Dec2025 14:08:55.018] [main/DEBUG] [com.tterrag.registrate.AbstractRegistrate/REGISTRATE.REGISTER]: Registered create:cut_scorchia_slab to registry ResourceKey[minecraft:root / minecraft:block]
[06Dec2025 14:08:55.021] [main/DEBUG] [com.tterrag.registrate.AbstractRegistrate/REGISTRATE.REGISTER]: Registered create:cut_scorchia_wall to registry ResourceKey[minecraft:root / minecraft:block]
[06Dec2025 14:08:55.021] [main/DEBUG] [com.tterrag.registrate.AbstractRegistrate/REGISTRATE.REGISTER]: Registered create:polished_cut_scorchia to registry ResourceKey[minecraft:root / minecraft:block]
[06Dec2025 14:08:55.021] [main/DEBUG] [com.tterrag.registrate.AbstractRegistrate/REGISTRATE.REGISTER]: Registered create:polished_cut_scorchia_stairs to registry ResourceKey[minecraft:root / minecraft:block]
[06Dec2025 14:08:55.021] [main/DEBUG] [com.tterrag.registrate.AbstractRegistrate/REGISTRATE.REGISTER]: Registered create:polished_cut_scorchia_slab to registry ResourceKey[minecraft:root / minecraft:block]
[06Dec2025 14:08:55.024] [main/DEBUG] [com.tterrag.registrate.AbstractRegistrate/REGISTRATE.REGISTER]: Registered create:polished_cut_scorchia_wall to registry ResourceKey[minecraft:root / minecraft:block]
[06Dec2025 14:08:55.024] [main/DEBUG] [com.tterrag.registrate.AbstractRegistrate/REGISTRATE.REGISTER]: Registered create:cut_scorchia_bricks to registry ResourceKey[minecraft:root / minecraft:block]
[06Dec2025 14:08:55.024] [main/DEBUG] [com.tterrag.registrate.AbstractRegistrate/REGISTRATE.REGISTER]: Registered create:cut_scorchia_brick_stairs to registry ResourceKey[minecraft:root / minecraft:block]
[06Dec2025 14:08:55.024] [main/DEBUG] [com.tterrag.registrate.AbstractRegistrate/REGISTRATE.REGISTER]: Registered create:cut_scorchia_brick_slab to registry ResourceKey[minecraft:root / minecraft:block]
[06Dec2025 14:08:55.027] [main/DEBUG] [com.tterrag.registrate.AbstractRegistrate/REGISTRATE.REGISTER]: Registered create:cut_scorchia_brick_wall to registry ResourceKey[minecraft:root / minecraft:block]
[06Dec2025 14:08:55.027] [main/DEBUG] [com.tterrag.registrate.AbstractRegistrate/REGISTRATE.REGISTER]: Registered create:small_scorchia_bricks to registry ResourceKey[minecraft:root / minecraft:block]
[06Dec2025 14:08:55.028] [main/DEBUG] [com.tterrag.registrate.AbstractRegistrate/REGISTRATE.REGISTER]: Registered create:small_scorchia_brick_stairs to registry ResourceKey[minecraft:root / minecraft:block]
[06Dec2025 14:08:55.028] [main/DEBUG] [com.tterrag.registrate.AbstractRegistrate/REGISTRATE.REGISTER]: Registered create:small_scorchia_brick_slab to registry ResourceKey[minecraft:root / minecraft:block]
[06Dec2025 14:08:55.031] [main/DEBUG] [com.tterrag.registrate.AbstractRegistrate/REGISTRATE.REGISTER]: Registered create:small_scorchia_brick_wall to registry ResourceKey[minecraft:root / minecraft:block]
[06Dec2025 14:08:55.031] [main/DEBUG] [com.tterrag.registrate.AbstractRegistrate/REGISTRATE.REGISTER]: Registered create:layered_scorchia to registry ResourceKey[minecraft:root / minecraft:block]
[06Dec2025 14:08:55.031] [main/DEBUG] [com.tterrag.registrate.AbstractRegistrate/REGISTRATE.REGISTER]: Registered create:scorchia_pillar to registry ResourceKey[minecraft:root / minecraft:block]
[06Dec2025 14:08:55.031] [main/DEBUG] [com.tterrag.registrate.AbstractRegistrate/REGISTRATE.REGISTER]: Registered create:veridium to registry ResourceKey[minecraft:root / minecraft:block]
[06Dec2025 14:08:55.031] [main/DEBUG] [com.tterrag.registrate.AbstractRegistrate/REGISTRATE.REGISTER]: Registered create:cut_veridium to registry ResourceKey[minecraft:root / minecraft:block]
[06Dec2025 14:08:55.031] [main/DEBUG] [com.tterrag.registrate.AbstractRegistrate/REGISTRATE.REGISTER]: Registered create:cut_veridium_stairs to registry ResourceKey[minecraft:root / minecraft:block]
[06Dec2025 14:08:55.031] [main/DEBUG] [com.tterrag.registrate.AbstractRegistrate/REGISTRATE.REGISTER]: Registered create:cut_veridium_slab to registry ResourceKey[minecraft:root / minecraft:block]
[06Dec2025 14:08:55.034] [main/DEBUG] [com.tterrag.registrate.AbstractRegistrate/REGISTRATE.REGISTER]: Registered create:cut_veridium_wall to registry ResourceKey[minecraft:root / minecraft:block]
[06Dec2025 14:08:55.034] [main/DEBUG] [com.tterrag.registrate.AbstractRegistrate/REGISTRATE.REGISTER]: Registered create:polished_cut_veridium to registry ResourceKey[minecraft:root / minecraft:block]
[06Dec2025 14:08:55.034] [main/DEBUG] [com.tterrag.registrate.AbstractRegistrate/REGISTRATE.REGISTER]: Registered create:polished_cut_veridium_stairs to registry ResourceKey[minecraft:root / minecraft:block]
[06Dec2025 14:08:55.034] [main/DEBUG] [com.tterrag.registrate.AbstractRegistrate/REGISTRATE.REGISTER]: Registered create:polished_cut_veridium_slab to registry ResourceKey[minecraft:root / minecraft:block]
[06Dec2025 14:08:55.045] [main/DEBUG] [com.tterrag.registrate.AbstractRegistrate/REGISTRATE.REGISTER]: Registered create:polished_cut_veridium_wall to registry ResourceKey[minecraft:root / minecraft:block]
[06Dec2025 14:08:55.045] [main/DEBUG] [com.tterrag.registrate.AbstractRegistrate/REGISTRATE.REGISTER]: Registered create:cut_veridium_bricks to registry ResourceKey[minecraft:root / minecraft:block]
[06Dec2025 14:08:55.046] [main/DEBUG] [com.tterrag.registrate.AbstractRegistrate/REGISTRATE.REGISTER]: Registered create:cut_veridium_brick_stairs to registry ResourceKey[minecraft:root / minecraft:block]
[06Dec2025 14:08:55.046] [main/DEBUG] [com.tterrag.registrate.AbstractRegistrate/REGISTRATE.REGISTER]: Registered create:cut_veridium_brick_slab to registry ResourceKey[minecraft:root / minecraft:block]
[06Dec2025 14:08:55.049] [main/DEBUG] [com.tterrag.registrate.AbstractRegistrate/REGISTRATE.REGISTER]: Registered create:cut_veridium_brick_wall to registry ResourceKey[minecraft:root / minecraft:block]
[06Dec2025 14:08:55.049] [main/DEBUG] [com.tterrag.registrate.AbstractRegistrate/REGISTRATE.REGISTER]: Registered create:small_veridium_bricks to registry ResourceKey[minecraft:root / minecraft:block]
[06Dec2025 14:08:55.049] [main/DEBUG] [com.tterrag.registrate.AbstractRegistrate/REGISTRATE.REGISTER]: Registered create:small_veridium_brick_stairs to registry ResourceKey[minecraft:root / minecraft:block]
[06Dec2025 14:08:55.049] [main/DEBUG] [com.tterrag.registrate.AbstractRegistrate/REGISTRATE.REGISTER]: Registered create:small_veridium_brick_slab to registry ResourceKey[minecraft:root / minecraft:block]
[06Dec2025 14:08:55.053] [main/DEBUG] [com.tterrag.registrate.AbstractRegistrate/REGISTRATE.REGISTER]: Registered create:small_veridium_brick_wall to registry ResourceKey[minecraft:root / minecraft:block]
[06Dec2025 14:08:55.053] [main/DEBUG] [com.tterrag.registrate.AbstractRegistrate/REGISTRATE.REGISTER]: Registered create:layered_veridium to registry ResourceKey[minecraft:root / minecraft:block]
[06Dec2025 14:08:55.053] [main/DEBUG] [com.tterrag.registrate.AbstractRegistrate/REGISTRATE.REGISTER]: Registered create:veridium_pillar to registry ResourceKey[minecraft:root / minecraft:block]
[06Dec2025 14:08:55.054] [main/DEBUG] [net.minecraftforge.registries.GameData/REGISTRIES]: Applying holder lookups: minecraft:block
[06Dec2025 14:08:55.055] [main/DEBUG] [net.minecraftforge.registries.GameData/REGISTRIES]: Holder lookups applied: minecraft:block
[06Dec2025 14:08:55.055] [main/DEBUG] [net.minecraftforge.registries.GameData/REGISTRIES]: Applying holder lookups: minecraft:attribute
[06Dec2025 14:08:55.056] [main/DEBUG] [net.minecraftforge.registries.GameData/REGISTRIES]: Holder lookups applied: minecraft:attribute
[06Dec2025 14:08:55.056] [main/DEBUG] [net.minecraftforge.registries.GameData/REGISTRIES]: Applying holder lookups: minecraft:mob_effect
[06Dec2025 14:08:55.056] [main/DEBUG] [net.minecraftforge.registries.GameData/REGISTRIES]: Holder lookups applied: minecraft:mob_effect
[06Dec2025 14:08:55.060] [main/DEBUG] [net.minecraftforge.registries.GameData/REGISTRIES]: Applying holder lookups: minecraft:particle_type
[06Dec2025 14:08:55.061] [main/DEBUG] [net.minecraftforge.registries.GameData/REGISTRIES]: Holder lookups applied: minecraft:particle_type
[06Dec2025 14:08:55.064] [main/DEBUG] [software.bernie.geckolib.GeckoLib/]: Registered SyncedAnimatable for class software.bernie.example.item.JackInTheBoxItem
[06Dec2025 14:08:55.065] [main/DEBUG] [com.tterrag.registrate.AbstractRegistrate/REGISTRATE.REGISTER]: Registering 699 known objects of type minecraft:item
[06Dec2025 14:08:55.067] [main/DEBUG] [com.tterrag.registrate.AbstractRegistrate/REGISTRATE.REGISTER]: Registered create:schematicannon to registry ResourceKey[minecraft:root / minecraft:item]
[06Dec2025 14:08:55.067] [main/DEBUG] [com.tterrag.registrate.AbstractRegistrate/REGISTRATE.REGISTER]: Registered create:schematic_table to registry ResourceKey[minecraft:root / minecraft:item]
[06Dec2025 14:08:55.067] [main/DEBUG] [com.tterrag.registrate.AbstractRegistrate/REGISTRATE.REGISTER]: Registered create:shaft to registry ResourceKey[minecraft:root / minecraft:item]
[06Dec2025 14:08:55.068] [main/DEBUG] [com.tterrag.registrate.AbstractRegistrate/REGISTRATE.REGISTER]: Registered create:cogwheel to registry ResourceKey[minecraft:root / minecraft:item]
[06Dec2025 14:08:55.068] [main/DEBUG] [com.tterrag.registrate.AbstractRegistrate/REGISTRATE.REGISTER]: Registered create:large_cogwheel to registry ResourceKey[minecraft:root / minecraft:item]
[06Dec2025 14:08:55.068] [main/DEBUG] [com.tterrag.registrate.AbstractRegistrate/REGISTRATE.REGISTER]: Registered create:andesite_encased_shaft to registry ResourceKey[minecraft:root / minecraft:item]
[06Dec2025 14:08:55.068] [main/DEBUG] [com.tterrag.registrate.AbstractRegistrate/REGISTRATE.REGISTER]: Registered create:brass_encased_shaft to registry ResourceKey[minecraft:root / minecraft:item]
[06Dec2025 14:08:55.068] [main/DEBUG] [com.tterrag.registrate.AbstractRegistrate/REGISTRATE.REGISTER]: Registered create:andesite_encased_cogwheel to registry ResourceKey[minecraft:root / minecraft:item]
[06Dec2025 14:08:55.068] [main/DEBUG] [com.tterrag.registrate.AbstractRegistrate/REGISTRATE.REGISTER]: Registered create:brass_encased_cogwheel to registry ResourceKey[minecraft:root / minecraft:item]
[06Dec2025 14:08:55.068] [main/DEBUG] [com.tterrag.registrate.AbstractRegistrate/REGISTRATE.REGISTER]: Registered create:andesite_encased_large_cogwheel to registry ResourceKey[minecraft:root / minecraft:item]
[06Dec2025 14:08:55.068] [main/DEBUG] [com.tterrag.registrate.AbstractRegistrate/REGISTRATE.REGISTER]: Registered create:brass_encased_large_cogwheel to registry ResourceKey[minecraft:root / minecraft:item]
[06Dec2025 14:08:55.068] [main/DEBUG] [com.tterrag.registrate.AbstractRegistrate/REGISTRATE.REGISTER]: Registered create:gearbox to registry ResourceKey[minecraft:root / minecraft:item]
[06Dec2025 14:08:55.068] [main/DEBUG] [com.tterrag.registrate.AbstractRegistrate/REGISTRATE.REGISTER]: Registered create:clutch to registry ResourceKey[minecraft:root / minecraft:item]
[06Dec2025 14:08:55.068] [main/DEBUG] [com.tterrag.registrate.AbstractRegistrate/REGISTRATE.REGISTER]: Registered create:gearshift to registry ResourceKey[minecraft:root / minecraft:item]
[06Dec2025 14:08:55.068] [main/DEBUG] [com.tterrag.registrate.AbstractRegistrate/REGISTRATE.REGISTER]: Registered create:encased_chain_drive to registry ResourceKey[minecraft:root / minecraft:item]
[06Dec2025 14:08:55.068] [main/DEBUG] [com.tterrag.registrate.AbstractRegistrate/REGISTRATE.REGISTER]: Registered create:adjustable_chain_gearshift to registry ResourceKey[minecraft:root / minecraft:item]
[06Dec2025 14:08:55.068] [main/DEBUG] [com.tterrag.registrate.AbstractRegistrate/REGISTRATE.REGISTER]: Registered create:chain_conveyor to registry ResourceKey[minecraft:root / minecraft:item]
[06Dec2025 14:08:55.068] [main/DEBUG] [com.tterrag.registrate.AbstractRegistrate/REGISTRATE.REGISTER]: Registered create:creative_motor to registry ResourceKey[minecraft:root / minecraft:item]
[06Dec2025 14:08:55.068] [main/DEBUG] [com.tterrag.registrate.AbstractRegistrate/REGISTRATE.REGISTER]: Registered create:water_wheel to registry ResourceKey[minecraft:root / minecraft:item]
[06Dec2025 14:08:55.068] [main/DEBUG] [com.tterrag.registrate.AbstractRegistrate/REGISTRATE.REGISTER]: Registered create:large_water_wheel to registry ResourceKey[minecraft:root / minecraft:item]
[06Dec2025 14:08:55.068] [main/DEBUG] [com.tterrag.registrate.AbstractRegistrate/REGISTRATE.REGISTER]: Registered create:encased_fan to registry ResourceKey[minecraft:root / minecraft:item]
[06Dec2025 14:08:55.068] [main/DEBUG] [com.tterrag.registrate.AbstractRegistrate/REGISTRATE.REGISTER]: Registered create:nozzle to registry ResourceKey[minecraft:root / minecraft:item]
[06Dec2025 14:08:55.068] [main/DEBUG] [com.tterrag.registrate.AbstractRegistrate/REGISTRATE.REGISTER]: Registered create:turntable to registry ResourceKey[minecraft:root / minecraft:item]
[06Dec2025 14:08:55.069] [main/DEBUG] [com.tterrag.registrate.AbstractRegistrate/REGISTRATE.REGISTER]: Registered create:hand_crank to registry ResourceKey[minecraft:root / minecraft:item]
[06Dec2025 14:08:55.069] [main/DEBUG] [com.tterrag.registrate.AbstractRegistrate/REGISTRATE.REGISTER]: Registered create:cuckoo_clock to registry ResourceKey[minecraft:root / minecraft:item]
[06Dec2025 14:08:55.069] [main/DEBUG] [com.tterrag.registrate.AbstractRegistrate/REGISTRATE.REGISTER]: Registered create:mysterious_cuckoo_clock to registry ResourceKey[minecraft:root / minecraft:item]
[06Dec2025 14:08:55.069] [main/DEBUG] [com.tterrag.registrate.AbstractRegistrate/REGISTRATE.REGISTER]: Registered create:millstone to registry ResourceKey[minecraft:root / minecraft:item]
[06Dec2025 14:08:55.069] [main/DEBUG] [com.tterrag.registrate.AbstractRegistrate/REGISTRATE.REGISTER]: Registered create:crushing_wheel to registry ResourceKey[minecraft:root / minecraft:item]
[06Dec2025 14:08:55.069] [main/DEBUG] [com.tterrag.registrate.AbstractRegistrate/REGISTRATE.REGISTER]: Registered create:mechanical_press to registry ResourceKey[minecraft:root / minecraft:item]
[06Dec2025 14:08:55.069] [main/DEBUG] [com.tterrag.registrate.AbstractRegistrate/REGISTRATE.REGISTER]: Registered create:mechanical_mixer to registry ResourceKey[minecraft:root / minecraft:item]
[06Dec2025 14:08:55.069] [main/DEBUG] [com.tterrag.registrate.AbstractRegistrate/REGISTRATE.REGISTER]: Registered create:basin to registry ResourceKey[minecraft:root / minecraft:item]
[06Dec2025 14:08:55.069] [main/DEBUG] [com.tterrag.registrate.AbstractRegistrate/REGISTRATE.REGISTER]: Registered create:blaze_burner to registry ResourceKey[minecraft:root / minecraft:item]
[06Dec2025 14:08:55.069] [main/DEBUG] [com.tterrag.registrate.AbstractRegistrate/REGISTRATE.REGISTER]: Registered create:depot to registry ResourceKey[minecraft:root / minecraft:item]
[06Dec2025 14:08:55.069] [main/DEBUG] [com.tterrag.registrate.AbstractRegistrate/REGISTRATE.REGISTER]: Registered create:weighted_ejector to registry ResourceKey[minecraft:root / minecraft:item]
[06Dec2025 14:08:55.069] [main/DEBUG] [com.tterrag.registrate.AbstractRegistrate/REGISTRATE.REGISTER]: Registered create:chute to registry ResourceKey[minecraft:root / minecraft:item]
[06Dec2025 14:08:55.069] [main/DEBUG] [com.tterrag.registrate.AbstractRegistrate/REGISTRATE.REGISTER]: Registered create:smart_chute to registry ResourceKey[minecraft:root / minecraft:item]
[06Dec2025 14:08:55.069] [main/DEBUG] [com.tterrag.registrate.AbstractRegistrate/REGISTRATE.REGISTER]: Registered create:speedometer to registry ResourceKey[minecraft:root / minecraft:item]
[06Dec2025 14:08:55.069] [main/DEBUG] [com.tterrag.registrate.AbstractRegistrate/REGISTRATE.REGISTER]: Registered create:stressometer to registry ResourceKey[minecraft:root / minecraft:item]
[06Dec2025 14:08:55.069] [main/DEBUG] [com.tterrag.registrate.AbstractRegistrate/REGISTRATE.REGISTER]: Registered create:wooden_bracket to registry ResourceKey[minecraft:root / minecraft:item]
[06Dec2025 14:08:55.069] [main/DEBUG] [com.tterrag.registrate.AbstractRegistrate/REGISTRATE.REGISTER]: Registered create:metal_bracket to registry ResourceKey[minecraft:root / minecraft:item]
[06Dec2025 14:08:55.069] [main/DEBUG] [com.tterrag.registrate.AbstractRegistrate/REGISTRATE.REGISTER]: Registered create:fluid_pipe to registry ResourceKey[minecraft:root / minecraft:item]
[06Dec2025 14:08:55.069] [main/DEBUG] [com.tterrag.registrate.AbstractRegistrate/REGISTRATE.REGISTER]: Registered create:mechanical_pump to registry ResourceKey[minecraft:root / minecraft:item]
[06Dec2025 14:08:55.069] [main/DEBUG] [com.tterrag.registrate.AbstractRegistrate/REGISTRATE.REGISTER]: Registered create:smart_fluid_pipe to registry ResourceKey[minecraft:root / minecraft:item]
[06Dec2025 14:08:55.069] [main/DEBUG] [com.tterrag.registrate.AbstractRegistrate/REGISTRATE.REGISTER]: Registered create:fluid_valve to registry ResourceKey[minecraft:root / minecraft:item]
[06Dec2025 14:08:55.069] [main/DEBUG] [com.tterrag.registrate.AbstractRegistrate/REGISTRATE.REGISTER]: Registered create:copper_valve_handle to registry ResourceKey[minecraft:root / minecraft:item]
[06Dec2025 14:08:55.069] [main/DEBUG] [com.tterrag.registrate.AbstractRegistrate/REGISTRATE.REGISTER]: Registered create:white_valve_handle to registry ResourceKey[minecraft:root / minecraft:item]
[06Dec2025 14:08:55.069] [main/DEBUG] [com.tterrag.registrate.AbstractRegistrate/REGISTRATE.REGISTER]: Registered create:orange_valve_handle to registry ResourceKey[minecraft:root / minecraft:item]
[06Dec2025 14:08:55.069] [main/DEBUG] [com.tterrag.registrate.AbstractRegistrate/REGISTRATE.REGISTER]: Registered create:magenta_valve_handle to registry ResourceKey[minecraft:root / minecraft:item]
[06Dec2025 14:08:55.069] [main/DEBUG] [com.tterrag.registrate.AbstractRegistrate/REGISTRATE.REGISTER]: Registered create:light_blue_valve_handle to registry ResourceKey[minecraft:root / minecraft:item]
[06Dec2025 14:08:55.069] [main/DEBUG] [com.tterrag.registrate.AbstractRegistrate/REGISTRATE.REGISTER]: Registered create:yellow_valve_handle to registry ResourceKey[minecraft:root / minecraft:item]
[06Dec2025 14:08:55.069] [main/DEBUG] [com.tterrag.registrate.AbstractRegistrate/REGISTRATE.REGISTER]: Registered create:lime_valve_handle to registry ResourceKey[minecraft:root / minecraft:item]
[06Dec2025 14:08:55.069] [main/DEBUG] [com.tterrag.registrate.AbstractRegistrate/REGISTRATE.REGISTER]: Registered create:pink_valve_handle to registry ResourceKey[minecraft:root / minecraft:item]
[06Dec2025 14:08:55.069] [main/DEBUG] [com.tterrag.registrate.AbstractRegistrate/REGISTRATE.REGISTER]: Registered create:gray_valve_handle to registry ResourceKey[minecraft:root / minecraft:item]
[06Dec2025 14:08:55.069] [main/DEBUG] [com.tterrag.registrate.AbstractRegistrate/REGISTRATE.REGISTER]: Registered create:light_gray_valve_handle to registry ResourceKey[minecraft:root / minecraft:item]
[06Dec2025 14:08:55.069] [main/DEBUG] [com.tterrag.registrate.AbstractRegistrate/REGISTRATE.REGISTER]: Registered create:cyan_valve_handle to registry ResourceKey[minecraft:root / minecraft:item]
[06Dec2025 14:08:55.069] [main/DEBUG] [com.tterrag.registrate.AbstractRegistrate/REGISTRATE.REGISTER]: Registered create:purple_valve_handle to registry ResourceKey[minecraft:root / minecraft:item]
[06Dec2025 14:08:55.069] [main/DEBUG] [com.tterrag.registrate.AbstractRegistrate/REGISTRATE.REGISTER]: Registered create:blue_valve_handle to registry ResourceKey[minecraft:root / minecraft:item]
[06Dec2025 14:08:55.069] [main/DEBUG] [com.tterrag.registrate.AbstractRegistrate/REGISTRATE.REGISTER]: Registered create:brown_valve_handle to registry ResourceKey[minecraft:root / minecraft:item]
[06Dec2025 14:08:55.069] [main/DEBUG] [com.tterrag.registrate.AbstractRegistrate/REGISTRATE.REGISTER]: Registered create:green_valve_handle to registry ResourceKey[minecraft:root / minecraft:item]
[06Dec2025 14:08:55.069] [main/DEBUG] [com.tterrag.registrate.AbstractRegistrate/REGISTRATE.REGISTER]: Registered create:red_valve_handle to registry ResourceKey[minecraft:root / minecraft:item]
[06Dec2025 14:08:55.069] [main/DEBUG] [com.tterrag.registrate.AbstractRegistrate/REGISTRATE.REGISTER]: Registered create:black_valve_handle to registry ResourceKey[minecraft:root / minecraft:item]
[06Dec2025 14:08:55.069] [main/DEBUG] [com.tterrag.registrate.AbstractRegistrate/REGISTRATE.REGISTER]: Registered create:fluid_tank to registry ResourceKey[minecraft:root / minecraft:item]
[06Dec2025 14:08:55.069] [main/DEBUG] [com.tterrag.registrate.AbstractRegistrate/REGISTRATE.REGISTER]: Registered create:creative_fluid_tank to registry ResourceKey[minecraft:root / minecraft:item]
[06Dec2025 14:08:55.069] [main/DEBUG] [com.tterrag.registrate.AbstractRegistrate/REGISTRATE.REGISTER]: Registered create:hose_pulley to registry ResourceKey[minecraft:root / minecraft:item]
[06Dec2025 14:08:55.069] [main/DEBUG] [com.tterrag.registrate.AbstractRegistrate/REGISTRATE.REGISTER]: Registered create:item_drain to registry ResourceKey[minecraft:root / minecraft:item]
[06Dec2025 14:08:55.069] [main/DEBUG] [com.tterrag.registrate.AbstractRegistrate/REGISTRATE.REGISTER]: Registered create:spout to registry ResourceKey[minecraft:root / minecraft:item]
[06Dec2025 14:08:55.069] [main/DEBUG] [com.tterrag.registrate.AbstractRegistrate/REGISTRATE.REGISTER]: Registered create:portable_fluid_interface to registry ResourceKey[minecraft:root / minecraft:item]
[06Dec2025 14:08:55.069] [main/DEBUG] [com.tterrag.registrate.AbstractRegistrate/REGISTRATE.REGISTER]: Registered create:steam_engine to registry ResourceKey[minecraft:root / minecraft:item]
[06Dec2025 14:08:55.069] [main/DEBUG] [com.tterrag.registrate.AbstractRegistrate/REGISTRATE.REGISTER]: Registered create:steam_whistle to registry ResourceKey[minecraft:root / minecraft:item]
[06Dec2025 14:08:55.069] [main/DEBUG] [com.tterrag.registrate.AbstractRegistrate/REGISTRATE.REGISTER]: Registered create:mechanical_piston to registry ResourceKey[minecraft:root / minecraft:item]
[06Dec2025 14:08:55.069] [main/DEBUG] [com.tterrag.registrate.AbstractRegistrate/REGISTRATE.REGISTER]: Registered create:sticky_mechanical_piston to registry ResourceKey[minecraft:root / minecraft:item]
[06Dec2025 14:08:55.069] [main/DEBUG] [com.tterrag.registrate.AbstractRegistrate/REGISTRATE.REGISTER]: Registered create:piston_extension_pole to registry ResourceKey[minecraft:root / minecraft:item]
[06Dec2025 14:08:55.069] [main/DEBUG] [com.tterrag.registrate.AbstractRegistrate/REGISTRATE.REGISTER]: Registered create:gantry_carriage to registry ResourceKey[minecraft:root / minecraft:item]
[06Dec2025 14:08:55.069] [main/DEBUG] [com.tterrag.registrate.AbstractRegistrate/REGISTRATE.REGISTER]: Registered create:gantry_shaft to registry ResourceKey[minecraft:root / minecraft:item]
[06Dec2025 14:08:55.069] [main/DEBUG] [com.tterrag.registrate.AbstractRegistrate/REGISTRATE.REGISTER]: Registered create:windmill_bearing to registry ResourceKey[minecraft:root / minecraft:item]
[06Dec2025 14:08:55.069] [main/DEBUG] [com.tterrag.registrate.AbstractRegistrate/REGISTRATE.REGISTER]: Registered create:mechanical_bearing to registry ResourceKey[minecraft:root / minecraft:item]
[06Dec2025 14:08:55.069] [main/DEBUG] [com.tterrag.registrate.AbstractRegistrate/REGISTRATE.REGISTER]: Registered create:clockwork_bearing to registry ResourceKey[minecraft:root / minecraft:item]
[06Dec2025 14:08:55.069] [main/DEBUG] [com.tterrag.registrate.AbstractRegistrate/REGISTRATE.REGISTER]: Registered create:rope_pulley to registry ResourceKey[minecraft:root / minecraft:item]
[06Dec2025 14:08:55.069] [main/DEBUG] [com.tterrag.registrate.AbstractRegistrate/REGISTRATE.REGISTER]: Registered create:elevator_pulley to registry ResourceKey[minecraft:root / minecraft:item]
[06Dec2025 14:08:55.069] [main/DEBUG] [com.tterrag.registrate.AbstractRegistrate/REGISTRATE.REGISTER]: Registered create:cart_assembler to registry ResourceKey[minecraft:root / minecraft:item]
[06Dec2025 14:08:55.069] [main/DEBUG] [com.tterrag.registrate.AbstractRegistrate/REGISTRATE.REGISTER]: Registered create:controller_rail to registry ResourceKey[minecraft:root / minecraft:item]
[06Dec2025 14:08:55.069] [main/DEBUG] [com.tterrag.registrate.AbstractRegistrate/REGISTRATE.REGISTER]: Registered create:linear_chassis to registry ResourceKey[minecraft:root / minecraft:item]
[06Dec2025 14:08:55.069] [main/DEBUG] [com.tterrag.registrate.AbstractRegistrate/REGISTRATE.REGISTER]: Registered create:secondary_linear_chassis to registry ResourceKey[minecraft:root / minecraft:item]
[06Dec2025 14:08:55.069] [main/DEBUG] [com.tterrag.registrate.AbstractRegistrate/REGISTRATE.REGISTER]: Registered create:radial_chassis to registry ResourceKey[minecraft:root / minecraft:item]
[06Dec2025 14:08:55.069] [main/DEBUG] [com.tterrag.registrate.AbstractRegistrate/REGISTRATE.REGISTER]: Registered create:sticker to registry ResourceKey[minecraft:root / minecraft:item]
[06Dec2025 14:08:55.069] [main/DEBUG] [com.tterrag.registrate.AbstractRegistrate/REGISTRATE.REGISTER]: Registered create:contraption_controls to registry ResourceKey[minecraft:root / minecraft:item]
[06Dec2025 14:08:55.069] [main/DEBUG] [com.tterrag.registrate.AbstractRegistrate/REGISTRATE.REGISTER]: Registered create:mechanical_drill to registry ResourceKey[minecraft:root / minecraft:item]
[06Dec2025 14:08:55.069] [main/DEBUG] [com.tterrag.registrate.AbstractRegistrate/REGISTRATE.REGISTER]: Registered create:mechanical_saw to registry ResourceKey[minecraft:root / minecraft:item]
[06Dec2025 14:08:55.069] [main/DEBUG] [com.tterrag.registrate.AbstractRegistrate/REGISTRATE.REGISTER]: Registered create:deployer to registry ResourceKey[minecraft:root / minecraft:item]
[06Dec2025 14:08:55.069] [main/DEBUG] [com.tterrag.registrate.AbstractRegistrate/REGISTRATE.REGISTER]: Registered create:portable_storage_interface to registry ResourceKey[minecraft:root / minecraft:item]
[06Dec2025 14:08:55.069] [main/DEBUG] [com.tterrag.registrate.AbstractRegistrate/REGISTRATE.REGISTER]: Registered create:redstone_contact to registry ResourceKey[minecraft:root / minecraft:item]
[06Dec2025 14:08:55.070] [main/DEBUG] [com.tterrag.registrate.AbstractRegistrate/REGISTRATE.REGISTER]: Registered create:elevator_contact to registry ResourceKey[minecraft:root / minecraft:item]
[06Dec2025 14:08:55.070] [main/DEBUG] [com.tterrag.registrate.AbstractRegistrate/REGISTRATE.REGISTER]: Registered create:mechanical_harvester to registry ResourceKey[minecraft:root / minecraft:item]
[06Dec2025 14:08:55.070] [main/DEBUG] [com.tterrag.registrate.AbstractRegistrate/REGISTRATE.REGISTER]: Registered create:mechanical_plough to registry ResourceKey[minecraft:root / minecraft:item]
[06Dec2025 14:08:55.070] [main/DEBUG] [com.tterrag.registrate.AbstractRegistrate/REGISTRATE.REGISTER]: Registered create:mechanical_roller to registry ResourceKey[minecraft:root / minecraft:item]
[06Dec2025 14:08:55.070] [main/DEBUG] [com.tterrag.registrate.AbstractRegistrate/REGISTRATE.REGISTER]: Registered create:sail_frame to registry ResourceKey[minecraft:root / minecraft:item]
[06Dec2025 14:08:55.070] [main/DEBUG] [com.tterrag.registrate.AbstractRegistrate/REGISTRATE.REGISTER]: Registered create:white_sail to registry ResourceKey[minecraft:root / minecraft:item]
[06Dec2025 14:08:55.070] [main/DEBUG] [com.tterrag.registrate.AbstractRegistrate/REGISTRATE.REGISTER]: Registered create:andesite_casing to registry ResourceKey[minecraft:root / minecraft:item]
[06Dec2025 14:08:55.070] [main/DEBUG] [com.tterrag.registrate.AbstractRegistrate/REGISTRATE.REGISTER]: Registered create:brass_casing to registry ResourceKey[minecraft:root / minecraft:item]
[06Dec2025 14:08:55.070] [main/DEBUG] [com.tterrag.registrate.AbstractRegistrate/REGISTRATE.REGISTER]: Registered create:copper_casing to registry ResourceKey[minecraft:root / minecraft:item]
[06Dec2025 14:08:55.070] [main/DEBUG] [com.tterrag.registrate.AbstractRegistrate/REGISTRATE.REGISTER]: Registered create:shadow_steel_casing to registry ResourceKey[minecraft:root / minecraft:item]
[06Dec2025 14:08:55.070] [main/DEBUG] [com.tterrag.registrate.AbstractRegistrate/REGISTRATE.REGISTER]: Registered create:refined_radiance_casing to registry ResourceKey[minecraft:root / minecraft:item]
[06Dec2025 14:08:55.070] [main/DEBUG] [com.tterrag.registrate.AbstractRegistrate/REGISTRATE.REGISTER]: Registered create:mechanical_crafter to registry ResourceKey[minecraft:root / minecraft:item]
[06Dec2025 14:08:55.070] [main/DEBUG] [com.tterrag.registrate.AbstractRegistrate/REGISTRATE.REGISTER]: Registered create:sequenced_gearshift to registry ResourceKey[minecraft:root / minecraft:item]
[06Dec2025 14:08:55.070] [main/DEBUG] [com.tterrag.registrate.AbstractRegistrate/REGISTRATE.REGISTER]: Registered create:flywheel to registry ResourceKey[minecraft:root / minecraft:item]
[06Dec2025 14:08:55.070] [main/DEBUG] [com.tterrag.registrate.AbstractRegistrate/REGISTRATE.REGISTER]: Registered create:rotation_speed_controller to registry ResourceKey[minecraft:root / minecraft:item]
[06Dec2025 14:08:55.070] [main/DEBUG] [com.tterrag.registrate.AbstractRegistrate/REGISTRATE.REGISTER]: Registered create:mechanical_arm to registry ResourceKey[minecraft:root / minecraft:item]
[06Dec2025 14:08:55.070] [main/DEBUG] [com.tterrag.registrate.AbstractRegistrate/REGISTRATE.REGISTER]: Registered create:track to registry ResourceKey[minecraft:root / minecraft:item]
[06Dec2025 14:08:55.070] [main/DEBUG] [com.tterrag.registrate.AbstractRegistrate/REGISTRATE.REGISTER]: Registered create:railway_casing to registry ResourceKey[minecraft:root / minecraft:item]
[06Dec2025 14:08:55.070] [main/DEBUG] [com.tterrag.registrate.AbstractRegistrate/REGISTRATE.REGISTER]: Registered create:track_station to registry ResourceKey[minecraft:root / minecraft:item]
[06Dec2025 14:08:55.070] [main/DEBUG] [com.tterrag.registrate.AbstractRegistrate/REGISTRATE.REGISTER]: Registered create:track_signal to registry ResourceKey[minecraft:root / minecraft:item]
[06Dec2025 14:08:55.070] [main/DEBUG] [com.tterrag.registrate.AbstractRegistrate/REGISTRATE.REGISTER]: Registered create:track_observer to registry ResourceKey[minecraft:root / minecraft:item]
[06Dec2025 14:08:55.070] [main/DEBUG] [com.tterrag.registrate.AbstractRegistrate/REGISTRATE.REGISTER]: Registered create:controls to registry ResourceKey[minecraft:root / minecraft:item]
[06Dec2025 14:08:55.070] [main/DEBUG] [com.tterrag.registrate.AbstractRegistrate/REGISTRATE.REGISTER]: Registered create:andesite_funnel to registry ResourceKey[minecraft:root / minecraft:item]
[06Dec2025 14:08:55.070] [main/DEBUG] [com.tterrag.registrate.AbstractRegistrate/REGISTRATE.REGISTER]: Registered create:brass_funnel to registry ResourceKey[minecraft:root / minecraft:item]
[06Dec2025 14:08:55.070] [main/DEBUG] [com.tterrag.registrate.AbstractRegistrate/REGISTRATE.REGISTER]: Registered create:andesite_tunnel to registry ResourceKey[minecraft:root / minecraft:item]
[06Dec2025 14:08:55.070] [main/DEBUG] [com.tterrag.registrate.AbstractRegistrate/REGISTRATE.REGISTER]: Registered create:brass_tunnel to registry ResourceKey[minecraft:root / minecraft:item]
[06Dec2025 14:08:55.070] [main/DEBUG] [com.tterrag.registrate.AbstractRegistrate/REGISTRATE.REGISTER]: Registered create:content_observer to registry ResourceKey[minecraft:root / minecraft:item]
[06Dec2025 14:08:55.070] [main/DEBUG] [com.tterrag.registrate.AbstractRegistrate/REGISTRATE.REGISTER]: Registered create:stockpile_switch to registry ResourceKey[minecraft:root / minecraft:item]
[06Dec2025 14:08:55.070] [main/DEBUG] [com.tterrag.registrate.AbstractRegistrate/REGISTRATE.REGISTER]: Registered create:creative_crate to registry ResourceKey[minecraft:root / minecraft:item]
[06Dec2025 14:08:55.070] [main/DEBUG] [com.tterrag.registrate.AbstractRegistrate/REGISTRATE.REGISTER]: Registered create:item_vault to registry ResourceKey[minecraft:root / minecraft:item]
[06Dec2025 14:08:55.070] [main/DEBUG] [com.tterrag.registrate.AbstractRegistrate/REGISTRATE.REGISTER]: Registered create:item_hatch to registry ResourceKey[minecraft:root / minecraft:item]
[06Dec2025 14:08:55.070] [main/DEBUG] [com.tterrag.registrate.AbstractRegistrate/REGISTRATE.REGISTER]: Registered create:packager to registry ResourceKey[minecraft:root / minecraft:item]
[06Dec2025 14:08:55.070] [main/DEBUG] [com.tterrag.registrate.AbstractRegistrate/REGISTRATE.REGISTER]: Registered create:repackager to registry ResourceKey[minecraft:root / minecraft:item]
[06Dec2025 14:08:55.070] [main/DEBUG] [com.tterrag.registrate.AbstractRegistrate/REGISTRATE.REGISTER]: Registered create:package_frogport to registry ResourceKey[minecraft:root / minecraft:item]
[06Dec2025 14:08:55.070] [main/DEBUG] [com.tterrag.registrate.AbstractRegistrate/REGISTRATE.REGISTER]: Registered create:white_postbox to registry ResourceKey[minecraft:root / minecraft:item]
[06Dec2025 14:08:55.070] [main/DEBUG] [com.tterrag.registrate.AbstractRegistrate/REGISTRATE.REGISTER]: Registered create:orange_postbox to registry ResourceKey[minecraft:root / minecraft:item]
[06Dec2025 14:08:55.070] [main/DEBUG] [com.tterrag.registrate.AbstractRegistrate/REGISTRATE.REGISTER]: Registered create:magenta_postbox to registry ResourceKey[minecraft:root / minecraft:item]
[06Dec2025 14:08:55.070] [main/DEBUG] [com.tterrag.registrate.AbstractRegistrate/REGISTRATE.REGISTER]: Registered create:light_blue_postbox to registry ResourceKey[minecraft:root / minecraft:item]
[06Dec2025 14:08:55.070] [main/DEBUG] [com.tterrag.registrate.AbstractRegistrate/REGISTRATE.REGISTER]: Registered create:yellow_postbox to registry ResourceKey[minecraft:root / minecraft:item]
[06Dec2025 14:08:55.070] [main/DEBUG] [com.tterrag.registrate.AbstractRegistrate/REGISTRATE.REGISTER]: Registered create:lime_postbox to registry ResourceKey[minecraft:root / minecraft:item]
[06Dec2025 14:08:55.070] [main/DEBUG] [com.tterrag.registrate.AbstractRegistrate/REGISTRATE.REGISTER]: Registered create:pink_postbox to registry ResourceKey[minecraft:root / minecraft:item]
[06Dec2025 14:08:55.070] [main/DEBUG] [com.tterrag.registrate.AbstractRegistrate/REGISTRATE.REGISTER]: Registered create:gray_postbox to registry ResourceKey[minecraft:root / minecraft:item]
[06Dec2025 14:08:55.070] [main/DEBUG] [com.tterrag.registrate.AbstractRegistrate/REGISTRATE.REGISTER]: Registered create:light_gray_postbox to registry ResourceKey[minecraft:root / minecraft:item]
[06Dec2025 14:08:55.070] [main/DEBUG] [com.tterrag.registrate.AbstractRegistrate/REGISTRATE.REGISTER]: Registered create:cyan_postbox to registry ResourceKey[minecraft:root / minecraft:item]
[06Dec2025 14:08:55.070] [main/DEBUG] [com.tterrag.registrate.AbstractRegistrate/REGISTRATE.REGISTER]: Registered create:purple_postbox to registry ResourceKey[minecraft:root / minecraft:item]
[06Dec2025 14:08:55.070] [main/DEBUG] [com.tterrag.registrate.AbstractRegistrate/REGISTRATE.REGISTER]: Registered create:blue_postbox to registry ResourceKey[minecraft:root / minecraft:item]
[06Dec2025 14:08:55.070] [main/DEBUG] [com.tterrag.registrate.AbstractRegistrate/REGISTRATE.REGISTER]: Registered create:brown_postbox to registry ResourceKey[minecraft:root / minecraft:item]
[06Dec2025 14:08:55.071] [main/DEBUG] [com.tterrag.registrate.AbstractRegistrate/REGISTRATE.REGISTER]: Registered create:green_postbox to registry ResourceKey[minecraft:root / minecraft:item]
[06Dec2025 14:08:55.071] [main/DEBUG] [com.tterrag.registrate.AbstractRegistrate/REGISTRATE.REGISTER]: Registered create:red_postbox to registry ResourceKey[minecraft:root / minecraft:item]
[06Dec2025 14:08:55.071] [main/DEBUG] [com.tterrag.registrate.AbstractRegistrate/REGISTRATE.REGISTER]: Registered create:black_postbox to registry ResourceKey[minecraft:root / minecraft:item]
[06Dec2025 14:08:55.071] [main/DEBUG] [com.tterrag.registrate.AbstractRegistrate/REGISTRATE.REGISTER]: Registered create:stock_link to registry ResourceKey[minecraft:root / minecraft:item]
[06Dec2025 14:08:55.071] [main/DEBUG] [com.tterrag.registrate.AbstractRegistrate/REGISTRATE.REGISTER]: Registered create:stock_ticker to registry ResourceKey[minecraft:root / minecraft:item]
[06Dec2025 14:08:55.071] [main/DEBUG] [com.tterrag.registrate.AbstractRegistrate/REGISTRATE.REGISTER]: Registered create:redstone_requester to registry ResourceKey[minecraft:root / minecraft:item]
[06Dec2025 14:08:55.071] [main/DEBUG] [com.tterrag.registrate.AbstractRegistrate/REGISTRATE.REGISTER]: Registered create:factory_gauge to registry ResourceKey[minecraft:root / minecraft:item]
[06Dec2025 14:08:55.071] [main/DEBUG] [com.tterrag.registrate.AbstractRegistrate/REGISTRATE.REGISTER]: Registered create:white_table_cloth to registry ResourceKey[minecraft:root / minecraft:item]
[06Dec2025 14:08:55.071] [main/DEBUG] [com.tterrag.registrate.AbstractRegistrate/REGISTRATE.REGISTER]: Registered create:orange_table_cloth to registry ResourceKey[minecraft:root / minecraft:item]
[06Dec2025 14:08:55.071] [main/DEBUG] [com.tterrag.registrate.AbstractRegistrate/REGISTRATE.REGISTER]: Registered create:magenta_table_cloth to registry ResourceKey[minecraft:root / minecraft:item]
[06Dec2025 14:08:55.071] [main/DEBUG] [com.tterrag.registrate.AbstractRegistrate/REGISTRATE.REGISTER]: Registered create:light_blue_table_cloth to registry ResourceKey[minecraft:root / minecraft:item]
[06Dec2025 14:08:55.071] [main/DEBUG] [com.tterrag.registrate.AbstractRegistrate/REGISTRATE.REGISTER]: Registered create:yellow_table_cloth to registry ResourceKey[minecraft:root / minecraft:item]
[06Dec2025 14:08:55.071] [main/DEBUG] [com.tterrag.registrate.AbstractRegistrate/REGISTRATE.REGISTER]: Registered create:lime_table_cloth to registry ResourceKey[minecraft:root / minecraft:item]
[06Dec2025 14:08:55.071] [main/DEBUG] [com.tterrag.registrate.AbstractRegistrate/REGISTRATE.REGISTER]: Registered create:pink_table_cloth to registry ResourceKey[minecraft:root / minecraft:item]
[06Dec2025 14:08:55.071] [main/DEBUG] [com.tterrag.registrate.AbstractRegistrate/REGISTRATE.REGISTER]: Registered create:gray_table_cloth to registry ResourceKey[minecraft:root / minecraft:item]
[06Dec2025 14:08:55.071] [main/DEBUG] [com.tterrag.registrate.AbstractRegistrate/REGISTRATE.REGISTER]: Registered create:light_gray_table_cloth to registry ResourceKey[minecraft:root / minecraft:item]
[06Dec2025 14:08:55.071] [main/DEBUG] [com.tterrag.registrate.AbstractRegistrate/REGISTRATE.REGISTER]: Registered create:cyan_table_cloth to registry ResourceKey[minecraft:root / minecraft:item]
[06Dec2025 14:08:55.071] [main/DEBUG] [com.tterrag.registrate.AbstractRegistrate/REGISTRATE.REGISTER]: Registered create:purple_table_cloth to registry ResourceKey[minecraft:root / minecraft:item]
[06Dec2025 14:08:55.071] [main/DEBUG] [com.tterrag.registrate.AbstractRegistrate/REGISTRATE.REGISTER]: Registered create:blue_table_cloth to registry ResourceKey[minecraft:root / minecraft:item]
[06Dec2025 14:08:55.071] [main/DEBUG] [com.tterrag.registrate.AbstractRegistrate/REGISTRATE.REGISTER]: Registered create:brown_table_cloth to registry ResourceKey[minecraft:root / minecraft:item]
[06Dec2025 14:08:55.071] [main/DEBUG] [com.tterrag.registrate.AbstractRegistrate/REGISTRATE.REGISTER]: Registered create:green_table_cloth to registry ResourceKey[minecraft:root / minecraft:item]
[06Dec2025 14:08:55.071] [main/DEBUG] [com.tterrag.registrate.AbstractRegistrate/REGISTRATE.REGISTER]: Registered create:red_table_cloth to registry ResourceKey[minecraft:root / minecraft:item]
[06Dec2025 14:08:55.071] [main/DEBUG] [com.tterrag.registrate.AbstractRegistrate/REGISTRATE.REGISTER]: Registered create:black_table_cloth to registry ResourceKey[minecraft:root / minecraft:item]
[06Dec2025 14:08:55.071] [main/DEBUG] [com.tterrag.registrate.AbstractRegistrate/REGISTRATE.REGISTER]: Registered create:andesite_table_cloth to registry ResourceKey[minecraft:root / minecraft:item]
[06Dec2025 14:08:55.071] [main/DEBUG] [com.tterrag.registrate.AbstractRegistrate/REGISTRATE.REGISTER]: Registered create:brass_table_cloth to registry ResourceKey[minecraft:root / minecraft:item]
[06Dec2025 14:08:55.071] [main/DEBUG] [com.tterrag.registrate.AbstractRegistrate/REGISTRATE.REGISTER]: Registered create:copper_table_cloth to registry ResourceKey[minecraft:root / minecraft:item]
[06Dec2025 14:08:55.071] [main/DEBUG] [com.tterrag.registrate.AbstractRegistrate/REGISTRATE.REGISTER]: Registered create:display_link to registry ResourceKey[minecraft:root / minecraft:item]
[06Dec2025 14:08:55.071] [main/DEBUG] [com.tterrag.registrate.AbstractRegistrate/REGISTRATE.REGISTER]: Registered create:display_board to registry ResourceKey[minecraft:root / minecraft:item]
[06Dec2025 14:08:55.071] [main/DEBUG] [com.tterrag.registrate.AbstractRegistrate/REGISTRATE.REGISTER]: Registered create:nixie_tube to registry ResourceKey[minecraft:root / minecraft:item]
[06Dec2025 14:08:55.071] [main/DEBUG] [com.tterrag.registrate.AbstractRegistrate/REGISTRATE.REGISTER]: Registered create:rose_quartz_lamp to registry ResourceKey[minecraft:root / minecraft:item]
[06Dec2025 14:08:55.071] [main/DEBUG] [com.tterrag.registrate.AbstractRegistrate/REGISTRATE.REGISTER]: Registered create:redstone_link to registry ResourceKey[minecraft:root / minecraft:item]
[06Dec2025 14:08:55.071] [main/DEBUG] [com.tterrag.registrate.AbstractRegistrate/REGISTRATE.REGISTER]: Registered create:analog_lever to registry ResourceKey[minecraft:root / minecraft:item]
[06Dec2025 14:08:55.071] [main/DEBUG] [com.tterrag.registrate.AbstractRegistrate/REGISTRATE.REGISTER]: Registered create:placard to registry ResourceKey[minecraft:root / minecraft:item]
[06Dec2025 14:08:55.071] [main/DEBUG] [com.tterrag.registrate.AbstractRegistrate/REGISTRATE.REGISTER]: Registered create:pulse_repeater to registry ResourceKey[minecraft:root / minecraft:item]
[06Dec2025 14:08:55.071] [main/DEBUG] [com.tterrag.registrate.AbstractRegistrate/REGISTRATE.REGISTER]: Registered create:pulse_extender to registry ResourceKey[minecraft:root / minecraft:item]
[06Dec2025 14:08:55.071] [main/DEBUG] [com.tterrag.registrate.AbstractRegistrate/REGISTRATE.REGISTER]: Registered create:pulse_timer to registry ResourceKey[minecraft:root / minecraft:item]
[06Dec2025 14:08:55.071] [main/DEBUG] [com.tterrag.registrate.AbstractRegistrate/REGISTRATE.REGISTER]: Registered create:powered_latch to registry ResourceKey[minecraft:root / minecraft:item]
[06Dec2025 14:08:55.071] [main/DEBUG] [com.tterrag.registrate.AbstractRegistrate/REGISTRATE.REGISTER]: Registered create:powered_toggle_latch to registry ResourceKey[minecraft:root / minecraft:item]
[06Dec2025 14:08:55.071] [main/DEBUG] [com.tterrag.registrate.AbstractRegistrate/REGISTRATE.REGISTER]: Registered create:wheat_flour to registry ResourceKey[minecraft:root / minecraft:item]
[06Dec2025 14:08:55.071] [main/DEBUG] [com.tterrag.registrate.AbstractRegistrate/REGISTRATE.REGISTER]: Registered create:dough to registry ResourceKey[minecraft:root / minecraft:item]
[06Dec2025 14:08:55.071] [main/DEBUG] [com.tterrag.registrate.AbstractRegistrate/REGISTRATE.REGISTER]: Registered create:cinder_flour to registry ResourceKey[minecraft:root / minecraft:item]
[06Dec2025 14:08:55.071] [main/DEBUG] [com.tterrag.registrate.AbstractRegistrate/REGISTRATE.REGISTER]: Registered create:rose_quartz to registry ResourceKey[minecraft:root / minecraft:item]
[06Dec2025 14:08:55.071] [main/DEBUG] [com.tterrag.registrate.AbstractRegistrate/REGISTRATE.REGISTER]: Registered create:polished_rose_quartz to registry ResourceKey[minecraft:root / minecraft:item]
[06Dec2025 14:08:55.071] [main/DEBUG] [com.tterrag.registrate.AbstractRegistrate/REGISTRATE.REGISTER]: Registered create:powdered_obsidian to registry ResourceKey[minecraft:root / minecraft:item]
[06Dec2025 14:08:55.071] [main/DEBUG] [com.tterrag.registrate.AbstractRegistrate/REGISTRATE.REGISTER]: Registered create:sturdy_sheet to registry ResourceKey[minecraft:root / minecraft:item]
[06Dec2025 14:08:55.071] [main/DEBUG] [com.tterrag.registrate.AbstractRegistrate/REGISTRATE.REGISTER]: Registered create:propeller to registry ResourceKey[minecraft:root / minecraft:item]
[06Dec2025 14:08:55.071] [main/DEBUG] [com.tterrag.registrate.AbstractRegistrate/REGISTRATE.REGISTER]: Registered create:whisk to registry ResourceKey[minecraft:root / minecraft:item]
[06Dec2025 14:08:55.071] [main/DEBUG] [com.tterrag.registrate.AbstractRegistrate/REGISTRATE.REGISTER]: Registered create:brass_hand to registry ResourceKey[minecraft:root / minecraft:item]
[06Dec2025 14:08:55.071] [main/DEBUG] [com.tterrag.registrate.AbstractRegistrate/REGISTRATE.REGISTER]: Registered create:crafter_slot_cover to registry ResourceKey[minecraft:root / minecraft:item]
[06Dec2025 14:08:55.071] [main/DEBUG] [com.tterrag.registrate.AbstractRegistrate/REGISTRATE.REGISTER]: Registered create:electron_tube to registry ResourceKey[minecraft:root / minecraft:item]
[06Dec2025 14:08:55.071] [main/DEBUG] [com.tterrag.registrate.AbstractRegistrate/REGISTRATE.REGISTER]: Registered create:transmitter to registry ResourceKey[minecraft:root / minecraft:item]
[06Dec2025 14:08:55.071] [main/DEBUG] [com.tterrag.registrate.AbstractRegistrate/REGISTRATE.REGISTER]: Registered create:pulp to registry ResourceKey[minecraft:root / minecraft:item]
[06Dec2025 14:08:55.071] [main/DEBUG] [com.tterrag.registrate.AbstractRegistrate/REGISTRATE.REGISTER]: Registered create:cardboard to registry ResourceKey[minecraft:root / minecraft:item]
[06Dec2025 14:08:55.071] [main/DEBUG] [com.tterrag.registrate.AbstractRegistrate/REGISTRATE.REGISTER]: Registered create:incomplete_precision_mechanism to registry ResourceKey[minecraft:root / minecraft:item]
[06Dec2025 14:08:55.071] [main/DEBUG] [com.tterrag.registrate.AbstractRegistrate/REGISTRATE.REGISTER]: Registered create:unprocessed_obsidian_sheet to registry ResourceKey[minecraft:root / minecraft:item]
[06Dec2025 14:08:55.071] [main/DEBUG] [com.tterrag.registrate.AbstractRegistrate/REGISTRATE.REGISTER]: Registered create:incomplete_track to registry ResourceKey[minecraft:root / minecraft:item]
[06Dec2025 14:08:55.071] [main/DEBUG] [com.tterrag.registrate.AbstractRegistrate/REGISTRATE.REGISTER]: Registered create:precision_mechanism to registry ResourceKey[minecraft:root / minecraft:item]
[06Dec2025 14:08:55.071] [main/DEBUG] [com.tterrag.registrate.AbstractRegistrate/REGISTRATE.REGISTER]: Registered create:blaze_cake_base to registry ResourceKey[minecraft:root / minecraft:item]
[06Dec2025 14:08:55.071] [main/DEBUG] [com.tterrag.registrate.AbstractRegistrate/REGISTRATE.REGISTER]: Registered create:blaze_cake to registry ResourceKey[minecraft:root / minecraft:item]
[06Dec2025 14:08:55.071] [main/DEBUG] [com.tterrag.registrate.AbstractRegistrate/REGISTRATE.REGISTER]: Registered create:creative_blaze_cake to registry ResourceKey[minecraft:root / minecraft:item]
[06Dec2025 14:08:55.071] [main/DEBUG] [com.tterrag.registrate.AbstractRegistrate/REGISTRATE.REGISTER]: Registered create:bar_of_chocolate to registry ResourceKey[minecraft:root / minecraft:item]
[06Dec2025 14:08:55.071] [main/DEBUG] [com.tterrag.registrate.AbstractRegistrate/REGISTRATE.REGISTER]: Registered create:sweet_roll to registry ResourceKey[minecraft:root / minecraft:item]
[06Dec2025 14:08:55.071] [main/DEBUG] [com.tterrag.registrate.AbstractRegistrate/REGISTRATE.REGISTER]: Registered create:chocolate_glazed_berries to registry ResourceKey[minecraft:root / minecraft:item]
[06Dec2025 14:08:55.071] [main/DEBUG] [com.tterrag.registrate.AbstractRegistrate/REGISTRATE.REGISTER]: Registered create:honeyed_apple to registry ResourceKey[minecraft:root / minecraft:item]
[06Dec2025 14:08:55.071] [main/DEBUG] [com.tterrag.registrate.AbstractRegistrate/REGISTRATE.REGISTER]: Registered create:builders_tea to registry ResourceKey[minecraft:root / minecraft:item]
[06Dec2025 14:08:55.072] [main/DEBUG] [com.tterrag.registrate.AbstractRegistrate/REGISTRATE.REGISTER]: Registered create:cardboard_sword to registry ResourceKey[minecraft:root / minecraft:item]
[06Dec2025 14:08:55.072] [main/DEBUG] [com.tterrag.registrate.AbstractRegistrate/REGISTRATE.REGISTER]: Registered create:raw_zinc to registry ResourceKey[minecraft:root / minecraft:item]
[06Dec2025 14:08:55.072] [main/DEBUG] [com.tterrag.registrate.AbstractRegistrate/REGISTRATE.REGISTER]: Registered create:andesite_alloy to registry ResourceKey[minecraft:root / minecraft:item]
[06Dec2025 14:08:55.072] [main/DEBUG] [com.tterrag.registrate.AbstractRegistrate/REGISTRATE.REGISTER]: Registered create:zinc_ingot to registry ResourceKey[minecraft:root / minecraft:item]
[06Dec2025 14:08:55.072] [main/DEBUG] [com.tterrag.registrate.AbstractRegistrate/REGISTRATE.REGISTER]: Registered create:brass_ingot to registry ResourceKey[minecraft:root / minecraft:item]
[06Dec2025 14:08:55.072] [main/DEBUG] [com.tterrag.registrate.AbstractRegistrate/REGISTRATE.REGISTER]: Registered create:chromatic_compound to registry ResourceKey[minecraft:root / minecraft:item]
[06Dec2025 14:08:55.072] [main/DEBUG] [com.tterrag.registrate.AbstractRegistrate/REGISTRATE.REGISTER]: Registered create:shadow_steel to registry ResourceKey[minecraft:root / minecraft:item]
[06Dec2025 14:08:55.072] [main/DEBUG] [com.tterrag.registrate.AbstractRegistrate/REGISTRATE.REGISTER]: Registered create:refined_radiance to registry ResourceKey[minecraft:root / minecraft:item]
[06Dec2025 14:08:55.072] [main/DEBUG] [com.tterrag.registrate.AbstractRegistrate/REGISTRATE.REGISTER]: Registered create:copper_nugget to registry ResourceKey[minecraft:root / minecraft:item]
[06Dec2025 14:08:55.072] [main/DEBUG] [com.tterrag.registrate.AbstractRegistrate/REGISTRATE.REGISTER]: Registered create:zinc_nugget to registry ResourceKey[minecraft:root / minecraft:item]
[06Dec2025 14:08:55.072] [main/DEBUG] [com.tterrag.registrate.AbstractRegistrate/REGISTRATE.REGISTER]: Registered create:brass_nugget to registry ResourceKey[minecraft:root / minecraft:item]
[06Dec2025 14:08:55.072] [main/DEBUG] [com.tterrag.registrate.AbstractRegistrate/REGISTRATE.REGISTER]: Registered create:experience_nugget to registry ResourceKey[minecraft:root / minecraft:item]
[06Dec2025 14:08:55.072] [main/DEBUG] [com.tterrag.registrate.AbstractRegistrate/REGISTRATE.REGISTER]: Registered create:copper_sheet to registry ResourceKey[minecraft:root / minecraft:item]
[06Dec2025 14:08:55.072] [main/DEBUG] [com.tterrag.registrate.AbstractRegistrate/REGISTRATE.REGISTER]: Registered create:brass_sheet to registry ResourceKey[minecraft:root / minecraft:item]
[06Dec2025 14:08:55.072] [main/DEBUG] [com.tterrag.registrate.AbstractRegistrate/REGISTRATE.REGISTER]: Registered create:iron_sheet to registry ResourceKey[minecraft:root / minecraft:item]
[06Dec2025 14:08:55.072] [main/DEBUG] [com.tterrag.registrate.AbstractRegistrate/REGISTRATE.REGISTER]: Registered create:golden_sheet to registry ResourceKey[minecraft:root / minecraft:item]
[06Dec2025 14:08:55.072] [main/DEBUG] [com.tterrag.registrate.AbstractRegistrate/REGISTRATE.REGISTER]: Registered create:crushed_raw_iron to registry ResourceKey[minecraft:root / minecraft:item]
[06Dec2025 14:08:55.072] [main/DEBUG] [com.tterrag.registrate.AbstractRegistrate/REGISTRATE.REGISTER]: Registered create:crushed_raw_gold to registry ResourceKey[minecraft:root / minecraft:item]
[06Dec2025 14:08:55.072] [main/DEBUG] [com.tterrag.registrate.AbstractRegistrate/REGISTRATE.REGISTER]: Registered create:crushed_raw_copper to registry ResourceKey[minecraft:root / minecraft:item]
[06Dec2025 14:08:55.072] [main/DEBUG] [com.tterrag.registrate.AbstractRegistrate/REGISTRATE.REGISTER]: Registered create:crushed_raw_zinc to registry ResourceKey[minecraft:root / minecraft:item]
[06Dec2025 14:08:55.072] [main/DEBUG] [com.tterrag.registrate.AbstractRegistrate/REGISTRATE.REGISTER]: Registered create:crushed_raw_osmium to registry ResourceKey[minecraft:root / minecraft:item]
[06Dec2025 14:08:55.072] [main/DEBUG] [com.tterrag.registrate.AbstractRegistrate/REGISTRATE.REGISTER]: Registered create:crushed_raw_platinum to registry ResourceKey[minecraft:root / minecraft:item]
[06Dec2025 14:08:55.072] [main/DEBUG] [com.tterrag.registrate.AbstractRegistrate/REGISTRATE.REGISTER]: Registered create:crushed_raw_silver to registry ResourceKey[minecraft:root / minecraft:item]
[06Dec2025 14:08:55.072] [main/DEBUG] [com.tterrag.registrate.AbstractRegistrate/REGISTRATE.REGISTER]: Registered create:crushed_raw_tin to registry ResourceKey[minecraft:root / minecraft:item]
[06Dec2025 14:08:55.072] [main/DEBUG] [com.tterrag.registrate.AbstractRegistrate/REGISTRATE.REGISTER]: Registered create:crushed_raw_lead to registry ResourceKey[minecraft:root / minecraft:item]
[06Dec2025 14:08:55.072] [main/DEBUG] [com.tterrag.registrate.AbstractRegistrate/REGISTRATE.REGISTER]: Registered create:crushed_raw_quicksilver to registry ResourceKey[minecraft:root / minecraft:item]
[06Dec2025 14:08:55.072] [main/DEBUG] [com.tterrag.registrate.AbstractRegistrate/REGISTRATE.REGISTER]: Registered create:crushed_raw_aluminum to registry ResourceKey[minecraft:root / minecraft:item]
[06Dec2025 14:08:55.072] [main/DEBUG] [com.tterrag.registrate.AbstractRegistrate/REGISTRATE.REGISTER]: Registered create:crushed_raw_uranium to registry ResourceKey[minecraft:root / minecraft:item]
[06Dec2025 14:08:55.072] [main/DEBUG] [com.tterrag.registrate.AbstractRegistrate/REGISTRATE.REGISTER]: Registered create:crushed_raw_nickel to registry ResourceKey[minecraft:root / minecraft:item]
[06Dec2025 14:08:55.072] [main/DEBUG] [com.tterrag.registrate.AbstractRegistrate/REGISTRATE.REGISTER]: Registered create:belt_connector to registry ResourceKey[minecraft:root / minecraft:item]
[06Dec2025 14:08:55.072] [main/DEBUG] [com.tterrag.registrate.AbstractRegistrate/REGISTRATE.REGISTER]: Registered create:vertical_gearbox to registry ResourceKey[minecraft:root / minecraft:item]
[06Dec2025 14:08:55.072] [main/DEBUG] [com.tterrag.registrate.AbstractRegistrate/REGISTRATE.REGISTER]: Registered create:empty_blaze_burner to registry ResourceKey[minecraft:root / minecraft:item]
[06Dec2025 14:08:55.073] [main/DEBUG] [com.tterrag.registrate.AbstractRegistrate/REGISTRATE.REGISTER]: Registered create:goggles to registry ResourceKey[minecraft:root / minecraft:item]
[06Dec2025 14:08:55.073] [main/DEBUG] [com.tterrag.registrate.AbstractRegistrate/REGISTRATE.REGISTER]: Registered create:super_glue to registry ResourceKey[minecraft:root / minecraft:item]
[06Dec2025 14:08:55.073] [main/DEBUG] [com.tterrag.registrate.AbstractRegistrate/REGISTRATE.REGISTER]: Registered create:minecart_coupling to registry ResourceKey[minecraft:root / minecraft:item]
[06Dec2025 14:08:55.073] [main/DEBUG] [com.tterrag.registrate.AbstractRegistrate/REGISTRATE.REGISTER]: Registered create:crafting_blueprint to registry ResourceKey[minecraft:root / minecraft:item]
[06Dec2025 14:08:55.073] [main/DEBUG] [com.tterrag.registrate.AbstractRegistrate/REGISTRATE.REGISTER]: Registered create:copper_backtank_placeable to registry ResourceKey[minecraft:root / minecraft:item]
[06Dec2025 14:08:55.073] [main/DEBUG] [com.tterrag.registrate.AbstractRegistrate/REGISTRATE.REGISTER]: Registered create:netherite_backtank_placeable to registry ResourceKey[minecraft:root / minecraft:item]
[06Dec2025 14:08:55.074] [main/DEBUG] [com.tterrag.registrate.AbstractRegistrate/REGISTRATE.REGISTER]: Registered create:copper_backtank to registry ResourceKey[minecraft:root / minecraft:item]
[06Dec2025 14:08:55.075] [main/INFO] [mixin/]: Mixing client.HumanoidModelMixin from create.mixins.json into net.minecraft.client.model.HumanoidModel
[06Dec2025 14:08:55.080] [main/INFO] [mixin/]: Mixing accessor.AgeableListModelAccessor from create.mixins.json into net.minecraft.client.model.AgeableListModel
[06Dec2025 14:08:55.085] [main/DEBUG] [com.tterrag.registrate.AbstractRegistrate/REGISTRATE.REGISTER]: Registered create:netherite_backtank to registry ResourceKey[minecraft:root / minecraft:item]
[06Dec2025 14:08:55.085] [main/DEBUG] [com.tterrag.registrate.AbstractRegistrate/REGISTRATE.REGISTER]: Registered create:copper_diving_helmet to registry ResourceKey[minecraft:root / minecraft:item]
[06Dec2025 14:08:55.085] [main/DEBUG] [com.tterrag.registrate.AbstractRegistrate/REGISTRATE.REGISTER]: Registered create:netherite_diving_helmet to registry ResourceKey[minecraft:root / minecraft:item]
[06Dec2025 14:08:55.086] [main/DEBUG] [com.tterrag.registrate.AbstractRegistrate/REGISTRATE.REGISTER]: Registered create:copper_diving_boots to registry ResourceKey[minecraft:root / minecraft:item]
[06Dec2025 14:08:55.086] [main/DEBUG] [com.tterrag.registrate.AbstractRegistrate/REGISTRATE.REGISTER]: Registered create:netherite_diving_boots to registry ResourceKey[minecraft:root / minecraft:item]
[06Dec2025 14:08:55.086] [main/DEBUG] [com.tterrag.registrate.AbstractRegistrate/REGISTRATE.REGISTER]: Registered create:cardboard_helmet to registry ResourceKey[minecraft:root / minecraft:item]
[06Dec2025 14:08:55.086] [main/DEBUG] [com.tterrag.registrate.AbstractRegistrate/REGISTRATE.REGISTER]: Registered create:cardboard_chestplate to registry ResourceKey[minecraft:root / minecraft:item]
[06Dec2025 14:08:55.086] [main/DEBUG] [com.tterrag.registrate.AbstractRegistrate/REGISTRATE.REGISTER]: Registered create:cardboard_leggings to registry ResourceKey[minecraft:root / minecraft:item]
[06Dec2025 14:08:55.086] [main/DEBUG] [com.tterrag.registrate.AbstractRegistrate/REGISTRATE.REGISTER]: Registered create:cardboard_boots to registry ResourceKey[minecraft:root / minecraft:item]
[06Dec2025 14:08:55.086] [main/DEBUG] [com.tterrag.registrate.AbstractRegistrate/REGISTRATE.REGISTER]: Registered create:sand_paper to registry ResourceKey[minecraft:root / minecraft:item]
[06Dec2025 14:08:55.086] [main/DEBUG] [com.tterrag.registrate.AbstractRegistrate/REGISTRATE.REGISTER]: Registered create:red_sand_paper to registry ResourceKey[minecraft:root / minecraft:item]
[06Dec2025 14:08:55.086] [main/DEBUG] [com.tterrag.registrate.AbstractRegistrate/REGISTRATE.REGISTER]: Registered create:wrench to registry ResourceKey[minecraft:root / minecraft:item]
[06Dec2025 14:08:55.086] [main/DEBUG] [com.tterrag.registrate.AbstractRegistrate/REGISTRATE.REGISTER]: Registered create:minecart_contraption to registry ResourceKey[minecraft:root / minecraft:item]
[06Dec2025 14:08:55.086] [main/DEBUG] [com.tterrag.registrate.AbstractRegistrate/REGISTRATE.REGISTER]: Registered create:furnace_minecart_contraption to registry ResourceKey[minecraft:root / minecraft:item]
[06Dec2025 14:08:55.086] [main/DEBUG] [com.tterrag.registrate.AbstractRegistrate/REGISTRATE.REGISTER]: Registered create:chest_minecart_contraption to registry ResourceKey[minecraft:root / minecraft:item]
[06Dec2025 14:08:55.086] [main/DEBUG] [com.tterrag.registrate.AbstractRegistrate/REGISTRATE.REGISTER]: Registered create:linked_controller to registry ResourceKey[minecraft:root / minecraft:item]
[06Dec2025 14:08:55.086] [main/DEBUG] [com.tterrag.registrate.AbstractRegistrate/REGISTRATE.REGISTER]: Registered create:potato_cannon to registry ResourceKey[minecraft:root / minecraft:item]
[06Dec2025 14:08:55.086] [main/DEBUG] [com.tterrag.registrate.AbstractRegistrate/REGISTRATE.REGISTER]: Registered create:extendo_grip to registry ResourceKey[minecraft:root / minecraft:item]
[06Dec2025 14:08:55.087] [main/DEBUG] [com.tterrag.registrate.AbstractRegistrate/REGISTRATE.REGISTER]: Registered create:wand_of_symmetry to registry ResourceKey[minecraft:root / minecraft:item]
[06Dec2025 14:08:55.087] [main/DEBUG] [com.tterrag.registrate.AbstractRegistrate/REGISTRATE.REGISTER]: Registered create:handheld_worldshaper to registry ResourceKey[minecraft:root / minecraft:item]
[06Dec2025 14:08:55.087] [main/DEBUG] [com.tterrag.registrate.AbstractRegistrate/REGISTRATE.REGISTER]: Registered create:tree_fertilizer to registry ResourceKey[minecraft:root / minecraft:item]
[06Dec2025 14:08:55.087] [main/DEBUG] [com.tterrag.registrate.AbstractRegistrate/REGISTRATE.REGISTER]: Registered create:cardboard_package_12x12 to registry ResourceKey[minecraft:root / minecraft:item]
[06Dec2025 14:08:55.087] [main/DEBUG] [com.tterrag.registrate.AbstractRegistrate/REGISTRATE.REGISTER]: Registered create:cardboard_package_10x12 to registry ResourceKey[minecraft:root / minecraft:item]
[06Dec2025 14:08:55.087] [main/DEBUG] [com.tterrag.registrate.AbstractRegistrate/REGISTRATE.REGISTER]: Registered create:cardboard_package_10x8 to registry ResourceKey[minecraft:root / minecraft:item]
[06Dec2025 14:08:55.087] [main/DEBUG] [com.tterrag.registrate.AbstractRegistrate/REGISTRATE.REGISTER]: Registered create:cardboard_package_12x10 to registry ResourceKey[minecraft:root / minecraft:item]
[06Dec2025 14:08:55.087] [main/DEBUG] [com.tterrag.registrate.AbstractRegistrate/REGISTRATE.REGISTER]: Registered create:rare_creeper_package to registry ResourceKey[minecraft:root / minecraft:item]
[06Dec2025 14:08:55.087] [main/DEBUG] [com.tterrag.registrate.AbstractRegistrate/REGISTRATE.REGISTER]: Registered create:rare_darcy_package to registry ResourceKey[minecraft:root / minecraft:item]
[06Dec2025 14:08:55.087] [main/DEBUG] [com.tterrag.registrate.AbstractRegistrate/REGISTRATE.REGISTER]: Registered create:rare_evan_package to registry ResourceKey[minecraft:root / minecraft:item]
[06Dec2025 14:08:55.087] [main/DEBUG] [com.tterrag.registrate.AbstractRegistrate/REGISTRATE.REGISTER]: Registered create:rare_jinx_package to registry ResourceKey[minecraft:root / minecraft:item]
[06Dec2025 14:08:55.087] [main/DEBUG] [com.tterrag.registrate.AbstractRegistrate/REGISTRATE.REGISTER]: Registered create:rare_kryppers_package to registry ResourceKey[minecraft:root / minecraft:item]
[06Dec2025 14:08:55.087] [main/DEBUG] [com.tterrag.registrate.AbstractRegistrate/REGISTRATE.REGISTER]: Registered create:rare_simi_package to registry ResourceKey[minecraft:root / minecraft:item]
[06Dec2025 14:08:55.087] [main/DEBUG] [com.tterrag.registrate.AbstractRegistrate/REGISTRATE.REGISTER]: Registered create:rare_starlotte_package to registry ResourceKey[minecraft:root / minecraft:item]
[06Dec2025 14:08:55.087] [main/DEBUG] [com.tterrag.registrate.AbstractRegistrate/REGISTRATE.REGISTER]: Registered create:rare_thunder_package to registry ResourceKey[minecraft:root / minecraft:item]
[06Dec2025 14:08:55.087] [main/DEBUG] [com.tterrag.registrate.AbstractRegistrate/REGISTRATE.REGISTER]: Registered create:rare_up_package to registry ResourceKey[minecraft:root / minecraft:item]
[06Dec2025 14:08:55.087] [main/DEBUG] [com.tterrag.registrate.AbstractRegistrate/REGISTRATE.REGISTER]: Registered create:rare_vector_package to registry ResourceKey[minecraft:root / minecraft:item]
[06Dec2025 14:08:55.087] [main/DEBUG] [com.tterrag.registrate.AbstractRegistrate/REGISTRATE.REGISTER]: Registered create:filter to registry ResourceKey[minecraft:root / minecraft:item]
[06Dec2025 14:08:55.087] [main/DEBUG] [com.tterrag.registrate.AbstractRegistrate/REGISTRATE.REGISTER]: Registered create:attribute_filter to registry ResourceKey[minecraft:root / minecraft:item]
[06Dec2025 14:08:55.087] [main/DEBUG] [com.tterrag.registrate.AbstractRegistrate/REGISTRATE.REGISTER]: Registered create:package_filter to registry ResourceKey[minecraft:root / minecraft:item]
[06Dec2025 14:08:55.087] [main/DEBUG] [com.tterrag.registrate.AbstractRegistrate/REGISTRATE.REGISTER]: Registered create:schedule to registry ResourceKey[minecraft:root / minecraft:item]
[06Dec2025 14:08:55.087] [main/DEBUG] [com.tterrag.registrate.AbstractRegistrate/REGISTRATE.REGISTER]: Registered create:shopping_list to registry ResourceKey[minecraft:root / minecraft:item]
[06Dec2025 14:08:55.087] [main/DEBUG] [com.tterrag.registrate.AbstractRegistrate/REGISTRATE.REGISTER]: Registered create:empty_schematic to registry ResourceKey[minecraft:root / minecraft:item]
[06Dec2025 14:08:55.087] [main/DEBUG] [com.tterrag.registrate.AbstractRegistrate/REGISTRATE.REGISTER]: Registered create:schematic_and_quill to registry ResourceKey[minecraft:root / minecraft:item]
[06Dec2025 14:08:55.088] [main/DEBUG] [com.tterrag.registrate.AbstractRegistrate/REGISTRATE.REGISTER]: Registered create:schematic to registry ResourceKey[minecraft:root / minecraft:item]
[06Dec2025 14:08:55.088] [main/DEBUG] [com.tterrag.registrate.AbstractRegistrate/REGISTRATE.REGISTER]: Registered create:peculiar_bell to registry ResourceKey[minecraft:root / minecraft:item]
[06Dec2025 14:08:55.088] [main/DEBUG] [com.tterrag.registrate.AbstractRegistrate/REGISTRATE.REGISTER]: Registered create:haunted_bell to registry ResourceKey[minecraft:root / minecraft:item]
[06Dec2025 14:08:55.088] [main/DEBUG] [com.tterrag.registrate.AbstractRegistrate/REGISTRATE.REGISTER]: Registered create:desk_bell to registry ResourceKey[minecraft:root / minecraft:item]
[06Dec2025 14:08:55.088] [main/DEBUG] [com.tterrag.registrate.AbstractRegistrate/REGISTRATE.REGISTER]: Registered create:white_toolbox to registry ResourceKey[minecraft:root / minecraft:item]
[06Dec2025 14:08:55.088] [main/DEBUG] [com.tterrag.registrate.AbstractRegistrate/REGISTRATE.REGISTER]: Registered create:orange_toolbox to registry ResourceKey[minecraft:root / minecraft:item]
[06Dec2025 14:08:55.088] [main/DEBUG] [com.tterrag.registrate.AbstractRegistrate/REGISTRATE.REGISTER]: Registered create:magenta_toolbox to registry ResourceKey[minecraft:root / minecraft:item]
[06Dec2025 14:08:55.088] [main/DEBUG] [com.tterrag.registrate.AbstractRegistrate/REGISTRATE.REGISTER]: Registered create:light_blue_toolbox to registry ResourceKey[minecraft:root / minecraft:item]
[06Dec2025 14:08:55.088] [main/DEBUG] [com.tterrag.registrate.AbstractRegistrate/REGISTRATE.REGISTER]: Registered create:yellow_toolbox to registry ResourceKey[minecraft:root / minecraft:item]
[06Dec2025 14:08:55.088] [main/DEBUG] [com.tterrag.registrate.AbstractRegistrate/REGISTRATE.REGISTER]: Registered create:lime_toolbox to registry ResourceKey[minecraft:root / minecraft:item]
[06Dec2025 14:08:55.088] [main/DEBUG] [com.tterrag.registrate.AbstractRegistrate/REGISTRATE.REGISTER]: Registered create:pink_toolbox to registry ResourceKey[minecraft:root / minecraft:item]
[06Dec2025 14:08:55.088] [main/DEBUG] [com.tterrag.registrate.AbstractRegistrate/REGISTRATE.REGISTER]: Registered create:gray_toolbox to registry ResourceKey[minecraft:root / minecraft:item]
[06Dec2025 14:08:55.088] [main/DEBUG] [com.tterrag.registrate.AbstractRegistrate/REGISTRATE.REGISTER]: Registered create:light_gray_toolbox to registry ResourceKey[minecraft:root / minecraft:item]
[06Dec2025 14:08:55.088] [main/DEBUG] [com.tterrag.registrate.AbstractRegistrate/REGISTRATE.REGISTER]: Registered create:cyan_toolbox to registry ResourceKey[minecraft:root / minecraft:item]
[06Dec2025 14:08:55.088] [main/DEBUG] [com.tterrag.registrate.AbstractRegistrate/REGISTRATE.REGISTER]: Registered create:purple_toolbox to registry ResourceKey[minecraft:root / minecraft:item]
[06Dec2025 14:08:55.088] [main/DEBUG] [com.tterrag.registrate.AbstractRegistrate/REGISTRATE.REGISTER]: Registered create:blue_toolbox to registry ResourceKey[minecraft:root / minecraft:item]
[06Dec2025 14:08:55.088] [main/DEBUG] [com.tterrag.registrate.AbstractRegistrate/REGISTRATE.REGISTER]: Registered create:brown_toolbox to registry ResourceKey[minecraft:root / minecraft:item]
[06Dec2025 14:08:55.088] [main/DEBUG] [com.tterrag.registrate.AbstractRegistrate/REGISTRATE.REGISTER]: Registered create:green_toolbox to registry ResourceKey[minecraft:root / minecraft:item]
[06Dec2025 14:08:55.088] [main/DEBUG] [com.tterrag.registrate.AbstractRegistrate/REGISTRATE.REGISTER]: Registered create:red_toolbox to registry ResourceKey[minecraft:root / minecraft:item]
[06Dec2025 14:08:55.088] [main/DEBUG] [com.tterrag.registrate.AbstractRegistrate/REGISTRATE.REGISTER]: Registered create:black_toolbox to registry ResourceKey[minecraft:root / minecraft:item]
[06Dec2025 14:08:55.091] [main/INFO] [mixin/]: Mixing accessor.ItemModelGeneratorsAccessor from create.mixins.json into net.minecraft.data.models.ItemModelGenerators
[06Dec2025 14:08:55.091] [main/INFO] [mixin/]: Renaming @Accessor method create$getGENERATED_TRIM_MODELS()Ljava/util/List; to create$getGENERATED_TRIM_MODELS_$md$2b47b5$0 in create.mixins.json:accessor.ItemModelGeneratorsAccessor
[06Dec2025 14:08:55.096] [main/DEBUG] [com.tterrag.registrate.AbstractRegistrate/REGISTRATE.REGISTER]: Registered create:clipboard to registry ResourceKey[minecraft:root / minecraft:item]
[06Dec2025 14:08:55.096] [main/DEBUG] [com.tterrag.registrate.AbstractRegistrate/REGISTRATE.REGISTER]: Registered create:andesite_ladder to registry ResourceKey[minecraft:root / minecraft:item]
[06Dec2025 14:08:55.096] [main/DEBUG] [com.tterrag.registrate.AbstractRegistrate/REGISTRATE.REGISTER]: Registered create:brass_ladder to registry ResourceKey[minecraft:root / minecraft:item]
[06Dec2025 14:08:55.096] [main/DEBUG] [com.tterrag.registrate.AbstractRegistrate/REGISTRATE.REGISTER]: Registered create:copper_ladder to registry ResourceKey[minecraft:root / minecraft:item]
[06Dec2025 14:08:55.096] [main/DEBUG] [com.tterrag.registrate.AbstractRegistrate/REGISTRATE.REGISTER]: Registered create:andesite_bars to registry ResourceKey[minecraft:root / minecraft:item]
[06Dec2025 14:08:55.096] [main/DEBUG] [com.tterrag.registrate.AbstractRegistrate/REGISTRATE.REGISTER]: Registered create:brass_bars to registry ResourceKey[minecraft:root / minecraft:item]
[06Dec2025 14:08:55.096] [main/DEBUG] [com.tterrag.registrate.AbstractRegistrate/REGISTRATE.REGISTER]: Registered create:copper_bars to registry ResourceKey[minecraft:root / minecraft:item]
[06Dec2025 14:08:55.096] [main/DEBUG] [com.tterrag.registrate.AbstractRegistrate/REGISTRATE.REGISTER]: Registered create:andesite_scaffolding to registry ResourceKey[minecraft:root / minecraft:item]
[06Dec2025 14:08:55.096] [main/DEBUG] [com.tterrag.registrate.AbstractRegistrate/REGISTRATE.REGISTER]: Registered create:brass_scaffolding to registry ResourceKey[minecraft:root / minecraft:item]
[06Dec2025 14:08:55.096] [main/DEBUG] [com.tterrag.registrate.AbstractRegistrate/REGISTRATE.REGISTER]: Registered create:copper_scaffolding to registry ResourceKey[minecraft:root / minecraft:item]
[06Dec2025 14:08:55.096] [main/DEBUG] [com.tterrag.registrate.AbstractRegistrate/REGISTRATE.REGISTER]: Registered create:metal_girder to registry ResourceKey[minecraft:root / minecraft:item]
[06Dec2025 14:08:55.096] [main/DEBUG] [com.tterrag.registrate.AbstractRegistrate/REGISTRATE.REGISTER]: Registered create:copycat_step to registry ResourceKey[minecraft:root / minecraft:item]
[06Dec2025 14:08:55.096] [main/DEBUG] [com.tterrag.registrate.AbstractRegistrate/REGISTRATE.REGISTER]: Registered create:copycat_panel to registry ResourceKey[minecraft:root / minecraft:item]
[06Dec2025 14:08:55.096] [main/DEBUG] [com.tterrag.registrate.AbstractRegistrate/REGISTRATE.REGISTER]: Registered create:white_seat to registry ResourceKey[minecraft:root / minecraft:item]
[06Dec2025 14:08:55.096] [main/DEBUG] [com.tterrag.registrate.AbstractRegistrate/REGISTRATE.REGISTER]: Registered create:orange_seat to registry ResourceKey[minecraft:root / minecraft:item]
[06Dec2025 14:08:55.096] [main/DEBUG] [com.tterrag.registrate.AbstractRegistrate/REGISTRATE.REGISTER]: Registered create:magenta_seat to registry ResourceKey[minecraft:root / minecraft:item]
[06Dec2025 14:08:55.096] [main/DEBUG] [com.tterrag.registrate.AbstractRegistrate/REGISTRATE.REGISTER]: Registered create:light_blue_seat to registry ResourceKey[minecraft:root / minecraft:item]
[06Dec2025 14:08:55.096] [main/DEBUG] [com.tterrag.registrate.AbstractRegistrate/REGISTRATE.REGISTER]: Registered create:yellow_seat to registry ResourceKey[minecraft:root / minecraft:item]
[06Dec2025 14:08:55.096] [main/DEBUG] [com.tterrag.registrate.AbstractRegistrate/REGISTRATE.REGISTER]: Registered create:lime_seat to registry ResourceKey[minecraft:root / minecraft:item]
[06Dec2025 14:08:55.096] [main/DEBUG] [com.tterrag.registrate.AbstractRegistrate/REGISTRATE.REGISTER]: Registered create:pink_seat to registry ResourceKey[minecraft:root / minecraft:item]
[06Dec2025 14:08:55.096] [main/DEBUG] [com.tterrag.registrate.AbstractRegistrate/REGISTRATE.REGISTER]: Registered create:gray_seat to registry ResourceKey[minecraft:root / minecraft:item]
[06Dec2025 14:08:55.096] [main/DEBUG] [com.tterrag.registrate.AbstractRegistrate/REGISTRATE.REGISTER]: Registered create:light_gray_seat to registry ResourceKey[minecraft:root / minecraft:item]
[06Dec2025 14:08:55.096] [main/DEBUG] [com.tterrag.registrate.AbstractRegistrate/REGISTRATE.REGISTER]: Registered create:cyan_seat to registry ResourceKey[minecraft:root / minecraft:item]
[06Dec2025 14:08:55.096] [main/DEBUG] [com.tterrag.registrate.AbstractRegistrate/REGISTRATE.REGISTER]: Registered create:purple_seat to registry ResourceKey[minecraft:root / minecraft:item]
[06Dec2025 14:08:55.097] [main/DEBUG] [com.tterrag.registrate.AbstractRegistrate/REGISTRATE.REGISTER]: Registered create:blue_seat to registry ResourceKey[minecraft:root / minecraft:item]
[06Dec2025 14:08:55.097] [main/DEBUG] [com.tterrag.registrate.AbstractRegistrate/REGISTRATE.REGISTER]: Registered create:brown_seat to registry ResourceKey[minecraft:root / minecraft:item]
[06Dec2025 14:08:55.097] [main/DEBUG] [com.tterrag.registrate.AbstractRegistrate/REGISTRATE.REGISTER]: Registered create:green_seat to registry ResourceKey[minecraft:root / minecraft:item]
[06Dec2025 14:08:55.097] [main/DEBUG] [com.tterrag.registrate.AbstractRegistrate/REGISTRATE.REGISTER]: Registered create:red_seat to registry ResourceKey[minecraft:root / minecraft:item]
[06Dec2025 14:08:55.097] [main/DEBUG] [com.tterrag.registrate.AbstractRegistrate/REGISTRATE.REGISTER]: Registered create:black_seat to registry ResourceKey[minecraft:root / minecraft:item]
[06Dec2025 14:08:55.097] [main/DEBUG] [com.tterrag.registrate.AbstractRegistrate/REGISTRATE.REGISTER]: Registered create:andesite_door to registry ResourceKey[minecraft:root / minecraft:item]
[06Dec2025 14:08:55.097] [main/DEBUG] [com.tterrag.registrate.AbstractRegistrate/REGISTRATE.REGISTER]: Registered create:brass_door to registry ResourceKey[minecraft:root / minecraft:item]
[06Dec2025 14:08:55.097] [main/DEBUG] [com.tterrag.registrate.AbstractRegistrate/REGISTRATE.REGISTER]: Registered create:copper_door to registry ResourceKey[minecraft:root / minecraft:item]
[06Dec2025 14:08:55.097] [main/DEBUG] [com.tterrag.registrate.AbstractRegistrate/REGISTRATE.REGISTER]: Registered create:train_door to registry ResourceKey[minecraft:root / minecraft:item]
[06Dec2025 14:08:55.097] [main/DEBUG] [com.tterrag.registrate.AbstractRegistrate/REGISTRATE.REGISTER]: Registered create:train_trapdoor to registry ResourceKey[minecraft:root / minecraft:item]
[06Dec2025 14:08:55.097] [main/DEBUG] [com.tterrag.registrate.AbstractRegistrate/REGISTRATE.REGISTER]: Registered create:framed_glass_door to registry ResourceKey[minecraft:root / minecraft:item]
[06Dec2025 14:08:55.097] [main/DEBUG] [com.tterrag.registrate.AbstractRegistrate/REGISTRATE.REGISTER]: Registered create:framed_glass_trapdoor to registry ResourceKey[minecraft:root / minecraft:item]
[06Dec2025 14:08:55.097] [main/DEBUG] [com.tterrag.registrate.AbstractRegistrate/REGISTRATE.REGISTER]: Registered create:zinc_ore to registry ResourceKey[minecraft:root / minecraft:item]
[06Dec2025 14:08:55.097] [main/DEBUG] [com.tterrag.registrate.AbstractRegistrate/REGISTRATE.REGISTER]: Registered create:deepslate_zinc_ore to registry ResourceKey[minecraft:root / minecraft:item]
[06Dec2025 14:08:55.097] [main/DEBUG] [com.tterrag.registrate.AbstractRegistrate/REGISTRATE.REGISTER]: Registered create:raw_zinc_block to registry ResourceKey[minecraft:root / minecraft:item]
[06Dec2025 14:08:55.097] [main/DEBUG] [com.tterrag.registrate.AbstractRegistrate/REGISTRATE.REGISTER]: Registered create:zinc_block to registry ResourceKey[minecraft:root / minecraft:item]
[06Dec2025 14:08:55.097] [main/DEBUG] [com.tterrag.registrate.AbstractRegistrate/REGISTRATE.REGISTER]: Registered create:andesite_alloy_block to registry ResourceKey[minecraft:root / minecraft:item]
[06Dec2025 14:08:55.097] [main/DEBUG] [com.tterrag.registrate.AbstractRegistrate/REGISTRATE.REGISTER]: Registered create:industrial_iron_block to registry ResourceKey[minecraft:root / minecraft:item]
[06Dec2025 14:08:55.097] [main/DEBUG] [com.tterrag.registrate.AbstractRegistrate/REGISTRATE.REGISTER]: Registered create:weathered_iron_block to registry ResourceKey[minecraft:root / minecraft:item]
[06Dec2025 14:08:55.097] [main/DEBUG] [com.tterrag.registrate.AbstractRegistrate/REGISTRATE.REGISTER]: Registered create:brass_block to registry ResourceKey[minecraft:root / minecraft:item]
[06Dec2025 14:08:55.097] [main/DEBUG] [com.tterrag.registrate.AbstractRegistrate/REGISTRATE.REGISTER]: Registered create:cardboard_block to registry ResourceKey[minecraft:root / minecraft:item]
[06Dec2025 14:08:55.097] [main/DEBUG] [com.tterrag.registrate.AbstractRegistrate/REGISTRATE.REGISTER]: Registered create:bound_cardboard_block to registry ResourceKey[minecraft:root / minecraft:item]
[06Dec2025 14:08:55.097] [main/DEBUG] [com.tterrag.registrate.AbstractRegistrate/REGISTRATE.REGISTER]: Registered create:experience_block to registry ResourceKey[minecraft:root / minecraft:item]
[06Dec2025 14:08:55.097] [main/DEBUG] [com.tterrag.registrate.AbstractRegistrate/REGISTRATE.REGISTER]: Registered create:rose_quartz_block to registry ResourceKey[minecraft:root / minecraft:item]
[06Dec2025 14:08:55.097] [main/DEBUG] [com.tterrag.registrate.AbstractRegistrate/REGISTRATE.REGISTER]: Registered create:rose_quartz_tiles to registry ResourceKey[minecraft:root / minecraft:item]
[06Dec2025 14:08:55.097] [main/DEBUG] [com.tterrag.registrate.AbstractRegistrate/REGISTRATE.REGISTER]: Registered create:small_rose_quartz_tiles to registry ResourceKey[minecraft:root / minecraft:item]
[06Dec2025 14:08:55.097] [main/DEBUG] [com.tterrag.registrate.AbstractRegistrate/REGISTRATE.REGISTER]: Registered create:copper_shingles to registry ResourceKey[minecraft:root / minecraft:item]
[06Dec2025 14:08:55.097] [main/DEBUG] [com.tterrag.registrate.AbstractRegistrate/REGISTRATE.REGISTER]: Registered create:exposed_copper_shingles to registry ResourceKey[minecraft:root / minecraft:item]
[06Dec2025 14:08:55.097] [main/DEBUG] [com.tterrag.registrate.AbstractRegistrate/REGISTRATE.REGISTER]: Registered create:weathered_copper_shingles to registry ResourceKey[minecraft:root / minecraft:item]
[06Dec2025 14:08:55.097] [main/DEBUG] [com.tterrag.registrate.AbstractRegistrate/REGISTRATE.REGISTER]: Registered create:oxidized_copper_shingles to registry ResourceKey[minecraft:root / minecraft:item]
[06Dec2025 14:08:55.097] [main/DEBUG] [com.tterrag.registrate.AbstractRegistrate/REGISTRATE.REGISTER]: Registered create:copper_shingle_slab to registry ResourceKey[minecraft:root / minecraft:item]
[06Dec2025 14:08:55.097] [main/DEBUG] [com.tterrag.registrate.AbstractRegistrate/REGISTRATE.REGISTER]: Registered create:exposed_copper_shingle_slab to registry ResourceKey[minecraft:root / minecraft:item]
[06Dec2025 14:08:55.097] [main/DEBUG] [com.tterrag.registrate.AbstractRegistrate/REGISTRATE.REGISTER]: Registered create:weathered_copper_shingle_slab to registry ResourceKey[minecraft:root / minecraft:item]
[06Dec2025 14:08:55.097] [main/DEBUG] [com.tterrag.registrate.AbstractRegistrate/REGISTRATE.REGISTER]: Registered create:oxidized_copper_shingle_slab to registry ResourceKey[minecraft:root / minecraft:item]
[06Dec2025 14:08:55.097] [main/DEBUG] [com.tterrag.registrate.AbstractRegistrate/REGISTRATE.REGISTER]: Registered create:copper_shingle_stairs to registry ResourceKey[minecraft:root / minecraft:item]
[06Dec2025 14:08:55.097] [main/DEBUG] [com.tterrag.registrate.AbstractRegistrate/REGISTRATE.REGISTER]: Registered create:exposed_copper_shingle_stairs to registry ResourceKey[minecraft:root / minecraft:item]
[06Dec2025 14:08:55.097] [main/DEBUG] [com.tterrag.registrate.AbstractRegistrate/REGISTRATE.REGISTER]: Registered create:weathered_copper_shingle_stairs to registry ResourceKey[minecraft:root / minecraft:item]
[06Dec2025 14:08:55.097] [main/DEBUG] [com.tterrag.registrate.AbstractRegistrate/REGISTRATE.REGISTER]: Registered create:oxidized_copper_shingle_stairs to registry ResourceKey[minecraft:root / minecraft:item]
[06Dec2025 14:08:55.097] [main/DEBUG] [com.tterrag.registrate.AbstractRegistrate/REGISTRATE.REGISTER]: Registered create:waxed_copper_shingles to registry ResourceKey[minecraft:root / minecraft:item]
[06Dec2025 14:08:55.097] [main/DEBUG] [com.tterrag.registrate.AbstractRegistrate/REGISTRATE.REGISTER]: Registered create:waxed_exposed_copper_shingles to registry ResourceKey[minecraft:root / minecraft:item]
[06Dec2025 14:08:55.097] [main/DEBUG] [com.tterrag.registrate.AbstractRegistrate/REGISTRATE.REGISTER]: Registered create:waxed_weathered_copper_shingles to registry ResourceKey[minecraft:root / minecraft:item]
[06Dec2025 14:08:55.097] [main/DEBUG] [com.tterrag.registrate.AbstractRegistrate/REGISTRATE.REGISTER]: Registered create:waxed_oxidized_copper_shingles to registry ResourceKey[minecraft:root / minecraft:item]
[06Dec2025 14:08:55.097] [main/DEBUG] [com.tterrag.registrate.AbstractRegistrate/REGISTRATE.REGISTER]: Registered create:waxed_copper_shingle_slab to registry ResourceKey[minecraft:root / minecraft:item]
[06Dec2025 14:08:55.097] [main/DEBUG] [com.tterrag.registrate.AbstractRegistrate/REGISTRATE.REGISTER]: Registered create:waxed_exposed_copper_shingle_slab to registry ResourceKey[minecraft:root / minecraft:item]
[06Dec2025 14:08:55.097] [main/DEBUG] [com.tterrag.registrate.AbstractRegistrate/REGISTRATE.REGISTER]: Registered create:waxed_weathered_copper_shingle_slab to registry ResourceKey[minecraft:root / minecraft:item]
[06Dec2025 14:08:55.097] [main/DEBUG] [com.tterrag.registrate.AbstractRegistrate/REGISTRATE.REGISTER]: Registered create:waxed_oxidized_copper_shingle_slab to registry ResourceKey[minecraft:root / minecraft:item]
[06Dec2025 14:08:55.097] [main/DEBUG] [com.tterrag.registrate.AbstractRegistrate/REGISTRATE.REGISTER]: Registered create:waxed_copper_shingle_stairs to registry ResourceKey[minecraft:root / minecraft:item]
[06Dec2025 14:08:55.097] [main/DEBUG] [com.tterrag.registrate.AbstractRegistrate/REGISTRATE.REGISTER]: Registered create:waxed_exposed_copper_shingle_stairs to registry ResourceKey[minecraft:root / minecraft:item]
[06Dec2025 14:08:55.097] [main/DEBUG] [com.tterrag.registrate.AbstractRegistrate/REGISTRATE.REGISTER]: Registered create:waxed_weathered_copper_shingle_stairs to registry ResourceKey[minecraft:root / minecraft:item]
[06Dec2025 14:08:55.097] [main/DEBUG] [com.tterrag.registrate.AbstractRegistrate/REGISTRATE.REGISTER]: Registered create:waxed_oxidized_copper_shingle_stairs to registry ResourceKey[minecraft:root / minecraft:item]
[06Dec2025 14:08:55.097] [main/DEBUG] [com.tterrag.registrate.AbstractRegistrate/REGISTRATE.REGISTER]: Registered create:copper_tiles to registry ResourceKey[minecraft:root / minecraft:item]
[06Dec2025 14:08:55.097] [main/DEBUG] [com.tterrag.registrate.AbstractRegistrate/REGISTRATE.REGISTER]: Registered create:exposed_copper_tiles to registry ResourceKey[minecraft:root / minecraft:item]
[06Dec2025 14:08:55.097] [main/DEBUG] [com.tterrag.registrate.AbstractRegistrate/REGISTRATE.REGISTER]: Registered create:weathered_copper_tiles to registry ResourceKey[minecraft:root / minecraft:item]
[06Dec2025 14:08:55.097] [main/DEBUG] [com.tterrag.registrate.AbstractRegistrate/REGISTRATE.REGISTER]: Registered create:oxidized_copper_tiles to registry ResourceKey[minecraft:root / minecraft:item]
[06Dec2025 14:08:55.097] [main/DEBUG] [com.tterrag.registrate.AbstractRegistrate/REGISTRATE.REGISTER]: Registered create:copper_tile_slab to registry ResourceKey[minecraft:root / minecraft:item]
[06Dec2025 14:08:55.097] [main/DEBUG] [com.tterrag.registrate.AbstractRegistrate/REGISTRATE.REGISTER]: Registered create:exposed_copper_tile_slab to registry ResourceKey[minecraft:root / minecraft:item]
[06Dec2025 14:08:55.097] [main/DEBUG] [com.tterrag.registrate.AbstractRegistrate/REGISTRATE.REGISTER]: Registered create:weathered_copper_tile_slab to registry ResourceKey[minecraft:root / minecraft:item]
[06Dec2025 14:08:55.097] [main/DEBUG] [com.tterrag.registrate.AbstractRegistrate/REGISTRATE.REGISTER]: Registered create:oxidized_copper_tile_slab to registry ResourceKey[minecraft:root / minecraft:item]
[06Dec2025 14:08:55.097] [main/DEBUG] [com.tterrag.registrate.AbstractRegistrate/REGISTRATE.REGISTER]: Registered create:copper_tile_stairs to registry ResourceKey[minecraft:root / minecraft:item]
[06Dec2025 14:08:55.097] [main/DEBUG] [com.tterrag.registrate.AbstractRegistrate/REGISTRATE.REGISTER]: Registered create:exposed_copper_tile_stairs to registry ResourceKey[minecraft:root / minecraft:item]
[06Dec2025 14:08:55.097] [main/DEBUG] [com.tterrag.registrate.AbstractRegistrate/REGISTRATE.REGISTER]: Registered create:weathered_copper_tile_stairs to registry ResourceKey[minecraft:root / minecraft:item]
[06Dec2025 14:08:55.097] [main/DEBUG] [com.tterrag.registrate.AbstractRegistrate/REGISTRATE.REGISTER]: Registered create:oxidized_copper_tile_stairs to registry ResourceKey[minecraft:root / minecraft:item]
[06Dec2025 14:08:55.097] [main/DEBUG] [com.tterrag.registrate.AbstractRegistrate/REGISTRATE.REGISTER]: Registered create:waxed_copper_tiles to registry ResourceKey[minecraft:root / minecraft:item]
[06Dec2025 14:08:55.097] [main/DEBUG] [com.tterrag.registrate.AbstractRegistrate/REGISTRATE.REGISTER]: Registered create:waxed_exposed_copper_tiles to registry ResourceKey[minecraft:root / minecraft:item]
[06Dec2025 14:08:55.097] [main/DEBUG] [com.tterrag.registrate.AbstractRegistrate/REGISTRATE.REGISTER]: Registered create:waxed_weathered_copper_tiles to registry ResourceKey[minecraft:root / minecraft:item]
[06Dec2025 14:08:55.097] [main/DEBUG] [com.tterrag.registrate.AbstractRegistrate/REGISTRATE.REGISTER]: Registered create:waxed_oxidized_copper_tiles to registry ResourceKey[minecraft:root / minecraft:item]
[06Dec2025 14:08:55.097] [main/DEBUG] [com.tterrag.registrate.AbstractRegistrate/REGISTRATE.REGISTER]: Registered create:waxed_copper_tile_slab to registry ResourceKey[minecraft:root / minecraft:item]
[06Dec2025 14:08:55.097] [main/DEBUG] [com.tterrag.registrate.AbstractRegistrate/REGISTRATE.REGISTER]: Registered create:waxed_exposed_copper_tile_slab to registry ResourceKey[minecraft:root / minecraft:item]
[06Dec2025 14:08:55.097] [main/DEBUG] [com.tterrag.registrate.AbstractRegistrate/REGISTRATE.REGISTER]: Registered create:waxed_weathered_copper_tile_slab to registry ResourceKey[minecraft:root / minecraft:item]
[06Dec2025 14:08:55.097] [main/DEBUG] [com.tterrag.registrate.AbstractRegistrate/REGISTRATE.REGISTER]: Registered create:waxed_oxidized_copper_tile_slab to registry ResourceKey[minecraft:root / minecraft:item]
[06Dec2025 14:08:55.097] [main/DEBUG] [com.tterrag.registrate.AbstractRegistrate/REGISTRATE.REGISTER]: Registered create:waxed_copper_tile_stairs to registry ResourceKey[minecraft:root / minecraft:item]
[06Dec2025 14:08:55.097] [main/DEBUG] [com.tterrag.registrate.AbstractRegistrate/REGISTRATE.REGISTER]: Registered create:waxed_exposed_copper_tile_stairs to registry ResourceKey[minecraft:root / minecraft:item]
[06Dec2025 14:08:55.097] [main/DEBUG] [com.tterrag.registrate.AbstractRegistrate/REGISTRATE.REGISTER]: Registered create:waxed_weathered_copper_tile_stairs to registry ResourceKey[minecraft:root / minecraft:item]
[06Dec2025 14:08:55.097] [main/DEBUG] [com.tterrag.registrate.AbstractRegistrate/REGISTRATE.REGISTER]: Registered create:waxed_oxidized_copper_tile_stairs to registry ResourceKey[minecraft:root / minecraft:item]
[06Dec2025 14:08:55.098] [main/DEBUG] [com.tterrag.registrate.AbstractRegistrate/REGISTRATE.REGISTER]: Registered create:honey_bucket to registry ResourceKey[minecraft:root / minecraft:item]
[06Dec2025 14:08:55.098] [main/DEBUG] [com.tterrag.registrate.AbstractRegistrate/REGISTRATE.REGISTER]: Registered create:chocolate_bucket to registry ResourceKey[minecraft:root / minecraft:item]
[06Dec2025 14:08:55.098] [main/DEBUG] [com.tterrag.registrate.AbstractRegistrate/REGISTRATE.REGISTER]: Registered create:tiled_glass to registry ResourceKey[minecraft:root / minecraft:item]
[06Dec2025 14:08:55.098] [main/DEBUG] [com.tterrag.registrate.AbstractRegistrate/REGISTRATE.REGISTER]: Registered create:framed_glass to registry ResourceKey[minecraft:root / minecraft:item]
[06Dec2025 14:08:55.098] [main/DEBUG] [com.tterrag.registrate.AbstractRegistrate/REGISTRATE.REGISTER]: Registered create:horizontal_framed_glass to registry ResourceKey[minecraft:root / minecraft:item]
[06Dec2025 14:08:55.098] [main/DEBUG] [com.tterrag.registrate.AbstractRegistrate/REGISTRATE.REGISTER]: Registered create:vertical_framed_glass to registry ResourceKey[minecraft:root / minecraft:item]
[06Dec2025 14:08:55.098] [main/DEBUG] [com.tterrag.registrate.AbstractRegistrate/REGISTRATE.REGISTER]: Registered create:tiled_glass_pane to registry ResourceKey[minecraft:root / minecraft:item]
[06Dec2025 14:08:55.098] [main/DEBUG] [com.tterrag.registrate.AbstractRegistrate/REGISTRATE.REGISTER]: Registered create:framed_glass_pane to registry ResourceKey[minecraft:root / minecraft:item]
[06Dec2025 14:08:55.098] [main/DEBUG] [com.tterrag.registrate.AbstractRegistrate/REGISTRATE.REGISTER]: Registered create:horizontal_framed_glass_pane to registry ResourceKey[minecraft:root / minecraft:item]
[06Dec2025 14:08:55.098] [main/DEBUG] [com.tterrag.registrate.AbstractRegistrate/REGISTRATE.REGISTER]: Registered create:vertical_framed_glass_pane to registry ResourceKey[minecraft:root / minecraft:item]
[06Dec2025 14:08:55.098] [main/DEBUG] [com.tterrag.registrate.AbstractRegistrate/REGISTRATE.REGISTER]: Registered create:oak_window to registry ResourceKey[minecraft:root / minecraft:item]
[06Dec2025 14:08:55.098] [main/DEBUG] [com.tterrag.registrate.AbstractRegistrate/REGISTRATE.REGISTER]: Registered create:spruce_window to registry ResourceKey[minecraft:root / minecraft:item]
[06Dec2025 14:08:55.098] [main/DEBUG] [com.tterrag.registrate.AbstractRegistrate/REGISTRATE.REGISTER]: Registered create:birch_window to registry ResourceKey[minecraft:root / minecraft:item]
[06Dec2025 14:08:55.098] [main/DEBUG] [com.tterrag.registrate.AbstractRegistrate/REGISTRATE.REGISTER]: Registered create:jungle_window to registry ResourceKey[minecraft:root / minecraft:item]
[06Dec2025 14:08:55.098] [main/DEBUG] [com.tterrag.registrate.AbstractRegistrate/REGISTRATE.REGISTER]: Registered create:acacia_window to registry ResourceKey[minecraft:root / minecraft:item]
[06Dec2025 14:08:55.098] [main/DEBUG] [com.tterrag.registrate.AbstractRegistrate/REGISTRATE.REGISTER]: Registered create:dark_oak_window to registry ResourceKey[minecraft:root / minecraft:item]
[06Dec2025 14:08:55.098] [main/DEBUG] [com.tterrag.registrate.AbstractRegistrate/REGISTRATE.REGISTER]: Registered create:mangrove_window to registry ResourceKey[minecraft:root / minecraft:item]
[06Dec2025 14:08:55.098] [main/DEBUG] [com.tterrag.registrate.AbstractRegistrate/REGISTRATE.REGISTER]: Registered create:crimson_window to registry ResourceKey[minecraft:root / minecraft:item]
[06Dec2025 14:08:55.098] [main/DEBUG] [com.tterrag.registrate.AbstractRegistrate/REGISTRATE.REGISTER]: Registered create:warped_window to registry ResourceKey[minecraft:root / minecraft:item]
[06Dec2025 14:08:55.098] [main/DEBUG] [com.tterrag.registrate.AbstractRegistrate/REGISTRATE.REGISTER]: Registered create:cherry_window to registry ResourceKey[minecraft:root / minecraft:item]
[06Dec2025 14:08:55.098] [main/DEBUG] [com.tterrag.registrate.AbstractRegistrate/REGISTRATE.REGISTER]: Registered create:bamboo_window to registry ResourceKey[minecraft:root / minecraft:item]
[06Dec2025 14:08:55.098] [main/DEBUG] [com.tterrag.registrate.AbstractRegistrate/REGISTRATE.REGISTER]: Registered create:ornate_iron_window to registry ResourceKey[minecraft:root / minecraft:item]
[06Dec2025 14:08:55.098] [main/DEBUG] [com.tterrag.registrate.AbstractRegistrate/REGISTRATE.REGISTER]: Registered create:industrial_iron_window to registry ResourceKey[minecraft:root / minecraft:item]
[06Dec2025 14:08:55.098] [main/DEBUG] [com.tterrag.registrate.AbstractRegistrate/REGISTRATE.REGISTER]: Registered create:weathered_iron_window to registry ResourceKey[minecraft:root / minecraft:item]
[06Dec2025 14:08:55.098] [main/DEBUG] [com.tterrag.registrate.AbstractRegistrate/REGISTRATE.REGISTER]: Registered create:oak_window_pane to registry ResourceKey[minecraft:root / minecraft:item]
[06Dec2025 14:08:55.098] [main/DEBUG] [com.tterrag.registrate.AbstractRegistrate/REGISTRATE.REGISTER]: Registered create:spruce_window_pane to registry ResourceKey[minecraft:root / minecraft:item]
[06Dec2025 14:08:55.098] [main/DEBUG] [com.tterrag.registrate.AbstractRegistrate/REGISTRATE.REGISTER]: Registered create:birch_window_pane to registry ResourceKey[minecraft:root / minecraft:item]
[06Dec2025 14:08:55.098] [main/DEBUG] [com.tterrag.registrate.AbstractRegistrate/REGISTRATE.REGISTER]: Registered create:jungle_window_pane to registry ResourceKey[minecraft:root / minecraft:item]
[06Dec2025 14:08:55.098] [main/DEBUG] [com.tterrag.registrate.AbstractRegistrate/REGISTRATE.REGISTER]: Registered create:acacia_window_pane to registry ResourceKey[minecraft:root / minecraft:item]
[06Dec2025 14:08:55.098] [main/DEBUG] [com.tterrag.registrate.AbstractRegistrate/REGISTRATE.REGISTER]: Registered create:dark_oak_window_pane to registry ResourceKey[minecraft:root / minecraft:item]
[06Dec2025 14:08:55.098] [main/DEBUG] [com.tterrag.registrate.AbstractRegistrate/REGISTRATE.REGISTER]: Registered create:mangrove_window_pane to registry ResourceKey[minecraft:root / minecraft:item]
[06Dec2025 14:08:55.098] [main/DEBUG] [com.tterrag.registrate.AbstractRegistrate/REGISTRATE.REGISTER]: Registered create:crimson_window_pane to registry ResourceKey[minecraft:root / minecraft:item]
[06Dec2025 14:08:55.098] [main/DEBUG] [com.tterrag.registrate.AbstractRegistrate/REGISTRATE.REGISTER]: Registered create:warped_window_pane to registry ResourceKey[minecraft:root / minecraft:item]
[06Dec2025 14:08:55.098] [main/DEBUG] [com.tterrag.registrate.AbstractRegistrate/REGISTRATE.REGISTER]: Registered create:cherry_window_pane to registry ResourceKey[minecraft:root / minecraft:item]
[06Dec2025 14:08:55.098] [main/DEBUG] [com.tterrag.registrate.AbstractRegistrate/REGISTRATE.REGISTER]: Registered create:bamboo_window_pane to registry ResourceKey[minecraft:root / minecraft:item]
[06Dec2025 14:08:55.098] [main/DEBUG] [com.tterrag.registrate.AbstractRegistrate/REGISTRATE.REGISTER]: Registered create:ornate_iron_window_pane to registry ResourceKey[minecraft:root / minecraft:item]
[06Dec2025 14:08:55.098] [main/DEBUG] [com.tterrag.registrate.AbstractRegistrate/REGISTRATE.REGISTER]: Registered create:industrial_iron_window_pane to registry ResourceKey[minecraft:root / minecraft:item]
[06Dec2025 14:08:55.098] [main/DEBUG] [com.tterrag.registrate.AbstractRegistrate/REGISTRATE.REGISTER]: Registered create:weathered_iron_window_pane to registry ResourceKey[minecraft:root / minecraft:item]
[06Dec2025 14:08:55.098] [main/DEBUG] [com.tterrag.registrate.AbstractRegistrate/REGISTRATE.REGISTER]: Registered create:cut_granite to registry ResourceKey[minecraft:root / minecraft:item]
[06Dec2025 14:08:55.098] [main/DEBUG] [com.tterrag.registrate.AbstractRegistrate/REGISTRATE.REGISTER]: Registered create:cut_granite_stairs to registry ResourceKey[minecraft:root / minecraft:item]
[06Dec2025 14:08:55.098] [main/DEBUG] [com.tterrag.registrate.AbstractRegistrate/REGISTRATE.REGISTER]: Registered create:cut_granite_slab to registry ResourceKey[minecraft:root / minecraft:item]
[06Dec2025 14:08:55.098] [main/DEBUG] [com.tterrag.registrate.AbstractRegistrate/REGISTRATE.REGISTER]: Registered create:cut_granite_wall to registry ResourceKey[minecraft:root / minecraft:item]
[06Dec2025 14:08:55.098] [main/DEBUG] [com.tterrag.registrate.AbstractRegistrate/REGISTRATE.REGISTER]: Registered create:polished_cut_granite to registry ResourceKey[minecraft:root / minecraft:item]
[06Dec2025 14:08:55.098] [main/DEBUG] [com.tterrag.registrate.AbstractRegistrate/REGISTRATE.REGISTER]: Registered create:polished_cut_granite_stairs to registry ResourceKey[minecraft:root / minecraft:item]
[06Dec2025 14:08:55.098] [main/DEBUG] [com.tterrag.registrate.AbstractRegistrate/REGISTRATE.REGISTER]: Registered create:polished_cut_granite_slab to registry ResourceKey[minecraft:root / minecraft:item]
[06Dec2025 14:08:55.098] [main/DEBUG] [com.tterrag.registrate.AbstractRegistrate/REGISTRATE.REGISTER]: Registered create:polished_cut_granite_wall to registry ResourceKey[minecraft:root / minecraft:item]
[06Dec2025 14:08:55.098] [main/DEBUG] [com.tterrag.registrate.AbstractRegistrate/REGISTRATE.REGISTER]: Registered create:cut_granite_bricks to registry ResourceKey[minecraft:root / minecraft:item]
[06Dec2025 14:08:55.098] [main/DEBUG] [com.tterrag.registrate.AbstractRegistrate/REGISTRATE.REGISTER]: Registered create:cut_granite_brick_stairs to registry ResourceKey[minecraft:root / minecraft:item]
[06Dec2025 14:08:55.098] [main/DEBUG] [com.tterrag.registrate.AbstractRegistrate/REGISTRATE.REGISTER]: Registered create:cut_granite_brick_slab to registry ResourceKey[minecraft:root / minecraft:item]
[06Dec2025 14:08:55.098] [main/DEBUG] [com.tterrag.registrate.AbstractRegistrate/REGISTRATE.REGISTER]: Registered create:cut_granite_brick_wall to registry ResourceKey[minecraft:root / minecraft:item]
[06Dec2025 14:08:55.098] [main/DEBUG] [com.tterrag.registrate.AbstractRegistrate/REGISTRATE.REGISTER]: Registered create:small_granite_bricks to registry ResourceKey[minecraft:root / minecraft:item]
[06Dec2025 14:08:55.098] [main/DEBUG] [com.tterrag.registrate.AbstractRegistrate/REGISTRATE.REGISTER]: Registered create:small_granite_brick_stairs to registry ResourceKey[minecraft:root / minecraft:item]
[06Dec2025 14:08:55.098] [main/DEBUG] [com.tterrag.registrate.AbstractRegistrate/REGISTRATE.REGISTER]: Registered create:small_granite_brick_slab to registry ResourceKey[minecraft:root / minecraft:item]
[06Dec2025 14:08:55.098] [main/DEBUG] [com.tterrag.registrate.AbstractRegistrate/REGISTRATE.REGISTER]: Registered create:small_granite_brick_wall to registry ResourceKey[minecraft:root / minecraft:item]
[06Dec2025 14:08:55.098] [main/DEBUG] [com.tterrag.registrate.AbstractRegistrate/REGISTRATE.REGISTER]: Registered create:layered_granite to registry ResourceKey[minecraft:root / minecraft:item]
[06Dec2025 14:08:55.098] [main/DEBUG] [com.tterrag.registrate.AbstractRegistrate/REGISTRATE.REGISTER]: Registered create:granite_pillar to registry ResourceKey[minecraft:root / minecraft:item]
[06Dec2025 14:08:55.098] [main/DEBUG] [com.tterrag.registrate.AbstractRegistrate/REGISTRATE.REGISTER]: Registered create:cut_diorite to registry ResourceKey[minecraft:root / minecraft:item]
[06Dec2025 14:08:55.098] [main/DEBUG] [com.tterrag.registrate.AbstractRegistrate/REGISTRATE.REGISTER]: Registered create:cut_diorite_stairs to registry ResourceKey[minecraft:root / minecraft:item]
[06Dec2025 14:08:55.098] [main/DEBUG] [com.tterrag.registrate.AbstractRegistrate/REGISTRATE.REGISTER]: Registered create:cut_diorite_slab to registry ResourceKey[minecraft:root / minecraft:item]
[06Dec2025 14:08:55.098] [main/DEBUG] [com.tterrag.registrate.AbstractRegistrate/REGISTRATE.REGISTER]: Registered create:cut_diorite_wall to registry ResourceKey[minecraft:root / minecraft:item]
[06Dec2025 14:08:55.098] [main/DEBUG] [com.tterrag.registrate.AbstractRegistrate/REGISTRATE.REGISTER]: Registered create:polished_cut_diorite to registry ResourceKey[minecraft:root / minecraft:item]
[06Dec2025 14:08:55.098] [main/DEBUG] [com.tterrag.registrate.AbstractRegistrate/REGISTRATE.REGISTER]: Registered create:polished_cut_diorite_stairs to registry ResourceKey[minecraft:root / minecraft:item]
[06Dec2025 14:08:55.098] [main/DEBUG] [com.tterrag.registrate.AbstractRegistrate/REGISTRATE.REGISTER]: Registered create:polished_cut_diorite_slab to registry ResourceKey[minecraft:root / minecraft:item]
[06Dec2025 14:08:55.098] [main/DEBUG] [com.tterrag.registrate.AbstractRegistrate/REGISTRATE.REGISTER]: Registered create:polished_cut_diorite_wall to registry ResourceKey[minecraft:root / minecraft:item]
[06Dec2025 14:08:55.098] [main/DEBUG] [com.tterrag.registrate.AbstractRegistrate/REGISTRATE.REGISTER]: Registered create:cut_diorite_bricks to registry ResourceKey[minecraft:root / minecraft:item]
[06Dec2025 14:08:55.098] [main/DEBUG] [com.tterrag.registrate.AbstractRegistrate/REGISTRATE.REGISTER]: Registered create:cut_diorite_brick_stairs to registry ResourceKey[minecraft:root / minecraft:item]
[06Dec2025 14:08:55.098] [main/DEBUG] [com.tterrag.registrate.AbstractRegistrate/REGISTRATE.REGISTER]: Registered create:cut_diorite_brick_slab to registry ResourceKey[minecraft:root / minecraft:item]
[06Dec2025 14:08:55.098] [main/DEBUG] [com.tterrag.registrate.AbstractRegistrate/REGISTRATE.REGISTER]: Registered create:cut_diorite_brick_wall to registry ResourceKey[minecraft:root / minecraft:item]
[06Dec2025 14:08:55.098] [main/DEBUG] [com.tterrag.registrate.AbstractRegistrate/REGISTRATE.REGISTER]: Registered create:small_diorite_bricks to registry ResourceKey[minecraft:root / minecraft:item]
[06Dec2025 14:08:55.098] [main/DEBUG] [com.tterrag.registrate.AbstractRegistrate/REGISTRATE.REGISTER]: Registered create:small_diorite_brick_stairs to registry ResourceKey[minecraft:root / minecraft:item]
[06Dec2025 14:08:55.098] [main/DEBUG] [com.tterrag.registrate.AbstractRegistrate/REGISTRATE.REGISTER]: Registered create:small_diorite_brick_slab to registry ResourceKey[minecraft:root / minecraft:item]
[06Dec2025 14:08:55.098] [main/DEBUG] [com.tterrag.registrate.AbstractRegistrate/REGISTRATE.REGISTER]: Registered create:small_diorite_brick_wall to registry ResourceKey[minecraft:root / minecraft:item]
[06Dec2025 14:08:55.098] [main/DEBUG] [com.tterrag.registrate.AbstractRegistrate/REGISTRATE.REGISTER]: Registered create:layered_diorite to registry ResourceKey[minecraft:root / minecraft:item]
[06Dec2025 14:08:55.098] [main/DEBUG] [com.tterrag.registrate.AbstractRegistrate/REGISTRATE.REGISTER]: Registered create:diorite_pillar to registry ResourceKey[minecraft:root / minecraft:item]
[06Dec2025 14:08:55.098] [main/DEBUG] [com.tterrag.registrate.AbstractRegistrate/REGISTRATE.REGISTER]: Registered create:cut_andesite to registry ResourceKey[minecraft:root / minecraft:item]
[06Dec2025 14:08:55.098] [main/DEBUG] [com.tterrag.registrate.AbstractRegistrate/REGISTRATE.REGISTER]: Registered create:cut_andesite_stairs to registry ResourceKey[minecraft:root / minecraft:item]
[06Dec2025 14:08:55.098] [main/DEBUG] [com.tterrag.registrate.AbstractRegistrate/REGISTRATE.REGISTER]: Registered create:cut_andesite_slab to registry ResourceKey[minecraft:root / minecraft:item]
[06Dec2025 14:08:55.099] [main/DEBUG] [com.tterrag.registrate.AbstractRegistrate/REGISTRATE.REGISTER]: Registered create:cut_andesite_wall to registry ResourceKey[minecraft:root / minecraft:item]
[06Dec2025 14:08:55.099] [main/DEBUG] [com.tterrag.registrate.AbstractRegistrate/REGISTRATE.REGISTER]: Registered create:polished_cut_andesite to registry ResourceKey[minecraft:root / minecraft:item]
[06Dec2025 14:08:55.099] [main/DEBUG] [com.tterrag.registrate.AbstractRegistrate/REGISTRATE.REGISTER]: Registered create:polished_cut_andesite_stairs to registry ResourceKey[minecraft:root / minecraft:item]
[06Dec2025 14:08:55.099] [main/DEBUG] [com.tterrag.registrate.AbstractRegistrate/REGISTRATE.REGISTER]: Registered create:polished_cut_andesite_slab to registry ResourceKey[minecraft:root / minecraft:item]
[06Dec2025 14:08:55.099] [main/DEBUG] [com.tterrag.registrate.AbstractRegistrate/REGISTRATE.REGISTER]: Registered create:polished_cut_andesite_wall to registry ResourceKey[minecraft:root / minecraft:item]
[06Dec2025 14:08:55.099] [main/DEBUG] [com.tterrag.registrate.AbstractRegistrate/REGISTRATE.REGISTER]: Registered create:cut_andesite_bricks to registry ResourceKey[minecraft:root / minecraft:item]
[06Dec2025 14:08:55.099] [main/DEBUG] [com.tterrag.registrate.AbstractRegistrate/REGISTRATE.REGISTER]: Registered create:cut_andesite_brick_stairs to registry ResourceKey[minecraft:root / minecraft:item]
[06Dec2025 14:08:55.099] [main/DEBUG] [com.tterrag.registrate.AbstractRegistrate/REGISTRATE.REGISTER]: Registered create:cut_andesite_brick_slab to registry ResourceKey[minecraft:root / minecraft:item]
[06Dec2025 14:08:55.099] [main/DEBUG] [com.tterrag.registrate.AbstractRegistrate/REGISTRATE.REGISTER]: Registered create:cut_andesite_brick_wall to registry ResourceKey[minecraft:root / minecraft:item]
[06Dec2025 14:08:55.099] [main/DEBUG] [com.tterrag.registrate.AbstractRegistrate/REGISTRATE.REGISTER]: Registered create:small_andesite_bricks to registry ResourceKey[minecraft:root / minecraft:item]
[06Dec2025 14:08:55.099] [main/DEBUG] [com.tterrag.registrate.AbstractRegistrate/REGISTRATE.REGISTER]: Registered create:small_andesite_brick_stairs to registry ResourceKey[minecraft:root / minecraft:item]
[06Dec2025 14:08:55.099] [main/DEBUG] [com.tterrag.registrate.AbstractRegistrate/REGISTRATE.REGISTER]: Registered create:small_andesite_brick_slab to registry ResourceKey[minecraft:root / minecraft:item]
[06Dec2025 14:08:55.099] [main/DEBUG] [com.tterrag.registrate.AbstractRegistrate/REGISTRATE.REGISTER]: Registered create:small_andesite_brick_wall to registry ResourceKey[minecraft:root / minecraft:item]
[06Dec2025 14:08:55.099] [main/DEBUG] [com.tterrag.registrate.AbstractRegistrate/REGISTRATE.REGISTER]: Registered create:layered_andesite to registry ResourceKey[minecraft:root / minecraft:item]
[06Dec2025 14:08:55.099] [main/DEBUG] [com.tterrag.registrate.AbstractRegistrate/REGISTRATE.REGISTER]: Registered create:andesite_pillar to registry ResourceKey[minecraft:root / minecraft:item]
[06Dec2025 14:08:55.099] [main/DEBUG] [com.tterrag.registrate.AbstractRegistrate/REGISTRATE.REGISTER]: Registered create:cut_calcite to registry ResourceKey[minecraft:root / minecraft:item]
[06Dec2025 14:08:55.099] [main/DEBUG] [com.tterrag.registrate.AbstractRegistrate/REGISTRATE.REGISTER]: Registered create:cut_calcite_stairs to registry ResourceKey[minecraft:root / minecraft:item]
[06Dec2025 14:08:55.099] [main/DEBUG] [com.tterrag.registrate.AbstractRegistrate/REGISTRATE.REGISTER]: Registered create:cut_calcite_slab to registry ResourceKey[minecraft:root / minecraft:item]
[06Dec2025 14:08:55.099] [main/DEBUG] [com.tterrag.registrate.AbstractRegistrate/REGISTRATE.REGISTER]: Registered create:cut_calcite_wall to registry ResourceKey[minecraft:root / minecraft:item]
[06Dec2025 14:08:55.099] [main/DEBUG] [com.tterrag.registrate.AbstractRegistrate/REGISTRATE.REGISTER]: Registered create:polished_cut_calcite to registry ResourceKey[minecraft:root / minecraft:item]
[06Dec2025 14:08:55.099] [main/DEBUG] [com.tterrag.registrate.AbstractRegistrate/REGISTRATE.REGISTER]: Registered create:polished_cut_calcite_stairs to registry ResourceKey[minecraft:root / minecraft:item]
[06Dec2025 14:08:55.099] [main/DEBUG] [com.tterrag.registrate.AbstractRegistrate/REGISTRATE.REGISTER]: Registered create:polished_cut_calcite_slab to registry ResourceKey[minecraft:root / minecraft:item]
[06Dec2025 14:08:55.099] [main/DEBUG] [com.tterrag.registrate.AbstractRegistrate/REGISTRATE.REGISTER]: Registered create:polished_cut_calcite_wall to registry ResourceKey[minecraft:root / minecraft:item]
[06Dec2025 14:08:55.099] [main/DEBUG] [com.tterrag.registrate.AbstractRegistrate/REGISTRATE.REGISTER]: Registered create:cut_calcite_bricks to registry ResourceKey[minecraft:root / minecraft:item]
[06Dec2025 14:08:55.099] [main/DEBUG] [com.tterrag.registrate.AbstractRegistrate/REGISTRATE.REGISTER]: Registered create:cut_calcite_brick_stairs to registry ResourceKey[minecraft:root / minecraft:item]
[06Dec2025 14:08:55.099] [main/DEBUG] [com.tterrag.registrate.AbstractRegistrate/REGISTRATE.REGISTER]: Registered create:cut_calcite_brick_slab to registry ResourceKey[minecraft:root / minecraft:item]
[06Dec2025 14:08:55.099] [main/DEBUG] [com.tterrag.registrate.AbstractRegistrate/REGISTRATE.REGISTER]: Registered create:cut_calcite_brick_wall to registry ResourceKey[minecraft:root / minecraft:item]
[06Dec2025 14:08:55.099] [main/DEBUG] [com.tterrag.registrate.AbstractRegistrate/REGISTRATE.REGISTER]: Registered create:small_calcite_bricks to registry ResourceKey[minecraft:root / minecraft:item]
[06Dec2025 14:08:55.099] [main/DEBUG] [com.tterrag.registrate.AbstractRegistrate/REGISTRATE.REGISTER]: Registered create:small_calcite_brick_stairs to registry ResourceKey[minecraft:root / minecraft:item]
[06Dec2025 14:08:55.099] [main/DEBUG] [com.tterrag.registrate.AbstractRegistrate/REGISTRATE.REGISTER]: Registered create:small_calcite_brick_slab to registry ResourceKey[minecraft:root / minecraft:item]
[06Dec2025 14:08:55.099] [main/DEBUG] [com.tterrag.registrate.AbstractRegistrate/REGISTRATE.REGISTER]: Registered create:small_calcite_brick_wall to registry ResourceKey[minecraft:root / minecraft:item]
[06Dec2025 14:08:55.099] [main/DEBUG] [com.tterrag.registrate.AbstractRegistrate/REGISTRATE.REGISTER]: Registered create:layered_calcite to registry ResourceKey[minecraft:root / minecraft:item]
[06Dec2025 14:08:55.099] [main/DEBUG] [com.tterrag.registrate.AbstractRegistrate/REGISTRATE.REGISTER]: Registered create:calcite_pillar to registry ResourceKey[minecraft:root / minecraft:item]
[06Dec2025 14:08:55.099] [main/DEBUG] [com.tterrag.registrate.AbstractRegistrate/REGISTRATE.REGISTER]: Registered create:cut_dripstone to registry ResourceKey[minecraft:root / minecraft:item]
[06Dec2025 14:08:55.099] [main/DEBUG] [com.tterrag.registrate.AbstractRegistrate/REGISTRATE.REGISTER]: Registered create:cut_dripstone_stairs to registry ResourceKey[minecraft:root / minecraft:item]
[06Dec2025 14:08:55.099] [main/DEBUG] [com.tterrag.registrate.AbstractRegistrate/REGISTRATE.REGISTER]: Registered create:cut_dripstone_slab to registry ResourceKey[minecraft:root / minecraft:item]
[06Dec2025 14:08:55.099] [main/DEBUG] [com.tterrag.registrate.AbstractRegistrate/REGISTRATE.REGISTER]: Registered create:cut_dripstone_wall to registry ResourceKey[minecraft:root / minecraft:item]
[06Dec2025 14:08:55.099] [main/DEBUG] [com.tterrag.registrate.AbstractRegistrate/REGISTRATE.REGISTER]: Registered create:polished_cut_dripstone to registry ResourceKey[minecraft:root / minecraft:item]
[06Dec2025 14:08:55.099] [main/DEBUG] [com.tterrag.registrate.AbstractRegistrate/REGISTRATE.REGISTER]: Registered create:polished_cut_dripstone_stairs to registry ResourceKey[minecraft:root / minecraft:item]
[06Dec2025 14:08:55.099] [main/DEBUG] [com.tterrag.registrate.AbstractRegistrate/REGISTRATE.REGISTER]: Registered create:polished_cut_dripstone_slab to registry ResourceKey[minecraft:root / minecraft:item]
[06Dec2025 14:08:55.099] [main/DEBUG] [com.tterrag.registrate.AbstractRegistrate/REGISTRATE.REGISTER]: Registered create:polished_cut_dripstone_wall to registry ResourceKey[minecraft:root / minecraft:item]
[06Dec2025 14:08:55.099] [main/DEBUG] [com.tterrag.registrate.AbstractRegistrate/REGISTRATE.REGISTER]: Registered create:cut_dripstone_bricks to registry ResourceKey[minecraft:root / minecraft:item]
[06Dec2025 14:08:55.099] [main/DEBUG] [com.tterrag.registrate.AbstractRegistrate/REGISTRATE.REGISTER]: Registered create:cut_dripstone_brick_stairs to registry ResourceKey[minecraft:root / minecraft:item]
[06Dec2025 14:08:55.099] [main/DEBUG] [com.tterrag.registrate.AbstractRegistrate/REGISTRATE.REGISTER]: Registered create:cut_dripstone_brick_slab to registry ResourceKey[minecraft:root / minecraft:item]
[06Dec2025 14:08:55.099] [main/DEBUG] [com.tterrag.registrate.AbstractRegistrate/REGISTRATE.REGISTER]: Registered create:cut_dripstone_brick_wall to registry ResourceKey[minecraft:root / minecraft:item]
[06Dec2025 14:08:55.099] [main/DEBUG] [com.tterrag.registrate.AbstractRegistrate/REGISTRATE.REGISTER]: Registered create:small_dripstone_bricks to registry ResourceKey[minecraft:root / minecraft:item]
[06Dec2025 14:08:55.099] [main/DEBUG] [com.tterrag.registrate.AbstractRegistrate/REGISTRATE.REGISTER]: Registered create:small_dripstone_brick_stairs to registry ResourceKey[minecraft:root / minecraft:item]
[06Dec2025 14:08:55.099] [main/DEBUG] [com.tterrag.registrate.AbstractRegistrate/REGISTRATE.REGISTER]: Registered create:small_dripstone_brick_slab to registry ResourceKey[minecraft:root / minecraft:item]
[06Dec2025 14:08:55.099] [main/DEBUG] [com.tterrag.registrate.AbstractRegistrate/REGISTRATE.REGISTER]: Registered create:small_dripstone_brick_wall to registry ResourceKey[minecraft:root / minecraft:item]
[06Dec2025 14:08:55.099] [main/DEBUG] [com.tterrag.registrate.AbstractRegistrate/REGISTRATE.REGISTER]: Registered create:layered_dripstone to registry ResourceKey[minecraft:root / minecraft:item]
[06Dec2025 14:08:55.099] [main/DEBUG] [com.tterrag.registrate.AbstractRegistrate/REGISTRATE.REGISTER]: Registered create:dripstone_pillar to registry ResourceKey[minecraft:root / minecraft:item]
[06Dec2025 14:08:55.099] [main/DEBUG] [com.tterrag.registrate.AbstractRegistrate/REGISTRATE.REGISTER]: Registered create:cut_deepslate to registry ResourceKey[minecraft:root / minecraft:item]
[06Dec2025 14:08:55.099] [main/DEBUG] [com.tterrag.registrate.AbstractRegistrate/REGISTRATE.REGISTER]: Registered create:cut_deepslate_stairs to registry ResourceKey[minecraft:root / minecraft:item]
[06Dec2025 14:08:55.099] [main/DEBUG] [com.tterrag.registrate.AbstractRegistrate/REGISTRATE.REGISTER]: Registered create:cut_deepslate_slab to registry ResourceKey[minecraft:root / minecraft:item]
[06Dec2025 14:08:55.099] [main/DEBUG] [com.tterrag.registrate.AbstractRegistrate/REGISTRATE.REGISTER]: Registered create:cut_deepslate_wall to registry ResourceKey[minecraft:root / minecraft:item]
[06Dec2025 14:08:55.099] [main/DEBUG] [com.tterrag.registrate.AbstractRegistrate/REGISTRATE.REGISTER]: Registered create:polished_cut_deepslate to registry ResourceKey[minecraft:root / minecraft:item]
[06Dec2025 14:08:55.099] [main/DEBUG] [com.tterrag.registrate.AbstractRegistrate/REGISTRATE.REGISTER]: Registered create:polished_cut_deepslate_stairs to registry ResourceKey[minecraft:root / minecraft:item]
[06Dec2025 14:08:55.099] [main/DEBUG] [com.tterrag.registrate.AbstractRegistrate/REGISTRATE.REGISTER]: Registered create:polished_cut_deepslate_slab to registry ResourceKey[minecraft:root / minecraft:item]
[06Dec2025 14:08:55.099] [main/DEBUG] [com.tterrag.registrate.AbstractRegistrate/REGISTRATE.REGISTER]: Registered create:polished_cut_deepslate_wall to registry ResourceKey[minecraft:root / minecraft:item]
[06Dec2025 14:08:55.099] [main/DEBUG] [com.tterrag.registrate.AbstractRegistrate/REGISTRATE.REGISTER]: Registered create:cut_deepslate_bricks to registry ResourceKey[minecraft:root / minecraft:item]
[06Dec2025 14:08:55.099] [main/DEBUG] [com.tterrag.registrate.AbstractRegistrate/REGISTRATE.REGISTER]: Registered create:cut_deepslate_brick_stairs to registry ResourceKey[minecraft:root / minecraft:item]
[06Dec2025 14:08:55.099] [main/DEBUG] [com.tterrag.registrate.AbstractRegistrate/REGISTRATE.REGISTER]: Registered create:cut_deepslate_brick_slab to registry ResourceKey[minecraft:root / minecraft:item]
[06Dec2025 14:08:55.099] [main/DEBUG] [com.tterrag.registrate.AbstractRegistrate/REGISTRATE.REGISTER]: Registered create:cut_deepslate_brick_wall to registry ResourceKey[minecraft:root / minecraft:item]
[06Dec2025 14:08:55.099] [main/DEBUG] [com.tterrag.registrate.AbstractRegistrate/REGISTRATE.REGISTER]: Registered create:small_deepslate_bricks to registry ResourceKey[minecraft:root / minecraft:item]
[06Dec2025 14:08:55.099] [main/DEBUG] [com.tterrag.registrate.AbstractRegistrate/REGISTRATE.REGISTER]: Registered create:small_deepslate_brick_stairs to registry ResourceKey[minecraft:root / minecraft:item]
[06Dec2025 14:08:55.099] [main/DEBUG] [com.tterrag.registrate.AbstractRegistrate/REGISTRATE.REGISTER]: Registered create:small_deepslate_brick_slab to registry ResourceKey[minecraft:root / minecraft:item]
[06Dec2025 14:08:55.099] [main/DEBUG] [com.tterrag.registrate.AbstractRegistrate/REGISTRATE.REGISTER]: Registered create:small_deepslate_brick_wall to registry ResourceKey[minecraft:root / minecraft:item]
[06Dec2025 14:08:55.099] [main/DEBUG] [com.tterrag.registrate.AbstractRegistrate/REGISTRATE.REGISTER]: Registered create:layered_deepslate to registry ResourceKey[minecraft:root / minecraft:item]
[06Dec2025 14:08:55.099] [main/DEBUG] [com.tterrag.registrate.AbstractRegistrate/REGISTRATE.REGISTER]: Registered create:deepslate_pillar to registry ResourceKey[minecraft:root / minecraft:item]
[06Dec2025 14:08:55.099] [main/DEBUG] [com.tterrag.registrate.AbstractRegistrate/REGISTRATE.REGISTER]: Registered create:cut_tuff to registry ResourceKey[minecraft:root / minecraft:item]
[06Dec2025 14:08:55.099] [main/DEBUG] [com.tterrag.registrate.AbstractRegistrate/REGISTRATE.REGISTER]: Registered create:cut_tuff_stairs to registry ResourceKey[minecraft:root / minecraft:item]
[06Dec2025 14:08:55.099] [main/DEBUG] [com.tterrag.registrate.AbstractRegistrate/REGISTRATE.REGISTER]: Registered create:cut_tuff_slab to registry ResourceKey[minecraft:root / minecraft:item]
[06Dec2025 14:08:55.099] [main/DEBUG] [com.tterrag.registrate.AbstractRegistrate/REGISTRATE.REGISTER]: Registered create:cut_tuff_wall to registry ResourceKey[minecraft:root / minecraft:item]
[06Dec2025 14:08:55.099] [main/DEBUG] [com.tterrag.registrate.AbstractRegistrate/REGISTRATE.REGISTER]: Registered create:polished_cut_tuff to registry ResourceKey[minecraft:root / minecraft:item]
[06Dec2025 14:08:55.099] [main/DEBUG] [com.tterrag.registrate.AbstractRegistrate/REGISTRATE.REGISTER]: Registered create:polished_cut_tuff_stairs to registry ResourceKey[minecraft:root / minecraft:item]
[06Dec2025 14:08:55.099] [main/DEBUG] [com.tterrag.registrate.AbstractRegistrate/REGISTRATE.REGISTER]: Registered create:polished_cut_tuff_slab to registry ResourceKey[minecraft:root / minecraft:item]
[06Dec2025 14:08:55.099] [main/DEBUG] [com.tterrag.registrate.AbstractRegistrate/REGISTRATE.REGISTER]: Registered create:polished_cut_tuff_wall to registry ResourceKey[minecraft:root / minecraft:item]
[06Dec2025 14:08:55.099] [main/DEBUG] [com.tterrag.registrate.AbstractRegistrate/REGISTRATE.REGISTER]: Registered create:cut_tuff_bricks to registry ResourceKey[minecraft:root / minecraft:item]
[06Dec2025 14:08:55.099] [main/DEBUG] [com.tterrag.registrate.AbstractRegistrate/REGISTRATE.REGISTER]: Registered create:cut_tuff_brick_stairs to registry ResourceKey[minecraft:root / minecraft:item]
[06Dec2025 14:08:55.099] [main/DEBUG] [com.tterrag.registrate.AbstractRegistrate/REGISTRATE.REGISTER]: Registered create:cut_tuff_brick_slab to registry ResourceKey[minecraft:root / minecraft:item]
[06Dec2025 14:08:55.099] [main/DEBUG] [com.tterrag.registrate.AbstractRegistrate/REGISTRATE.REGISTER]: Registered create:cut_tuff_brick_wall to registry ResourceKey[minecraft:root / minecraft:item]
[06Dec2025 14:08:55.099] [main/DEBUG] [com.tterrag.registrate.AbstractRegistrate/REGISTRATE.REGISTER]: Registered create:small_tuff_bricks to registry ResourceKey[minecraft:root / minecraft:item]
[06Dec2025 14:08:55.099] [main/DEBUG] [com.tterrag.registrate.AbstractRegistrate/REGISTRATE.REGISTER]: Registered create:small_tuff_brick_stairs to registry ResourceKey[minecraft:root / minecraft:item]
[06Dec2025 14:08:55.099] [main/DEBUG] [com.tterrag.registrate.AbstractRegistrate/REGISTRATE.REGISTER]: Registered create:small_tuff_brick_slab to registry ResourceKey[minecraft:root / minecraft:item]
[06Dec2025 14:08:55.099] [main/DEBUG] [com.tterrag.registrate.AbstractRegistrate/REGISTRATE.REGISTER]: Registered create:small_tuff_brick_wall to registry ResourceKey[minecraft:root / minecraft:item]
[06Dec2025 14:08:55.099] [main/DEBUG] [com.tterrag.registrate.AbstractRegistrate/REGISTRATE.REGISTER]: Registered create:layered_tuff to registry ResourceKey[minecraft:root / minecraft:item]
[06Dec2025 14:08:55.099] [main/DEBUG] [com.tterrag.registrate.AbstractRegistrate/REGISTRATE.REGISTER]: Registered create:tuff_pillar to registry ResourceKey[minecraft:root / minecraft:item]
[06Dec2025 14:08:55.099] [main/DEBUG] [com.tterrag.registrate.AbstractRegistrate/REGISTRATE.REGISTER]: Registered create:asurine to registry ResourceKey[minecraft:root / minecraft:item]
[06Dec2025 14:08:55.099] [main/DEBUG] [com.tterrag.registrate.AbstractRegistrate/REGISTRATE.REGISTER]: Registered create:cut_asurine to registry ResourceKey[minecraft:root / minecraft:item]
[06Dec2025 14:08:55.099] [main/DEBUG] [com.tterrag.registrate.AbstractRegistrate/REGISTRATE.REGISTER]: Registered create:cut_asurine_stairs to registry ResourceKey[minecraft:root / minecraft:item]
[06Dec2025 14:08:55.099] [main/DEBUG] [com.tterrag.registrate.AbstractRegistrate/REGISTRATE.REGISTER]: Registered create:cut_asurine_slab to registry ResourceKey[minecraft:root / minecraft:item]
[06Dec2025 14:08:55.099] [main/DEBUG] [com.tterrag.registrate.AbstractRegistrate/REGISTRATE.REGISTER]: Registered create:cut_asurine_wall to registry ResourceKey[minecraft:root / minecraft:item]
[06Dec2025 14:08:55.099] [main/DEBUG] [com.tterrag.registrate.AbstractRegistrate/REGISTRATE.REGISTER]: Registered create:polished_cut_asurine to registry ResourceKey[minecraft:root / minecraft:item]
[06Dec2025 14:08:55.099] [main/DEBUG] [com.tterrag.registrate.AbstractRegistrate/REGISTRATE.REGISTER]: Registered create:polished_cut_asurine_stairs to registry ResourceKey[minecraft:root / minecraft:item]
[06Dec2025 14:08:55.099] [main/DEBUG] [com.tterrag.registrate.AbstractRegistrate/REGISTRATE.REGISTER]: Registered create:polished_cut_asurine_slab to registry ResourceKey[minecraft:root / minecraft:item]
[06Dec2025 14:08:55.099] [main/DEBUG] [com.tterrag.registrate.AbstractRegistrate/REGISTRATE.REGISTER]: Registered create:polished_cut_asurine_wall to registry ResourceKey[minecraft:root / minecraft:item]
[06Dec2025 14:08:55.099] [main/DEBUG] [com.tterrag.registrate.AbstractRegistrate/REGISTRATE.REGISTER]: Registered create:cut_asurine_bricks to registry ResourceKey[minecraft:root / minecraft:item]
[06Dec2025 14:08:55.099] [main/DEBUG] [com.tterrag.registrate.AbstractRegistrate/REGISTRATE.REGISTER]: Registered create:cut_asurine_brick_stairs to registry ResourceKey[minecraft:root / minecraft:item]
[06Dec2025 14:08:55.099] [main/DEBUG] [com.tterrag.registrate.AbstractRegistrate/REGISTRATE.REGISTER]: Registered create:cut_asurine_brick_slab to registry ResourceKey[minecraft:root / minecraft:item]
[06Dec2025 14:08:55.099] [main/DEBUG] [com.tterrag.registrate.AbstractRegistrate/REGISTRATE.REGISTER]: Registered create:cut_asurine_brick_wall to registry ResourceKey[minecraft:root / minecraft:item]
[06Dec2025 14:08:55.099] [main/DEBUG] [com.tterrag.registrate.AbstractRegistrate/REGISTRATE.REGISTER]: Registered create:small_asurine_bricks to registry ResourceKey[minecraft:root / minecraft:item]
[06Dec2025 14:08:55.099] [main/DEBUG] [com.tterrag.registrate.AbstractRegistrate/REGISTRATE.REGISTER]: Registered create:small_asurine_brick_stairs to registry ResourceKey[minecraft:root / minecraft:item]
[06Dec2025 14:08:55.099] [main/DEBUG] [com.tterrag.registrate.AbstractRegistrate/REGISTRATE.REGISTER]: Registered create:small_asurine_brick_slab to registry ResourceKey[minecraft:root / minecraft:item]
[06Dec2025 14:08:55.099] [main/DEBUG] [com.tterrag.registrate.AbstractRegistrate/REGISTRATE.REGISTER]: Registered create:small_asurine_brick_wall to registry ResourceKey[minecraft:root / minecraft:item]
[06Dec2025 14:08:55.100] [main/DEBUG] [com.tterrag.registrate.AbstractRegistrate/REGISTRATE.REGISTER]: Registered create:layered_asurine to registry ResourceKey[minecraft:root / minecraft:item]
[06Dec2025 14:08:55.100] [main/DEBUG] [com.tterrag.registrate.AbstractRegistrate/REGISTRATE.REGISTER]: Registered create:asurine_pillar to registry ResourceKey[minecraft:root / minecraft:item]
[06Dec2025 14:08:55.100] [main/DEBUG] [com.tterrag.registrate.AbstractRegistrate/REGISTRATE.REGISTER]: Registered create:crimsite to registry ResourceKey[minecraft:root / minecraft:item]
[06Dec2025 14:08:55.100] [main/DEBUG] [com.tterrag.registrate.AbstractRegistrate/REGISTRATE.REGISTER]: Registered create:cut_crimsite to registry ResourceKey[minecraft:root / minecraft:item]
[06Dec2025 14:08:55.100] [main/DEBUG] [com.tterrag.registrate.AbstractRegistrate/REGISTRATE.REGISTER]: Registered create:cut_crimsite_stairs to registry ResourceKey[minecraft:root / minecraft:item]
[06Dec2025 14:08:55.100] [main/DEBUG] [com.tterrag.registrate.AbstractRegistrate/REGISTRATE.REGISTER]: Registered create:cut_crimsite_slab to registry ResourceKey[minecraft:root / minecraft:item]
[06Dec2025 14:08:55.100] [main/DEBUG] [com.tterrag.registrate.AbstractRegistrate/REGISTRATE.REGISTER]: Registered create:cut_crimsite_wall to registry ResourceKey[minecraft:root / minecraft:item]
[06Dec2025 14:08:55.100] [main/DEBUG] [com.tterrag.registrate.AbstractRegistrate/REGISTRATE.REGISTER]: Registered create:polished_cut_crimsite to registry ResourceKey[minecraft:root / minecraft:item]
[06Dec2025 14:08:55.100] [main/DEBUG] [com.tterrag.registrate.AbstractRegistrate/REGISTRATE.REGISTER]: Registered create:polished_cut_crimsite_stairs to registry ResourceKey[minecraft:root / minecraft:item]
[06Dec2025 14:08:55.100] [main/DEBUG] [com.tterrag.registrate.AbstractRegistrate/REGISTRATE.REGISTER]: Registered create:polished_cut_crimsite_slab to registry ResourceKey[minecraft:root / minecraft:item]
[06Dec2025 14:08:55.100] [main/DEBUG] [com.tterrag.registrate.AbstractRegistrate/REGISTRATE.REGISTER]: Registered create:polished_cut_crimsite_wall to registry ResourceKey[minecraft:root / minecraft:item]
[06Dec2025 14:08:55.100] [main/DEBUG] [com.tterrag.registrate.AbstractRegistrate/REGISTRATE.REGISTER]: Registered create:cut_crimsite_bricks to registry ResourceKey[minecraft:root / minecraft:item]
[06Dec2025 14:08:55.100] [main/DEBUG] [com.tterrag.registrate.AbstractRegistrate/REGISTRATE.REGISTER]: Registered create:cut_crimsite_brick_stairs to registry ResourceKey[minecraft:root / minecraft:item]
[06Dec2025 14:08:55.100] [main/DEBUG] [com.tterrag.registrate.AbstractRegistrate/REGISTRATE.REGISTER]: Registered create:cut_crimsite_brick_slab to registry ResourceKey[minecraft:root / minecraft:item]
[06Dec2025 14:08:55.100] [main/DEBUG] [com.tterrag.registrate.AbstractRegistrate/REGISTRATE.REGISTER]: Registered create:cut_crimsite_brick_wall to registry ResourceKey[minecraft:root / minecraft:item]
[06Dec2025 14:08:55.100] [main/DEBUG] [com.tterrag.registrate.AbstractRegistrate/REGISTRATE.REGISTER]: Registered create:small_crimsite_bricks to registry ResourceKey[minecraft:root / minecraft:item]
[06Dec2025 14:08:55.100] [main/DEBUG] [com.tterrag.registrate.AbstractRegistrate/REGISTRATE.REGISTER]: Registered create:small_crimsite_brick_stairs to registry ResourceKey[minecraft:root / minecraft:item]
[06Dec2025 14:08:55.100] [main/DEBUG] [com.tterrag.registrate.AbstractRegistrate/REGISTRATE.REGISTER]: Registered create:small_crimsite_brick_slab to registry ResourceKey[minecraft:root / minecraft:item]
[06Dec2025 14:08:55.100] [main/DEBUG] [com.tterrag.registrate.AbstractRegistrate/REGISTRATE.REGISTER]: Registered create:small_crimsite_brick_wall to registry ResourceKey[minecraft:root / minecraft:item]
[06Dec2025 14:08:55.100] [main/DEBUG] [com.tterrag.registrate.AbstractRegistrate/REGISTRATE.REGISTER]: Registered create:layered_crimsite to registry ResourceKey[minecraft:root / minecraft:item]
[06Dec2025 14:08:55.100] [main/DEBUG] [com.tterrag.registrate.AbstractRegistrate/REGISTRATE.REGISTER]: Registered create:crimsite_pillar to registry ResourceKey[minecraft:root / minecraft:item]
[06Dec2025 14:08:55.100] [main/DEBUG] [com.tterrag.registrate.AbstractRegistrate/REGISTRATE.REGISTER]: Registered create:limestone to registry ResourceKey[minecraft:root / minecraft:item]
[06Dec2025 14:08:55.100] [main/DEBUG] [com.tterrag.registrate.AbstractRegistrate/REGISTRATE.REGISTER]: Registered create:cut_limestone to registry ResourceKey[minecraft:root / minecraft:item]
[06Dec2025 14:08:55.100] [main/DEBUG] [com.tterrag.registrate.AbstractRegistrate/REGISTRATE.REGISTER]: Registered create:cut_limestone_stairs to registry ResourceKey[minecraft:root / minecraft:item]
[06Dec2025 14:08:55.100] [main/DEBUG] [com.tterrag.registrate.AbstractRegistrate/REGISTRATE.REGISTER]: Registered create:cut_limestone_slab to registry ResourceKey[minecraft:root / minecraft:item]
[06Dec2025 14:08:55.100] [main/DEBUG] [com.tterrag.registrate.AbstractRegistrate/REGISTRATE.REGISTER]: Registered create:cut_limestone_wall to registry ResourceKey[minecraft:root / minecraft:item]
[06Dec2025 14:08:55.100] [main/DEBUG] [com.tterrag.registrate.AbstractRegistrate/REGISTRATE.REGISTER]: Registered create:polished_cut_limestone to registry ResourceKey[minecraft:root / minecraft:item]
[06Dec2025 14:08:55.100] [main/DEBUG] [com.tterrag.registrate.AbstractRegistrate/REGISTRATE.REGISTER]: Registered create:polished_cut_limestone_stairs to registry ResourceKey[minecraft:root / minecraft:item]
[06Dec2025 14:08:55.100] [main/DEBUG] [com.tterrag.registrate.AbstractRegistrate/REGISTRATE.REGISTER]: Registered create:polished_cut_limestone_slab to registry ResourceKey[minecraft:root / minecraft:item]
[06Dec2025 14:08:55.100] [main/DEBUG] [com.tterrag.registrate.AbstractRegistrate/REGISTRATE.REGISTER]: Registered create:polished_cut_limestone_wall to registry ResourceKey[minecraft:root / minecraft:item]
[06Dec2025 14:08:55.100] [main/DEBUG] [com.tterrag.registrate.AbstractRegistrate/REGISTRATE.REGISTER]: Registered create:cut_limestone_bricks to registry ResourceKey[minecraft:root / minecraft:item]
[06Dec2025 14:08:55.100] [main/DEBUG] [com.tterrag.registrate.AbstractRegistrate/REGISTRATE.REGISTER]: Registered create:cut_limestone_brick_stairs to registry ResourceKey[minecraft:root / minecraft:item]
[06Dec2025 14:08:55.100] [main/DEBUG] [com.tterrag.registrate.AbstractRegistrate/REGISTRATE.REGISTER]: Registered create:cut_limestone_brick_slab to registry ResourceKey[minecraft:root / minecraft:item]
[06Dec2025 14:08:55.100] [main/DEBUG] [com.tterrag.registrate.AbstractRegistrate/REGISTRATE.REGISTER]: Registered create:cut_limestone_brick_wall to registry ResourceKey[minecraft:root / minecraft:item]
[06Dec2025 14:08:55.100] [main/DEBUG] [com.tterrag.registrate.AbstractRegistrate/REGISTRATE.REGISTER]: Registered create:small_limestone_bricks to registry ResourceKey[minecraft:root / minecraft:item]
[06Dec2025 14:08:55.100] [main/DEBUG] [com.tterrag.registrate.AbstractRegistrate/REGISTRATE.REGISTER]: Registered create:small_limestone_brick_stairs to registry ResourceKey[minecraft:root / minecraft:item]
[06Dec2025 14:08:55.100] [main/DEBUG] [com.tterrag.registrate.AbstractRegistrate/REGISTRATE.REGISTER]: Registered create:small_limestone_brick_slab to registry ResourceKey[minecraft:root / minecraft:item]
[06Dec2025 14:08:55.100] [main/DEBUG] [com.tterrag.registrate.AbstractRegistrate/REGISTRATE.REGISTER]: Registered create:small_limestone_brick_wall to registry ResourceKey[minecraft:root / minecraft:item]
[06Dec2025 14:08:55.100] [main/DEBUG] [com.tterrag.registrate.AbstractRegistrate/REGISTRATE.REGISTER]: Registered create:layered_limestone to registry ResourceKey[minecraft:root / minecraft:item]
[06Dec2025 14:08:55.100] [main/DEBUG] [com.tterrag.registrate.AbstractRegistrate/REGISTRATE.REGISTER]: Registered create:limestone_pillar to registry ResourceKey[minecraft:root / minecraft:item]
[06Dec2025 14:08:55.100] [main/DEBUG] [com.tterrag.registrate.AbstractRegistrate/REGISTRATE.REGISTER]: Registered create:ochrum to registry ResourceKey[minecraft:root / minecraft:item]
[06Dec2025 14:08:55.100] [main/DEBUG] [com.tterrag.registrate.AbstractRegistrate/REGISTRATE.REGISTER]: Registered create:cut_ochrum to registry ResourceKey[minecraft:root / minecraft:item]
[06Dec2025 14:08:55.100] [main/DEBUG] [com.tterrag.registrate.AbstractRegistrate/REGISTRATE.REGISTER]: Registered create:cut_ochrum_stairs to registry ResourceKey[minecraft:root / minecraft:item]
[06Dec2025 14:08:55.100] [main/DEBUG] [com.tterrag.registrate.AbstractRegistrate/REGISTRATE.REGISTER]: Registered create:cut_ochrum_slab to registry ResourceKey[minecraft:root / minecraft:item]
[06Dec2025 14:08:55.100] [main/DEBUG] [com.tterrag.registrate.AbstractRegistrate/REGISTRATE.REGISTER]: Registered create:cut_ochrum_wall to registry ResourceKey[minecraft:root / minecraft:item]
[06Dec2025 14:08:55.100] [main/DEBUG] [com.tterrag.registrate.AbstractRegistrate/REGISTRATE.REGISTER]: Registered create:polished_cut_ochrum to registry ResourceKey[minecraft:root / minecraft:item]
[06Dec2025 14:08:55.100] [main/DEBUG] [com.tterrag.registrate.AbstractRegistrate/REGISTRATE.REGISTER]: Registered create:polished_cut_ochrum_stairs to registry ResourceKey[minecraft:root / minecraft:item]
[06Dec2025 14:08:55.100] [main/DEBUG] [com.tterrag.registrate.AbstractRegistrate/REGISTRATE.REGISTER]: Registered create:polished_cut_ochrum_slab to registry ResourceKey[minecraft:root / minecraft:item]
[06Dec2025 14:08:55.100] [main/DEBUG] [com.tterrag.registrate.AbstractRegistrate/REGISTRATE.REGISTER]: Registered create:polished_cut_ochrum_wall to registry ResourceKey[minecraft:root / minecraft:item]
[06Dec2025 14:08:55.100] [main/DEBUG] [com.tterrag.registrate.AbstractRegistrate/REGISTRATE.REGISTER]: Registered create:cut_ochrum_bricks to registry ResourceKey[minecraft:root / minecraft:item]
[06Dec2025 14:08:55.100] [main/DEBUG] [com.tterrag.registrate.AbstractRegistrate/REGISTRATE.REGISTER]: Registered create:cut_ochrum_brick_stairs to registry ResourceKey[minecraft:root / minecraft:item]
[06Dec2025 14:08:55.100] [main/DEBUG] [com.tterrag.registrate.AbstractRegistrate/REGISTRATE.REGISTER]: Registered create:cut_ochrum_brick_slab to registry ResourceKey[minecraft:root / minecraft:item]
[06Dec2025 14:08:55.100] [main/DEBUG] [com.tterrag.registrate.AbstractRegistrate/REGISTRATE.REGISTER]: Registered create:cut_ochrum_brick_wall to registry ResourceKey[minecraft:root / minecraft:item]
[06Dec2025 14:08:55.100] [main/DEBUG] [com.tterrag.registrate.AbstractRegistrate/REGISTRATE.REGISTER]: Registered create:small_ochrum_bricks to registry ResourceKey[minecraft:root / minecraft:item]
[06Dec2025 14:08:55.100] [main/DEBUG] [com.tterrag.registrate.AbstractRegistrate/REGISTRATE.REGISTER]: Registered create:small_ochrum_brick_stairs to registry ResourceKey[minecraft:root / minecraft:item]
[06Dec2025 14:08:55.100] [main/DEBUG] [com.tterrag.registrate.AbstractRegistrate/REGISTRATE.REGISTER]: Registered create:small_ochrum_brick_slab to registry ResourceKey[minecraft:root / minecraft:item]
[06Dec2025 14:08:55.100] [main/DEBUG] [com.tterrag.registrate.AbstractRegistrate/REGISTRATE.REGISTER]: Registered create:small_ochrum_brick_wall to registry ResourceKey[minecraft:root / minecraft:item]
[06Dec2025 14:08:55.100] [main/DEBUG] [com.tterrag.registrate.AbstractRegistrate/REGISTRATE.REGISTER]: Registered create:layered_ochrum to registry ResourceKey[minecraft:root / minecraft:item]
[06Dec2025 14:08:55.100] [main/DEBUG] [com.tterrag.registrate.AbstractRegistrate/REGISTRATE.REGISTER]: Registered create:ochrum_pillar to registry ResourceKey[minecraft:root / minecraft:item]
[06Dec2025 14:08:55.100] [main/DEBUG] [com.tterrag.registrate.AbstractRegistrate/REGISTRATE.REGISTER]: Registered create:scoria to registry ResourceKey[minecraft:root / minecraft:item]
[06Dec2025 14:08:55.100] [main/DEBUG] [com.tterrag.registrate.AbstractRegistrate/REGISTRATE.REGISTER]: Registered create:cut_scoria to registry ResourceKey[minecraft:root / minecraft:item]
[06Dec2025 14:08:55.100] [main/DEBUG] [com.tterrag.registrate.AbstractRegistrate/REGISTRATE.REGISTER]: Registered create:cut_scoria_stairs to registry ResourceKey[minecraft:root / minecraft:item]
[06Dec2025 14:08:55.100] [main/DEBUG] [com.tterrag.registrate.AbstractRegistrate/REGISTRATE.REGISTER]: Registered create:cut_scoria_slab to registry ResourceKey[minecraft:root / minecraft:item]
[06Dec2025 14:08:55.100] [main/DEBUG] [com.tterrag.registrate.AbstractRegistrate/REGISTRATE.REGISTER]: Registered create:cut_scoria_wall to registry ResourceKey[minecraft:root / minecraft:item]
[06Dec2025 14:08:55.100] [main/DEBUG] [com.tterrag.registrate.AbstractRegistrate/REGISTRATE.REGISTER]: Registered create:polished_cut_scoria to registry ResourceKey[minecraft:root / minecraft:item]
[06Dec2025 14:08:55.100] [main/DEBUG] [com.tterrag.registrate.AbstractRegistrate/REGISTRATE.REGISTER]: Registered create:polished_cut_scoria_stairs to registry ResourceKey[minecraft:root / minecraft:item]
[06Dec2025 14:08:55.100] [main/DEBUG] [com.tterrag.registrate.AbstractRegistrate/REGISTRATE.REGISTER]: Registered create:polished_cut_scoria_slab to registry ResourceKey[minecraft:root / minecraft:item]
[06Dec2025 14:08:55.100] [main/DEBUG] [com.tterrag.registrate.AbstractRegistrate/REGISTRATE.REGISTER]: Registered create:polished_cut_scoria_wall to registry ResourceKey[minecraft:root / minecraft:item]
[06Dec2025 14:08:55.100] [main/DEBUG] [com.tterrag.registrate.AbstractRegistrate/REGISTRATE.REGISTER]: Registered create:cut_scoria_bricks to registry ResourceKey[minecraft:root / minecraft:item]
[06Dec2025 14:08:55.100] [main/DEBUG] [com.tterrag.registrate.AbstractRegistrate/REGISTRATE.REGISTER]: Registered create:cut_scoria_brick_stairs to registry ResourceKey[minecraft:root / minecraft:item]
[06Dec2025 14:08:55.100] [main/DEBUG] [com.tterrag.registrate.AbstractRegistrate/REGISTRATE.REGISTER]: Registered create:cut_scoria_brick_slab to registry ResourceKey[minecraft:root / minecraft:item]
[06Dec2025 14:08:55.100] [main/DEBUG] [com.tterrag.registrate.AbstractRegistrate/REGISTRATE.REGISTER]: Registered create:cut_scoria_brick_wall to registry ResourceKey[minecraft:root / minecraft:item]
[06Dec2025 14:08:55.100] [main/DEBUG] [com.tterrag.registrate.AbstractRegistrate/REGISTRATE.REGISTER]: Registered create:small_scoria_bricks to registry ResourceKey[minecraft:root / minecraft:item]
[06Dec2025 14:08:55.100] [main/DEBUG] [com.tterrag.registrate.AbstractRegistrate/REGISTRATE.REGISTER]: Registered create:small_scoria_brick_stairs to registry ResourceKey[minecraft:root / minecraft:item]
[06Dec2025 14:08:55.100] [main/DEBUG] [com.tterrag.registrate.AbstractRegistrate/REGISTRATE.REGISTER]: Registered create:small_scoria_brick_slab to registry ResourceKey[minecraft:root / minecraft:item]
[06Dec2025 14:08:55.100] [main/DEBUG] [com.tterrag.registrate.AbstractRegistrate/REGISTRATE.REGISTER]: Registered create:small_scoria_brick_wall to registry ResourceKey[minecraft:root / minecraft:item]
[06Dec2025 14:08:55.100] [main/DEBUG] [com.tterrag.registrate.AbstractRegistrate/REGISTRATE.REGISTER]: Registered create:layered_scoria to registry ResourceKey[minecraft:root / minecraft:item]
[06Dec2025 14:08:55.100] [main/DEBUG] [com.tterrag.registrate.AbstractRegistrate/REGISTRATE.REGISTER]: Registered create:scoria_pillar to registry ResourceKey[minecraft:root / minecraft:item]
[06Dec2025 14:08:55.100] [main/DEBUG] [com.tterrag.registrate.AbstractRegistrate/REGISTRATE.REGISTER]: Registered create:scorchia to registry ResourceKey[minecraft:root / minecraft:item]
[06Dec2025 14:08:55.100] [main/DEBUG] [com.tterrag.registrate.AbstractRegistrate/REGISTRATE.REGISTER]: Registered create:cut_scorchia to registry ResourceKey[minecraft:root / minecraft:item]
[06Dec2025 14:08:55.100] [main/DEBUG] [com.tterrag.registrate.AbstractRegistrate/REGISTRATE.REGISTER]: Registered create:cut_scorchia_stairs to registry ResourceKey[minecraft:root / minecraft:item]
[06Dec2025 14:08:55.100] [main/DEBUG] [com.tterrag.registrate.AbstractRegistrate/REGISTRATE.REGISTER]: Registered create:cut_scorchia_slab to registry ResourceKey[minecraft:root / minecraft:item]
[06Dec2025 14:08:55.100] [main/DEBUG] [com.tterrag.registrate.AbstractRegistrate/REGISTRATE.REGISTER]: Registered create:cut_scorchia_wall to registry ResourceKey[minecraft:root / minecraft:item]
[06Dec2025 14:08:55.100] [main/DEBUG] [com.tterrag.registrate.AbstractRegistrate/REGISTRATE.REGISTER]: Registered create:polished_cut_scorchia to registry ResourceKey[minecraft:root / minecraft:item]
[06Dec2025 14:08:55.100] [main/DEBUG] [com.tterrag.registrate.AbstractRegistrate/REGISTRATE.REGISTER]: Registered create:polished_cut_scorchia_stairs to registry ResourceKey[minecraft:root / minecraft:item]
[06Dec2025 14:08:55.100] [main/DEBUG] [com.tterrag.registrate.AbstractRegistrate/REGISTRATE.REGISTER]: Registered create:polished_cut_scorchia_slab to registry ResourceKey[minecraft:root / minecraft:item]
[06Dec2025 14:08:55.100] [main/DEBUG] [com.tterrag.registrate.AbstractRegistrate/REGISTRATE.REGISTER]: Registered create:polished_cut_scorchia_wall to registry ResourceKey[minecraft:root / minecraft:item]
[06Dec2025 14:08:55.100] [main/DEBUG] [com.tterrag.registrate.AbstractRegistrate/REGISTRATE.REGISTER]: Registered create:cut_scorchia_bricks to registry ResourceKey[minecraft:root / minecraft:item]
[06Dec2025 14:08:55.100] [main/DEBUG] [com.tterrag.registrate.AbstractRegistrate/REGISTRATE.REGISTER]: Registered create:cut_scorchia_brick_stairs to registry ResourceKey[minecraft:root / minecraft:item]
[06Dec2025 14:08:55.100] [main/DEBUG] [com.tterrag.registrate.AbstractRegistrate/REGISTRATE.REGISTER]: Registered create:cut_scorchia_brick_slab to registry ResourceKey[minecraft:root / minecraft:item]
[06Dec2025 14:08:55.100] [main/DEBUG] [com.tterrag.registrate.AbstractRegistrate/REGISTRATE.REGISTER]: Registered create:cut_scorchia_brick_wall to registry ResourceKey[minecraft:root / minecraft:item]
[06Dec2025 14:08:55.100] [main/DEBUG] [com.tterrag.registrate.AbstractRegistrate/REGISTRATE.REGISTER]: Registered create:small_scorchia_bricks to registry ResourceKey[minecraft:root / minecraft:item]
[06Dec2025 14:08:55.100] [main/DEBUG] [com.tterrag.registrate.AbstractRegistrate/REGISTRATE.REGISTER]: Registered create:small_scorchia_brick_stairs to registry ResourceKey[minecraft:root / minecraft:item]
[06Dec2025 14:08:55.100] [main/DEBUG] [com.tterrag.registrate.AbstractRegistrate/REGISTRATE.REGISTER]: Registered create:small_scorchia_brick_slab to registry ResourceKey[minecraft:root / minecraft:item]
[06Dec2025 14:08:55.100] [main/DEBUG] [com.tterrag.registrate.AbstractRegistrate/REGISTRATE.REGISTER]: Registered create:small_scorchia_brick_wall to registry ResourceKey[minecraft:root / minecraft:item]
[06Dec2025 14:08:55.100] [main/DEBUG] [com.tterrag.registrate.AbstractRegistrate/REGISTRATE.REGISTER]: Registered create:layered_scorchia to registry ResourceKey[minecraft:root / minecraft:item]
[06Dec2025 14:08:55.100] [main/DEBUG] [com.tterrag.registrate.AbstractRegistrate/REGISTRATE.REGISTER]: Registered create:scorchia_pillar to registry ResourceKey[minecraft:root / minecraft:item]
[06Dec2025 14:08:55.100] [main/DEBUG] [com.tterrag.registrate.AbstractRegistrate/REGISTRATE.REGISTER]: Registered create:veridium to registry ResourceKey[minecraft:root / minecraft:item]
[06Dec2025 14:08:55.100] [main/DEBUG] [com.tterrag.registrate.AbstractRegistrate/REGISTRATE.REGISTER]: Registered create:cut_veridium to registry ResourceKey[minecraft:root / minecraft:item]
[06Dec2025 14:08:55.101] [main/DEBUG] [com.tterrag.registrate.AbstractRegistrate/REGISTRATE.REGISTER]: Registered create:cut_veridium_stairs to registry ResourceKey[minecraft:root / minecraft:item]
[06Dec2025 14:08:55.101] [main/DEBUG] [com.tterrag.registrate.AbstractRegistrate/REGISTRATE.REGISTER]: Registered create:cut_veridium_slab to registry ResourceKey[minecraft:root / minecraft:item]
[06Dec2025 14:08:55.101] [main/DEBUG] [com.tterrag.registrate.AbstractRegistrate/REGISTRATE.REGISTER]: Registered create:cut_veridium_wall to registry ResourceKey[minecraft:root / minecraft:item]
[06Dec2025 14:08:55.101] [main/DEBUG] [com.tterrag.registrate.AbstractRegistrate/REGISTRATE.REGISTER]: Registered create:polished_cut_veridium to registry ResourceKey[minecraft:root / minecraft:item]
[06Dec2025 14:08:55.101] [main/DEBUG] [com.tterrag.registrate.AbstractRegistrate/REGISTRATE.REGISTER]: Registered create:polished_cut_veridium_stairs to registry ResourceKey[minecraft:root / minecraft:item]
[06Dec2025 14:08:55.101] [main/DEBUG] [com.tterrag.registrate.AbstractRegistrate/REGISTRATE.REGISTER]: Registered create:polished_cut_veridium_slab to registry ResourceKey[minecraft:root / minecraft:item]
[06Dec2025 14:08:55.101] [main/DEBUG] [com.tterrag.registrate.AbstractRegistrate/REGISTRATE.REGISTER]: Registered create:polished_cut_veridium_wall to registry ResourceKey[minecraft:root / minecraft:item]
[06Dec2025 14:08:55.101] [main/DEBUG] [com.tterrag.registrate.AbstractRegistrate/REGISTRATE.REGISTER]: Registered create:cut_veridium_bricks to registry ResourceKey[minecraft:root / minecraft:item]
[06Dec2025 14:08:55.101] [main/DEBUG] [com.tterrag.registrate.AbstractRegistrate/REGISTRATE.REGISTER]: Registered create:cut_veridium_brick_stairs to registry ResourceKey[minecraft:root / minecraft:item]
[06Dec2025 14:08:55.101] [main/DEBUG] [com.tterrag.registrate.AbstractRegistrate/REGISTRATE.REGISTER]: Registered create:cut_veridium_brick_slab to registry ResourceKey[minecraft:root / minecraft:item]
[06Dec2025 14:08:55.101] [main/DEBUG] [com.tterrag.registrate.AbstractRegistrate/REGISTRATE.REGISTER]: Registered create:cut_veridium_brick_wall to registry ResourceKey[minecraft:root / minecraft:item]
[06Dec2025 14:08:55.101] [main/DEBUG] [com.tterrag.registrate.AbstractRegistrate/REGISTRATE.REGISTER]: Registered create:small_veridium_bricks to registry ResourceKey[minecraft:root / minecraft:item]
[06Dec2025 14:08:55.101] [main/DEBUG] [com.tterrag.registrate.AbstractRegistrate/REGISTRATE.REGISTER]: Registered create:small_veridium_brick_stairs to registry ResourceKey[minecraft:root / minecraft:item]
[06Dec2025 14:08:55.101] [main/DEBUG] [com.tterrag.registrate.AbstractRegistrate/REGISTRATE.REGISTER]: Registered create:small_veridium_brick_slab to registry ResourceKey[minecraft:root / minecraft:item]
[06Dec2025 14:08:55.101] [main/DEBUG] [com.tterrag.registrate.AbstractRegistrate/REGISTRATE.REGISTER]: Registered create:small_veridium_brick_wall to registry ResourceKey[minecraft:root / minecraft:item]
[06Dec2025 14:08:55.101] [main/DEBUG] [com.tterrag.registrate.AbstractRegistrate/REGISTRATE.REGISTER]: Registered create:layered_veridium to registry ResourceKey[minecraft:root / minecraft:item]
[06Dec2025 14:08:55.101] [main/DEBUG] [com.tterrag.registrate.AbstractRegistrate/REGISTRATE.REGISTER]: Registered create:veridium_pillar to registry ResourceKey[minecraft:root / minecraft:item]
[06Dec2025 14:08:55.103] [main/DEBUG] [software.bernie.geckolib.GeckoLib/]: Registered SyncedAnimatable for class com.mod.rbh.items.SingularityRifle
[06Dec2025 14:08:55.103] [main/DEBUG] [net.minecraftforge.registries.GameData/REGISTRIES]: Applying holder lookups: minecraft:item
[06Dec2025 14:08:55.104] [main/DEBUG] [net.minecraftforge.registries.GameData/REGISTRIES]: Holder lookups applied: minecraft:item
[06Dec2025 14:08:55.105] [main/DEBUG] [com.tterrag.registrate.AbstractRegistrate/REGISTRATE.REGISTER]: Registering 9 known objects of type minecraft:entity_type
[06Dec2025 14:08:55.105] [main/DEBUG] [com.tterrag.registrate.AbstractRegistrate/REGISTRATE.REGISTER]: Registered create:contraption to registry ResourceKey[minecraft:root / minecraft:entity_type]
[06Dec2025 14:08:55.105] [main/DEBUG] [com.tterrag.registrate.AbstractRegistrate/REGISTRATE.REGISTER]: Registered create:stationary_contraption to registry ResourceKey[minecraft:root / minecraft:entity_type]
[06Dec2025 14:08:55.105] [main/DEBUG] [com.tterrag.registrate.AbstractRegistrate/REGISTRATE.REGISTER]: Registered create:gantry_contraption to registry ResourceKey[minecraft:root / minecraft:entity_type]
[06Dec2025 14:08:55.105] [main/DEBUG] [com.tterrag.registrate.AbstractRegistrate/REGISTRATE.REGISTER]: Registered create:carriage_contraption to registry ResourceKey[minecraft:root / minecraft:entity_type]
[06Dec2025 14:08:55.105] [main/DEBUG] [com.tterrag.registrate.AbstractRegistrate/REGISTRATE.REGISTER]: Registered create:super_glue to registry ResourceKey[minecraft:root / minecraft:entity_type]
[06Dec2025 14:08:55.106] [main/DEBUG] [com.tterrag.registrate.AbstractRegistrate/REGISTRATE.REGISTER]: Registered create:crafting_blueprint to registry ResourceKey[minecraft:root / minecraft:entity_type]
[06Dec2025 14:08:55.106] [main/DEBUG] [com.tterrag.registrate.AbstractRegistrate/REGISTRATE.REGISTER]: Registered create:potato_projectile to registry ResourceKey[minecraft:root / minecraft:entity_type]
[06Dec2025 14:08:55.106] [main/DEBUG] [com.tterrag.registrate.AbstractRegistrate/REGISTRATE.REGISTER]: Registered create:seat to registry ResourceKey[minecraft:root / minecraft:entity_type]
[06Dec2025 14:08:55.106] [main/DEBUG] [com.tterrag.registrate.AbstractRegistrate/REGISTRATE.REGISTER]: Registered create:package to registry ResourceKey[minecraft:root / minecraft:entity_type]
[06Dec2025 14:08:55.107] [main/DEBUG] [net.minecraftforge.registries.GameData/REGISTRIES]: Applying holder lookups: minecraft:entity_type
[06Dec2025 14:08:55.108] [main/DEBUG] [net.minecraftforge.registries.GameData/REGISTRIES]: Holder lookups applied: minecraft:entity_type
[06Dec2025 14:08:55.108] [main/DEBUG] [net.minecraftforge.registries.GameData/REGISTRIES]: Applying holder lookups: minecraft:sensor_type
[06Dec2025 14:08:55.108] [main/DEBUG] [net.minecraftforge.registries.GameData/REGISTRIES]: Holder lookups applied: minecraft:sensor_type
[06Dec2025 14:08:55.108] [main/DEBUG] [net.minecraftforge.registries.GameData/REGISTRIES]: Applying holder lookups: minecraft:memory_module_type
[06Dec2025 14:08:55.108] [main/DEBUG] [net.minecraftforge.registries.GameData/REGISTRIES]: Holder lookups applied: minecraft:memory_module_type
[06Dec2025 14:08:55.108] [main/DEBUG] [net.minecraftforge.registries.GameData/REGISTRIES]: Applying holder lookups: minecraft:potion
[06Dec2025 14:08:55.108] [main/DEBUG] [net.minecraftforge.registries.GameData/REGISTRIES]: Holder lookups applied: minecraft:potion
[06Dec2025 14:08:55.108] [main/DEBUG] [net.minecraftforge.registries.GameData/REGISTRIES]: Applying holder lookups: minecraft:game_event
[06Dec2025 14:08:55.109] [main/DEBUG] [net.minecraftforge.registries.GameData/REGISTRIES]: Holder lookups applied: minecraft:game_event
[06Dec2025 14:08:55.109] [main/DEBUG] [com.tterrag.registrate.AbstractRegistrate/REGISTRATE.REGISTER]: Registering 2 known objects of type minecraft:enchantment
[06Dec2025 14:08:55.109] [main/DEBUG] [com.tterrag.registrate.AbstractRegistrate/REGISTRATE.REGISTER]: Registered create:potato_recovery to registry ResourceKey[minecraft:root / minecraft:enchantment]
[06Dec2025 14:08:55.109] [main/DEBUG] [com.tterrag.registrate.AbstractRegistrate/REGISTRATE.REGISTER]: Registered create:capacity to registry ResourceKey[minecraft:root / minecraft:enchantment]
[06Dec2025 14:08:55.109] [main/DEBUG] [net.minecraftforge.registries.GameData/REGISTRIES]: Applying holder lookups: minecraft:enchantment
[06Dec2025 14:08:55.109] [main/DEBUG] [net.minecraftforge.registries.GameData/REGISTRIES]: Holder lookups applied: minecraft:enchantment
[06Dec2025 14:08:55.110] [main/DEBUG] [com.tterrag.registrate.AbstractRegistrate/REGISTRATE.REGISTER]: Registering 114 known objects of type minecraft:block_entity_type
[06Dec2025 14:08:55.110] [main/DEBUG] [com.tterrag.registrate.AbstractRegistrate/REGISTRATE.REGISTER]: Registered create:schematicannon to registry ResourceKey[minecraft:root / minecraft:block_entity_type]
[06Dec2025 14:08:55.110] [main/DEBUG] [com.tterrag.registrate.AbstractRegistrate/REGISTRATE.REGISTER]: Registered create:schematic_table to registry ResourceKey[minecraft:root / minecraft:block_entity_type]
[06Dec2025 14:08:55.110] [main/DEBUG] [com.tterrag.registrate.AbstractRegistrate/REGISTRATE.REGISTER]: Registered create:simple_kinetic to registry ResourceKey[minecraft:root / minecraft:block_entity_type]
[06Dec2025 14:08:55.110] [main/DEBUG] [com.tterrag.registrate.AbstractRegistrate/REGISTRATE.REGISTER]: Registered create:motor to registry ResourceKey[minecraft:root / minecraft:block_entity_type]
[06Dec2025 14:08:55.110] [main/DEBUG] [com.tterrag.registrate.AbstractRegistrate/REGISTRATE.REGISTER]: Registered create:gearbox to registry ResourceKey[minecraft:root / minecraft:block_entity_type]
[06Dec2025 14:08:55.111] [main/DEBUG] [com.tterrag.registrate.AbstractRegistrate/REGISTRATE.REGISTER]: Registered create:encased_shaft to registry ResourceKey[minecraft:root / minecraft:block_entity_type]
[06Dec2025 14:08:55.111] [main/DEBUG] [com.tterrag.registrate.AbstractRegistrate/REGISTRATE.REGISTER]: Registered create:encased_cogwheel to registry ResourceKey[minecraft:root / minecraft:block_entity_type]
[06Dec2025 14:08:55.111] [main/DEBUG] [com.tterrag.registrate.AbstractRegistrate/REGISTRATE.REGISTER]: Registered create:encased_large_cogwheel to registry ResourceKey[minecraft:root / minecraft:block_entity_type]
[06Dec2025 14:08:55.111] [main/DEBUG] [com.tterrag.registrate.AbstractRegistrate/REGISTRATE.REGISTER]: Registered create:adjustable_chain_gearshift to registry ResourceKey[minecraft:root / minecraft:block_entity_type]
[06Dec2025 14:08:55.111] [main/DEBUG] [com.tterrag.registrate.AbstractRegistrate/REGISTRATE.REGISTER]: Registered create:encased_fan to registry ResourceKey[minecraft:root / minecraft:block_entity_type]
[06Dec2025 14:08:55.111] [main/DEBUG] [com.tterrag.registrate.AbstractRegistrate/REGISTRATE.REGISTER]: Registered create:nozzle to registry ResourceKey[minecraft:root / minecraft:block_entity_type]
[06Dec2025 14:08:55.111] [main/DEBUG] [com.tterrag.registrate.AbstractRegistrate/REGISTRATE.REGISTER]: Registered create:clutch to registry ResourceKey[minecraft:root / minecraft:block_entity_type]
[06Dec2025 14:08:55.111] [main/DEBUG] [com.tterrag.registrate.AbstractRegistrate/REGISTRATE.REGISTER]: Registered create:gearshift to registry ResourceKey[minecraft:root / minecraft:block_entity_type]
[06Dec2025 14:08:55.111] [main/DEBUG] [com.tterrag.registrate.AbstractRegistrate/REGISTRATE.REGISTER]: Registered create:turntable to registry ResourceKey[minecraft:root / minecraft:block_entity_type]
[06Dec2025 14:08:55.111] [main/DEBUG] [com.tterrag.registrate.AbstractRegistrate/REGISTRATE.REGISTER]: Registered create:hand_crank to registry ResourceKey[minecraft:root / minecraft:block_entity_type]
[06Dec2025 14:08:55.111] [main/DEBUG] [com.tterrag.registrate.AbstractRegistrate/REGISTRATE.REGISTER]: Registered create:valve_handle to registry ResourceKey[minecraft:root / minecraft:block_entity_type]
[06Dec2025 14:08:55.111] [main/DEBUG] [com.tterrag.registrate.AbstractRegistrate/REGISTRATE.REGISTER]: Registered create:cuckoo_clock to registry ResourceKey[minecraft:root / minecraft:block_entity_type]
[06Dec2025 14:08:55.111] [main/DEBUG] [com.tterrag.registrate.AbstractRegistrate/REGISTRATE.REGISTER]: Registered create:gantry_shaft to registry ResourceKey[minecraft:root / minecraft:block_entity_type]
[06Dec2025 14:08:55.111] [main/DEBUG] [com.tterrag.registrate.AbstractRegistrate/REGISTRATE.REGISTER]: Registered create:gantry_pinion to registry ResourceKey[minecraft:root / minecraft:block_entity_type]
[06Dec2025 14:08:55.111] [main/DEBUG] [com.tterrag.registrate.AbstractRegistrate/REGISTRATE.REGISTER]: Registered create:chain_conveyor to registry ResourceKey[minecraft:root / minecraft:block_entity_type]
[06Dec2025 14:08:55.111] [main/DEBUG] [com.tterrag.registrate.AbstractRegistrate/REGISTRATE.REGISTER]: Registered create:mechanical_pump to registry ResourceKey[minecraft:root / minecraft:block_entity_type]
[06Dec2025 14:08:55.111] [main/DEBUG] [com.tterrag.registrate.AbstractRegistrate/REGISTRATE.REGISTER]: Registered create:smart_fluid_pipe to registry ResourceKey[minecraft:root / minecraft:block_entity_type]
[06Dec2025 14:08:55.111] [main/DEBUG] [com.tterrag.registrate.AbstractRegistrate/REGISTRATE.REGISTER]: Registered create:fluid_pipe to registry ResourceKey[minecraft:root / minecraft:block_entity_type]
[06Dec2025 14:08:55.111] [main/DEBUG] [com.tterrag.registrate.AbstractRegistrate/REGISTRATE.REGISTER]: Registered create:encased_fluid_pipe to registry ResourceKey[minecraft:root / minecraft:block_entity_type]
[06Dec2025 14:08:55.111] [main/DEBUG] [com.tterrag.registrate.AbstractRegistrate/REGISTRATE.REGISTER]: Registered create:glass_fluid_pipe to registry ResourceKey[minecraft:root / minecraft:block_entity_type]
[06Dec2025 14:08:55.111] [main/DEBUG] [com.tterrag.registrate.AbstractRegistrate/REGISTRATE.REGISTER]: Registered create:fluid_valve to registry ResourceKey[minecraft:root / minecraft:block_entity_type]
[06Dec2025 14:08:55.111] [main/DEBUG] [com.tterrag.registrate.AbstractRegistrate/REGISTRATE.REGISTER]: Registered create:fluid_tank to registry ResourceKey[minecraft:root / minecraft:block_entity_type]
[06Dec2025 14:08:55.111] [main/DEBUG] [com.tterrag.registrate.AbstractRegistrate/REGISTRATE.REGISTER]: Registered create:creative_fluid_tank to registry ResourceKey[minecraft:root / minecraft:block_entity_type]
[06Dec2025 14:08:55.111] [main/DEBUG] [com.tterrag.registrate.AbstractRegistrate/REGISTRATE.REGISTER]: Registered create:hose_pulley to registry ResourceKey[minecraft:root / minecraft:block_entity_type]
[06Dec2025 14:08:55.111] [main/DEBUG] [com.tterrag.registrate.AbstractRegistrate/REGISTRATE.REGISTER]: Registered create:spout to registry ResourceKey[minecraft:root / minecraft:block_entity_type]
[06Dec2025 14:08:55.111] [main/DEBUG] [com.tterrag.registrate.AbstractRegistrate/REGISTRATE.REGISTER]: Registered create:item_drain to registry ResourceKey[minecraft:root / minecraft:block_entity_type]
[06Dec2025 14:08:55.111] [main/DEBUG] [com.tterrag.registrate.AbstractRegistrate/REGISTRATE.REGISTER]: Registered create:belt to registry ResourceKey[minecraft:root / minecraft:block_entity_type]
[06Dec2025 14:08:55.111] [main/DEBUG] [com.tterrag.registrate.AbstractRegistrate/REGISTRATE.REGISTER]: Registered create:chute to registry ResourceKey[minecraft:root / minecraft:block_entity_type]
[06Dec2025 14:08:55.111] [main/DEBUG] [com.tterrag.registrate.AbstractRegistrate/REGISTRATE.REGISTER]: Registered create:smart_chute to registry ResourceKey[minecraft:root / minecraft:block_entity_type]
[06Dec2025 14:08:55.111] [main/DEBUG] [com.tterrag.registrate.AbstractRegistrate/REGISTRATE.REGISTER]: Registered create:andesite_tunnel to registry ResourceKey[minecraft:root / minecraft:block_entity_type]
[06Dec2025 14:08:55.111] [main/DEBUG] [com.tterrag.registrate.AbstractRegistrate/REGISTRATE.REGISTER]: Registered create:brass_tunnel to registry ResourceKey[minecraft:root / minecraft:block_entity_type]
[06Dec2025 14:08:55.111] [main/DEBUG] [com.tterrag.registrate.AbstractRegistrate/REGISTRATE.REGISTER]: Registered create:mechanical_arm to registry ResourceKey[minecraft:root / minecraft:block_entity_type]
[06Dec2025 14:08:55.111] [main/DEBUG] [com.tterrag.registrate.AbstractRegistrate/REGISTRATE.REGISTER]: Registered create:item_vault to registry ResourceKey[minecraft:root / minecraft:block_entity_type]
[06Dec2025 14:08:55.111] [main/DEBUG] [com.tterrag.registrate.AbstractRegistrate/REGISTRATE.REGISTER]: Registered create:item_hatch to registry ResourceKey[minecraft:root / minecraft:block_entity_type]
[06Dec2025 14:08:55.111] [main/DEBUG] [com.tterrag.registrate.AbstractRegistrate/REGISTRATE.REGISTER]: Registered create:packager to registry ResourceKey[minecraft:root / minecraft:block_entity_type]
[06Dec2025 14:08:55.111] [main/DEBUG] [com.tterrag.registrate.AbstractRegistrate/REGISTRATE.REGISTER]: Registered create:repackager to registry ResourceKey[minecraft:root / minecraft:block_entity_type]
[06Dec2025 14:08:55.111] [main/DEBUG] [com.tterrag.registrate.AbstractRegistrate/REGISTRATE.REGISTER]: Registered create:package_frogport to registry ResourceKey[minecraft:root / minecraft:block_entity_type]
[06Dec2025 14:08:55.111] [main/DEBUG] [com.tterrag.registrate.AbstractRegistrate/REGISTRATE.REGISTER]: Registered create:package_postbox to registry ResourceKey[minecraft:root / minecraft:block_entity_type]
[06Dec2025 14:08:55.111] [main/DEBUG] [com.tterrag.registrate.AbstractRegistrate/REGISTRATE.REGISTER]: Registered create:table_cloth to registry ResourceKey[minecraft:root / minecraft:block_entity_type]
[06Dec2025 14:08:55.111] [main/DEBUG] [com.tterrag.registrate.AbstractRegistrate/REGISTRATE.REGISTER]: Registered create:packager_link to registry ResourceKey[minecraft:root / minecraft:block_entity_type]
[06Dec2025 14:08:55.111] [main/DEBUG] [com.tterrag.registrate.AbstractRegistrate/REGISTRATE.REGISTER]: Registered create:stock_ticker to registry ResourceKey[minecraft:root / minecraft:block_entity_type]
[06Dec2025 14:08:55.111] [main/DEBUG] [com.tterrag.registrate.AbstractRegistrate/REGISTRATE.REGISTER]: Registered create:redstone_requester to registry ResourceKey[minecraft:root / minecraft:block_entity_type]
[06Dec2025 14:08:55.111] [main/DEBUG] [com.tterrag.registrate.AbstractRegistrate/REGISTRATE.REGISTER]: Registered create:mechanical_piston to registry ResourceKey[minecraft:root / minecraft:block_entity_type]
[06Dec2025 14:08:55.111] [main/DEBUG] [com.tterrag.registrate.AbstractRegistrate/REGISTRATE.REGISTER]: Registered create:windmill_bearing to registry ResourceKey[minecraft:root / minecraft:block_entity_type]
[06Dec2025 14:08:55.111] [main/DEBUG] [com.tterrag.registrate.AbstractRegistrate/REGISTRATE.REGISTER]: Registered create:mechanical_bearing to registry ResourceKey[minecraft:root / minecraft:block_entity_type]
[06Dec2025 14:08:55.111] [main/DEBUG] [com.tterrag.registrate.AbstractRegistrate/REGISTRATE.REGISTER]: Registered create:clockwork_bearing to registry ResourceKey[minecraft:root / minecraft:block_entity_type]
[06Dec2025 14:08:55.111] [main/DEBUG] [com.tterrag.registrate.AbstractRegistrate/REGISTRATE.REGISTER]: Registered create:rope_pulley to registry ResourceKey[minecraft:root / minecraft:block_entity_type]
[06Dec2025 14:08:55.111] [main/DEBUG] [com.tterrag.registrate.AbstractRegistrate/REGISTRATE.REGISTER]: Registered create:elevator_pulley to registry ResourceKey[minecraft:root / minecraft:block_entity_type]
[06Dec2025 14:08:55.111] [main/DEBUG] [com.tterrag.registrate.AbstractRegistrate/REGISTRATE.REGISTER]: Registered create:elevator_contact to registry ResourceKey[minecraft:root / minecraft:block_entity_type]
[06Dec2025 14:08:55.111] [main/DEBUG] [com.tterrag.registrate.AbstractRegistrate/REGISTRATE.REGISTER]: Registered create:chassis to registry ResourceKey[minecraft:root / minecraft:block_entity_type]
[06Dec2025 14:08:55.111] [main/DEBUG] [com.tterrag.registrate.AbstractRegistrate/REGISTRATE.REGISTER]: Registered create:sticker to registry ResourceKey[minecraft:root / minecraft:block_entity_type]
[06Dec2025 14:08:55.111] [main/DEBUG] [com.tterrag.registrate.AbstractRegistrate/REGISTRATE.REGISTER]: Registered create:contraption_controls to registry ResourceKey[minecraft:root / minecraft:block_entity_type]
[06Dec2025 14:08:55.111] [main/DEBUG] [com.tterrag.registrate.AbstractRegistrate/REGISTRATE.REGISTER]: Registered create:drill to registry ResourceKey[minecraft:root / minecraft:block_entity_type]
[06Dec2025 14:08:55.111] [main/DEBUG] [com.tterrag.registrate.AbstractRegistrate/REGISTRATE.REGISTER]: Registered create:saw to registry ResourceKey[minecraft:root / minecraft:block_entity_type]
[06Dec2025 14:08:55.111] [main/DEBUG] [com.tterrag.registrate.AbstractRegistrate/REGISTRATE.REGISTER]: Registered create:harvester to registry ResourceKey[minecraft:root / minecraft:block_entity_type]
[06Dec2025 14:08:55.111] [main/DEBUG] [com.tterrag.registrate.AbstractRegistrate/REGISTRATE.REGISTER]: Registered create:mechanical_roller to registry ResourceKey[minecraft:root / minecraft:block_entity_type]
[06Dec2025 14:08:55.111] [main/DEBUG] [com.tterrag.registrate.AbstractRegistrate/REGISTRATE.REGISTER]: Registered create:portable_storage_interface to registry ResourceKey[minecraft:root / minecraft:block_entity_type]
[06Dec2025 14:08:55.111] [main/DEBUG] [com.tterrag.registrate.AbstractRegistrate/REGISTRATE.REGISTER]: Registered create:portable_fluid_interface to registry ResourceKey[minecraft:root / minecraft:block_entity_type]
[06Dec2025 14:08:55.111] [main/DEBUG] [com.tterrag.registrate.AbstractRegistrate/REGISTRATE.REGISTER]: Registered create:steam_engine to registry ResourceKey[minecraft:root / minecraft:block_entity_type]
[06Dec2025 14:08:55.111] [main/DEBUG] [com.tterrag.registrate.AbstractRegistrate/REGISTRATE.REGISTER]: Registered create:steam_whistle to registry ResourceKey[minecraft:root / minecraft:block_entity_type]
[06Dec2025 14:08:55.111] [main/DEBUG] [com.tterrag.registrate.AbstractRegistrate/REGISTRATE.REGISTER]: Registered create:powered_shaft to registry ResourceKey[minecraft:root / minecraft:block_entity_type]
[06Dec2025 14:08:55.111] [main/DEBUG] [com.tterrag.registrate.AbstractRegistrate/REGISTRATE.REGISTER]: Registered create:flywheel to registry ResourceKey[minecraft:root / minecraft:block_entity_type]
[06Dec2025 14:08:55.111] [main/DEBUG] [com.tterrag.registrate.AbstractRegistrate/REGISTRATE.REGISTER]: Registered create:millstone to registry ResourceKey[minecraft:root / minecraft:block_entity_type]
[06Dec2025 14:08:55.111] [main/DEBUG] [com.tterrag.registrate.AbstractRegistrate/REGISTRATE.REGISTER]: Registered create:crushing_wheel to registry ResourceKey[minecraft:root / minecraft:block_entity_type]
[06Dec2025 14:08:55.111] [main/DEBUG] [com.tterrag.registrate.AbstractRegistrate/REGISTRATE.REGISTER]: Registered create:crushing_wheel_controller to registry ResourceKey[minecraft:root / minecraft:block_entity_type]
[06Dec2025 14:08:55.111] [main/DEBUG] [com.tterrag.registrate.AbstractRegistrate/REGISTRATE.REGISTER]: Registered create:water_wheel to registry ResourceKey[minecraft:root / minecraft:block_entity_type]
[06Dec2025 14:08:55.111] [main/DEBUG] [com.tterrag.registrate.AbstractRegistrate/REGISTRATE.REGISTER]: Registered create:large_water_wheel to registry ResourceKey[minecraft:root / minecraft:block_entity_type]
[06Dec2025 14:08:55.111] [main/DEBUG] [com.tterrag.registrate.AbstractRegistrate/REGISTRATE.REGISTER]: Registered create:mechanical_press to registry ResourceKey[minecraft:root / minecraft:block_entity_type]
[06Dec2025 14:08:55.111] [main/DEBUG] [com.tterrag.registrate.AbstractRegistrate/REGISTRATE.REGISTER]: Registered create:mechanical_mixer to registry ResourceKey[minecraft:root / minecraft:block_entity_type]
[06Dec2025 14:08:55.111] [main/DEBUG] [com.tterrag.registrate.AbstractRegistrate/REGISTRATE.REGISTER]: Registered create:deployer to registry ResourceKey[minecraft:root / minecraft:block_entity_type]
[06Dec2025 14:08:55.111] [main/DEBUG] [com.tterrag.registrate.AbstractRegistrate/REGISTRATE.REGISTER]: Registered create:basin to registry ResourceKey[minecraft:root / minecraft:block_entity_type]
[06Dec2025 14:08:55.111] [main/DEBUG] [com.tterrag.registrate.AbstractRegistrate/REGISTRATE.REGISTER]: Registered create:blaze_heater to registry ResourceKey[minecraft:root / minecraft:block_entity_type]
[06Dec2025 14:08:55.111] [main/DEBUG] [com.tterrag.registrate.AbstractRegistrate/REGISTRATE.REGISTER]: Registered create:mechanical_crafter to registry ResourceKey[minecraft:root / minecraft:block_entity_type]
[06Dec2025 14:08:55.111] [main/DEBUG] [com.tterrag.registrate.AbstractRegistrate/REGISTRATE.REGISTER]: Registered create:sequenced_gearshift to registry ResourceKey[minecraft:root / minecraft:block_entity_type]
[06Dec2025 14:08:55.111] [main/DEBUG] [com.tterrag.registrate.AbstractRegistrate/REGISTRATE.REGISTER]: Registered create:rotation_speed_controller to registry ResourceKey[minecraft:root / minecraft:block_entity_type]
[06Dec2025 14:08:55.111] [main/DEBUG] [com.tterrag.registrate.AbstractRegistrate/REGISTRATE.REGISTER]: Registered create:speedometer to registry ResourceKey[minecraft:root / minecraft:block_entity_type]
[06Dec2025 14:08:55.111] [main/DEBUG] [com.tterrag.registrate.AbstractRegistrate/REGISTRATE.REGISTER]: Registered create:stressometer to registry ResourceKey[minecraft:root / minecraft:block_entity_type]
[06Dec2025 14:08:55.111] [main/DEBUG] [com.tterrag.registrate.AbstractRegistrate/REGISTRATE.REGISTER]: Registered create:analog_lever to registry ResourceKey[minecraft:root / minecraft:block_entity_type]
[06Dec2025 14:08:55.111] [main/DEBUG] [com.tterrag.registrate.AbstractRegistrate/REGISTRATE.REGISTER]: Registered create:placard to registry ResourceKey[minecraft:root / minecraft:block_entity_type]
[06Dec2025 14:08:55.111] [main/DEBUG] [com.tterrag.registrate.AbstractRegistrate/REGISTRATE.REGISTER]: Registered create:factory_panel to registry ResourceKey[minecraft:root / minecraft:block_entity_type]
[06Dec2025 14:08:55.111] [main/DEBUG] [com.tterrag.registrate.AbstractRegistrate/REGISTRATE.REGISTER]: Registered create:cart_assembler to registry ResourceKey[minecraft:root / minecraft:block_entity_type]
[06Dec2025 14:08:55.111] [main/DEBUG] [com.tterrag.registrate.AbstractRegistrate/REGISTRATE.REGISTER]: Registered create:redstone_link to registry ResourceKey[minecraft:root / minecraft:block_entity_type]
[06Dec2025 14:08:55.111] [main/DEBUG] [com.tterrag.registrate.AbstractRegistrate/REGISTRATE.REGISTER]: Registered create:nixie_tube to registry ResourceKey[minecraft:root / minecraft:block_entity_type]
[06Dec2025 14:08:55.111] [main/DEBUG] [com.tterrag.registrate.AbstractRegistrate/REGISTRATE.REGISTER]: Registered create:display_link to registry ResourceKey[minecraft:root / minecraft:block_entity_type]
[06Dec2025 14:08:55.111] [main/DEBUG] [com.tterrag.registrate.AbstractRegistrate/REGISTRATE.REGISTER]: Registered create:stockpile_switch to registry ResourceKey[minecraft:root / minecraft:block_entity_type]
[06Dec2025 14:08:55.111] [main/DEBUG] [com.tterrag.registrate.AbstractRegistrate/REGISTRATE.REGISTER]: Registered create:creative_crate to registry ResourceKey[minecraft:root / minecraft:block_entity_type]
[06Dec2025 14:08:55.111] [main/DEBUG] [com.tterrag.registrate.AbstractRegistrate/REGISTRATE.REGISTER]: Registered create:depot to registry ResourceKey[minecraft:root / minecraft:block_entity_type]
[06Dec2025 14:08:55.111] [main/DEBUG] [com.tterrag.registrate.AbstractRegistrate/REGISTRATE.REGISTER]: Registered create:weighted_ejector to registry ResourceKey[minecraft:root / minecraft:block_entity_type]
[06Dec2025 14:08:55.111] [main/DEBUG] [com.tterrag.registrate.AbstractRegistrate/REGISTRATE.REGISTER]: Registered create:funnel to registry ResourceKey[minecraft:root / minecraft:block_entity_type]
[06Dec2025 14:08:55.111] [main/DEBUG] [com.tterrag.registrate.AbstractRegistrate/REGISTRATE.REGISTER]: Registered create:content_observer to registry ResourceKey[minecraft:root / minecraft:block_entity_type]
[06Dec2025 14:08:55.111] [main/DEBUG] [com.tterrag.registrate.AbstractRegistrate/REGISTRATE.REGISTER]: Registered create:pulse_extender to registry ResourceKey[minecraft:root / minecraft:block_entity_type]
[06Dec2025 14:08:55.111] [main/DEBUG] [com.tterrag.registrate.AbstractRegistrate/REGISTRATE.REGISTER]: Registered create:pulse_repeater to registry ResourceKey[minecraft:root / minecraft:block_entity_type]
[06Dec2025 14:08:55.111] [main/DEBUG] [com.tterrag.registrate.AbstractRegistrate/REGISTRATE.REGISTER]: Registered create:pulse_timer to registry ResourceKey[minecraft:root / minecraft:block_entity_type]
[06Dec2025 14:08:55.111] [main/DEBUG] [com.tterrag.registrate.AbstractRegistrate/REGISTRATE.REGISTER]: Registered create:lectern_controller to registry ResourceKey[minecraft:root / minecraft:block_entity_type]
[06Dec2025 14:08:55.111] [main/DEBUG] [com.tterrag.registrate.AbstractRegistrate/REGISTRATE.REGISTER]: Registered create:backtank to registry ResourceKey[minecraft:root / minecraft:block_entity_type]
[06Dec2025 14:08:55.112] [main/DEBUG] [com.tterrag.registrate.AbstractRegistrate/REGISTRATE.REGISTER]: Registered create:peculiar_bell to registry ResourceKey[minecraft:root / minecraft:block_entity_type]
[06Dec2025 14:08:55.112] [main/DEBUG] [com.tterrag.registrate.AbstractRegistrate/REGISTRATE.REGISTER]: Registered create:cursed_bell to registry ResourceKey[minecraft:root / minecraft:block_entity_type]
[06Dec2025 14:08:55.112] [main/DEBUG] [com.tterrag.registrate.AbstractRegistrate/REGISTRATE.REGISTER]: Registered create:desk_bell to registry ResourceKey[minecraft:root / minecraft:block_entity_type]
[06Dec2025 14:08:55.112] [main/DEBUG] [com.tterrag.registrate.AbstractRegistrate/REGISTRATE.REGISTER]: Registered create:toolbox to registry ResourceKey[minecraft:root / minecraft:block_entity_type]
[06Dec2025 14:08:55.112] [main/DEBUG] [com.tterrag.registrate.AbstractRegistrate/REGISTRATE.REGISTER]: Registered create:track to registry ResourceKey[minecraft:root / minecraft:block_entity_type]
[06Dec2025 14:08:55.112] [main/DEBUG] [com.tterrag.registrate.AbstractRegistrate/REGISTRATE.REGISTER]: Registered create:fake_track to registry ResourceKey[minecraft:root / minecraft:block_entity_type]
[06Dec2025 14:08:55.112] [main/DEBUG] [com.tterrag.registrate.AbstractRegistrate/REGISTRATE.REGISTER]: Registered create:bogey to registry ResourceKey[minecraft:root / minecraft:block_entity_type]
[06Dec2025 14:08:55.112] [main/DEBUG] [com.tterrag.registrate.AbstractRegistrate/REGISTRATE.REGISTER]: Registered create:track_station to registry ResourceKey[minecraft:root / minecraft:block_entity_type]
[06Dec2025 14:08:55.112] [main/DEBUG] [com.tterrag.registrate.AbstractRegistrate/REGISTRATE.REGISTER]: Registered create:sliding_door to registry ResourceKey[minecraft:root / minecraft:block_entity_type]
[06Dec2025 14:08:55.112] [main/DEBUG] [com.tterrag.registrate.AbstractRegistrate/REGISTRATE.REGISTER]: Registered create:copycat to registry ResourceKey[minecraft:root / minecraft:block_entity_type]
[06Dec2025 14:08:55.112] [main/DEBUG] [com.tterrag.registrate.AbstractRegistrate/REGISTRATE.REGISTER]: Registered create:flap_display to registry ResourceKey[minecraft:root / minecraft:block_entity_type]
[06Dec2025 14:08:55.112] [main/DEBUG] [com.tterrag.registrate.AbstractRegistrate/REGISTRATE.REGISTER]: Registered create:track_signal to registry ResourceKey[minecraft:root / minecraft:block_entity_type]
[06Dec2025 14:08:55.112] [main/DEBUG] [com.tterrag.registrate.AbstractRegistrate/REGISTRATE.REGISTER]: Registered create:track_observer to registry ResourceKey[minecraft:root / minecraft:block_entity_type]
[06Dec2025 14:08:55.112] [main/DEBUG] [com.tterrag.registrate.AbstractRegistrate/REGISTRATE.REGISTER]: Registered create:clipboard to registry ResourceKey[minecraft:root / minecraft:block_entity_type]
[06Dec2025 14:08:55.112] [main/DEBUG] [net.minecraftforge.registries.GameData/REGISTRIES]: Applying holder lookups: minecraft:block_entity_type
[06Dec2025 14:08:55.112] [main/DEBUG] [net.minecraftforge.registries.GameData/REGISTRIES]: Holder lookups applied: minecraft:block_entity_type
[06Dec2025 14:08:55.112] [main/DEBUG] [net.minecraftforge.registries.GameData/REGISTRIES]: Applying holder lookups: minecraft:painting_variant
[06Dec2025 14:08:55.112] [main/DEBUG] [net.minecraftforge.registries.GameData/REGISTRIES]: Holder lookups applied: minecraft:painting_variant
[06Dec2025 14:08:55.112] [main/DEBUG] [net.minecraftforge.registries.GameData/REGISTRIES]: Applying holder lookups: minecraft:stat_type
[06Dec2025 14:08:55.113] [main/DEBUG] [net.minecraftforge.registries.GameData/REGISTRIES]: Holder lookups applied: minecraft:stat_type
[06Dec2025 14:08:55.113] [main/DEBUG] [net.minecraftforge.registries.GameData/REGISTRIES]: Applying holder lookups: minecraft:custom_stat
[06Dec2025 14:08:55.113] [main/DEBUG] [net.minecraftforge.registries.GameData/REGISTRIES]: Holder lookups applied: minecraft:custom_stat
[06Dec2025 14:08:55.113] [main/DEBUG] [net.minecraftforge.registries.GameData/REGISTRIES]: Applying holder lookups: minecraft:chunk_status
[06Dec2025 14:08:55.113] [main/DEBUG] [net.minecraftforge.registries.GameData/REGISTRIES]: Holder lookups applied: minecraft:chunk_status
[06Dec2025 14:08:55.113] [main/DEBUG] [net.minecraftforge.registries.GameData/REGISTRIES]: Applying holder lookups: minecraft:rule_test
[06Dec2025 14:08:55.113] [main/DEBUG] [net.minecraftforge.registries.GameData/REGISTRIES]: Holder lookups applied: minecraft:rule_test
[06Dec2025 14:08:55.113] [main/DEBUG] [net.minecraftforge.registries.GameData/REGISTRIES]: Applying holder lookups: minecraft:rule_block_entity_modifier
[06Dec2025 14:08:55.114] [main/DEBUG] [net.minecraftforge.registries.GameData/REGISTRIES]: Holder lookups applied: minecraft:rule_block_entity_modifier
[06Dec2025 14:08:55.114] [main/DEBUG] [net.minecraftforge.registries.GameData/REGISTRIES]: Applying holder lookups: minecraft:pos_rule_test
[06Dec2025 14:08:55.114] [main/DEBUG] [net.minecraftforge.registries.GameData/REGISTRIES]: Holder lookups applied: minecraft:pos_rule_test
[06Dec2025 14:08:55.114] [main/DEBUG] [com.tterrag.registrate.AbstractRegistrate/REGISTRATE.REGISTER]: Registering 14 known objects of type minecraft:menu
[06Dec2025 14:08:55.131] [main/DEBUG] [com.tterrag.registrate.AbstractRegistrate/REGISTRATE.REGISTER]: Registered create:schematic_table to registry ResourceKey[minecraft:root / minecraft:menu]
[06Dec2025 14:08:55.132] [main/DEBUG] [com.tterrag.registrate.AbstractRegistrate/REGISTRATE.REGISTER]: Registered create:schematicannon to registry ResourceKey[minecraft:root / minecraft:menu]
[06Dec2025 14:08:55.133] [main/DEBUG] [com.tterrag.registrate.AbstractRegistrate/REGISTRATE.REGISTER]: Registered create:filter to registry ResourceKey[minecraft:root / minecraft:menu]
[06Dec2025 14:08:55.134] [main/DEBUG] [com.tterrag.registrate.AbstractRegistrate/REGISTRATE.REGISTER]: Registered create:attribute_filter to registry ResourceKey[minecraft:root / minecraft:menu]
[06Dec2025 14:08:55.136] [main/DEBUG] [com.tterrag.registrate.AbstractRegistrate/REGISTRATE.REGISTER]: Registered create:package_filter to registry ResourceKey[minecraft:root / minecraft:menu]
[06Dec2025 14:08:55.136] [main/DEBUG] [com.tterrag.registrate.AbstractRegistrate/REGISTRATE.REGISTER]: Registered create:crafting_blueprint to registry ResourceKey[minecraft:root / minecraft:menu]
[06Dec2025 14:08:55.137] [main/DEBUG] [com.tterrag.registrate.AbstractRegistrate/REGISTRATE.REGISTER]: Registered create:linked_controller to registry ResourceKey[minecraft:root / minecraft:menu]
[06Dec2025 14:08:55.137] [main/DEBUG] [com.tterrag.registrate.AbstractRegistrate/REGISTRATE.REGISTER]: Registered create:toolbox to registry ResourceKey[minecraft:root / minecraft:menu]
[06Dec2025 14:08:55.140] [main/DEBUG] [com.tterrag.registrate.AbstractRegistrate/REGISTRATE.REGISTER]: Registered create:schedule to registry ResourceKey[minecraft:root / minecraft:menu]
[06Dec2025 14:08:55.141] [main/DEBUG] [com.tterrag.registrate.AbstractRegistrate/REGISTRATE.REGISTER]: Registered create:stock_keeper_category to registry ResourceKey[minecraft:root / minecraft:menu]
[06Dec2025 14:08:55.145] [main/DEBUG] [com.tterrag.registrate.AbstractRegistrate/REGISTRATE.REGISTER]: Registered create:stock_keeper_request to registry ResourceKey[minecraft:root / minecraft:menu]
[06Dec2025 14:08:55.146] [main/DEBUG] [com.tterrag.registrate.AbstractRegistrate/REGISTRATE.REGISTER]: Registered create:package_port to registry ResourceKey[minecraft:root / minecraft:menu]
[06Dec2025 14:08:55.147] [main/DEBUG] [com.tterrag.registrate.AbstractRegistrate/REGISTRATE.REGISTER]: Registered create:redstone_requester to registry ResourceKey[minecraft:root / minecraft:menu]
[06Dec2025 14:08:55.147] [main/DEBUG] [com.tterrag.registrate.AbstractRegistrate/REGISTRATE.REGISTER]: Registered create:factory_panel_set_item to registry ResourceKey[minecraft:root / minecraft:menu]
[06Dec2025 14:08:55.147] [main/DEBUG] [net.minecraftforge.registries.GameData/REGISTRIES]: Applying holder lookups: minecraft:menu
[06Dec2025 14:08:55.147] [main/DEBUG] [net.minecraftforge.registries.GameData/REGISTRIES]: Holder lookups applied: minecraft:menu
[06Dec2025 14:08:55.148] [main/DEBUG] [net.minecraftforge.registries.GameData/REGISTRIES]: Applying holder lookups: minecraft:recipe_type
[06Dec2025 14:08:55.148] [main/DEBUG] [net.minecraftforge.registries.GameData/REGISTRIES]: Holder lookups applied: minecraft:recipe_type
[06Dec2025 14:08:55.156] [main/DEBUG] [net.minecraftforge.registries.GameData/REGISTRIES]: Applying holder lookups: minecraft:recipe_serializer
[06Dec2025 14:08:55.156] [main/DEBUG] [net.minecraftforge.registries.GameData/REGISTRIES]: Holder lookups applied: minecraft:recipe_serializer
[06Dec2025 14:08:55.156] [main/DEBUG] [net.minecraftforge.registries.GameData/REGISTRIES]: Applying holder lookups: minecraft:position_source_type
[06Dec2025 14:08:55.157] [main/DEBUG] [net.minecraftforge.registries.GameData/REGISTRIES]: Holder lookups applied: minecraft:position_source_type
[06Dec2025 14:08:55.158] [main/DEBUG] [net.minecraftforge.registries.GameData/REGISTRIES]: Applying holder lookups: minecraft:command_argument_type
[06Dec2025 14:08:55.158] [main/DEBUG] [net.minecraftforge.registries.GameData/REGISTRIES]: Holder lookups applied: minecraft:command_argument_type
[06Dec2025 14:08:55.158] [main/DEBUG] [net.minecraftforge.registries.GameData/REGISTRIES]: Applying holder lookups: minecraft:villager_type
[06Dec2025 14:08:55.158] [main/DEBUG] [net.minecraftforge.registries.GameData/REGISTRIES]: Holder lookups applied: minecraft:villager_type
[06Dec2025 14:08:55.158] [main/DEBUG] [net.minecraftforge.registries.GameData/REGISTRIES]: Applying holder lookups: minecraft:villager_profession
[06Dec2025 14:08:55.159] [main/DEBUG] [net.minecraftforge.registries.GameData/REGISTRIES]: Holder lookups applied: minecraft:villager_profession
[06Dec2025 14:08:55.159] [main/DEBUG] [net.minecraftforge.registries.GameData/REGISTRIES]: Applying holder lookups: minecraft:point_of_interest_type
[06Dec2025 14:08:55.159] [main/DEBUG] [net.minecraftforge.registries.GameData/REGISTRIES]: Holder lookups applied: minecraft:point_of_interest_type
[06Dec2025 14:08:55.159] [main/DEBUG] [net.minecraftforge.registries.GameData/REGISTRIES]: Applying holder lookups: minecraft:schedule
[06Dec2025 14:08:55.159] [main/DEBUG] [net.minecraftforge.registries.GameData/REGISTRIES]: Holder lookups applied: minecraft:schedule
[06Dec2025 14:08:55.159] [main/DEBUG] [net.minecraftforge.registries.GameData/REGISTRIES]: Applying holder lookups: minecraft:activity
[06Dec2025 14:08:55.159] [main/DEBUG] [net.minecraftforge.registries.GameData/REGISTRIES]: Holder lookups applied: minecraft:activity
[06Dec2025 14:08:55.159] [main/DEBUG] [net.minecraftforge.registries.GameData/REGISTRIES]: Applying holder lookups: minecraft:loot_pool_entry_type
[06Dec2025 14:08:55.160] [main/DEBUG] [net.minecraftforge.registries.GameData/REGISTRIES]: Holder lookups applied: minecraft:loot_pool_entry_type
[06Dec2025 14:08:55.160] [main/DEBUG] [net.minecraftforge.registries.GameData/REGISTRIES]: Applying holder lookups: minecraft:loot_function_type
[06Dec2025 14:08:55.160] [main/DEBUG] [net.minecraftforge.registries.GameData/REGISTRIES]: Holder lookups applied: minecraft:loot_function_type
[06Dec2025 14:08:55.161] [main/DEBUG] [net.minecraftforge.registries.GameData/REGISTRIES]: Applying holder lookups: minecraft:loot_condition_type
[06Dec2025 14:08:55.161] [main/DEBUG] [net.minecraftforge.registries.GameData/REGISTRIES]: Holder lookups applied: minecraft:loot_condition_type
[06Dec2025 14:08:55.161] [main/DEBUG] [net.minecraftforge.registries.GameData/REGISTRIES]: Applying holder lookups: minecraft:loot_number_provider_type
[06Dec2025 14:08:55.161] [main/DEBUG] [net.minecraftforge.registries.GameData/REGISTRIES]: Holder lookups applied: minecraft:loot_number_provider_type
[06Dec2025 14:08:55.161] [main/DEBUG] [net.minecraftforge.registries.GameData/REGISTRIES]: Applying holder lookups: minecraft:loot_nbt_provider_type
[06Dec2025 14:08:55.162] [main/DEBUG] [net.minecraftforge.registries.GameData/REGISTRIES]: Holder lookups applied: minecraft:loot_nbt_provider_type
[06Dec2025 14:08:55.162] [main/DEBUG] [net.minecraftforge.registries.GameData/REGISTRIES]: Applying holder lookups: minecraft:loot_score_provider_type
[06Dec2025 14:08:55.162] [main/DEBUG] [net.minecraftforge.registries.GameData/REGISTRIES]: Holder lookups applied: minecraft:loot_score_provider_type
[06Dec2025 14:08:55.162] [main/DEBUG] [net.minecraftforge.registries.GameData/REGISTRIES]: Applying holder lookups: minecraft:float_provider_type
[06Dec2025 14:08:55.162] [main/DEBUG] [net.minecraftforge.registries.GameData/REGISTRIES]: Holder lookups applied: minecraft:float_provider_type
[06Dec2025 14:08:55.162] [main/DEBUG] [net.minecraftforge.registries.GameData/REGISTRIES]: Applying holder lookups: minecraft:int_provider_type
[06Dec2025 14:08:55.162] [main/DEBUG] [net.minecraftforge.registries.GameData/REGISTRIES]: Holder lookups applied: minecraft:int_provider_type
[06Dec2025 14:08:55.162] [main/DEBUG] [net.minecraftforge.registries.GameData/REGISTRIES]: Applying holder lookups: minecraft:height_provider_type
[06Dec2025 14:08:55.163] [main/DEBUG] [net.minecraftforge.registries.GameData/REGISTRIES]: Holder lookups applied: minecraft:height_provider_type
[06Dec2025 14:08:55.163] [main/DEBUG] [net.minecraftforge.registries.GameData/REGISTRIES]: Applying holder lookups: minecraft:block_predicate_type
[06Dec2025 14:08:55.163] [main/DEBUG] [net.minecraftforge.registries.GameData/REGISTRIES]: Holder lookups applied: minecraft:block_predicate_type
[06Dec2025 14:08:55.163] [main/DEBUG] [net.minecraftforge.registries.GameData/REGISTRIES]: Applying holder lookups: minecraft:worldgen/carver
[06Dec2025 14:08:55.163] [main/DEBUG] [net.minecraftforge.registries.GameData/REGISTRIES]: Holder lookups applied: minecraft:worldgen/carver
[06Dec2025 14:08:55.164] [main/DEBUG] [net.minecraftforge.registries.GameData/REGISTRIES]: Applying holder lookups: minecraft:worldgen/feature
[06Dec2025 14:08:55.165] [main/DEBUG] [net.minecraftforge.registries.GameData/REGISTRIES]: Holder lookups applied: minecraft:worldgen/feature
[06Dec2025 14:08:55.165] [main/DEBUG] [net.minecraftforge.registries.GameData/REGISTRIES]: Applying holder lookups: minecraft:worldgen/structure_processor
[06Dec2025 14:08:55.165] [main/DEBUG] [net.minecraftforge.registries.GameData/REGISTRIES]: Holder lookups applied: minecraft:worldgen/structure_processor
[06Dec2025 14:08:55.165] [main/DEBUG] [net.minecraftforge.registries.GameData/REGISTRIES]: Applying holder lookups: minecraft:worldgen/structure_placement
[06Dec2025 14:08:55.165] [main/DEBUG] [net.minecraftforge.registries.GameData/REGISTRIES]: Holder lookups applied: minecraft:worldgen/structure_placement
[06Dec2025 14:08:55.165] [main/DEBUG] [net.minecraftforge.registries.GameData/REGISTRIES]: Applying holder lookups: minecraft:worldgen/structure_piece
[06Dec2025 14:08:55.166] [main/DEBUG] [net.minecraftforge.registries.GameData/REGISTRIES]: Holder lookups applied: minecraft:worldgen/structure_piece
[06Dec2025 14:08:55.166] [main/DEBUG] [net.minecraftforge.registries.GameData/REGISTRIES]: Applying holder lookups: minecraft:worldgen/structure_type
[06Dec2025 14:08:55.166] [main/DEBUG] [net.minecraftforge.registries.GameData/REGISTRIES]: Holder lookups applied: minecraft:worldgen/structure_type
[06Dec2025 14:08:55.166] [main/DEBUG] [net.minecraftforge.registries.GameData/REGISTRIES]: Applying holder lookups: minecraft:worldgen/placement_modifier_type
[06Dec2025 14:08:55.166] [main/DEBUG] [net.minecraftforge.registries.GameData/REGISTRIES]: Holder lookups applied: minecraft:worldgen/placement_modifier_type
[06Dec2025 14:08:55.166] [main/DEBUG] [net.minecraftforge.registries.GameData/REGISTRIES]: Applying holder lookups: minecraft:worldgen/block_state_provider_type
[06Dec2025 14:08:55.166] [main/DEBUG] [net.minecraftforge.registries.GameData/REGISTRIES]: Holder lookups applied: minecraft:worldgen/block_state_provider_type
[06Dec2025 14:08:55.166] [main/DEBUG] [net.minecraftforge.registries.GameData/REGISTRIES]: Applying holder lookups: minecraft:worldgen/foliage_placer_type
[06Dec2025 14:08:55.166] [main/DEBUG] [net.minecraftforge.registries.GameData/REGISTRIES]: Holder lookups applied: minecraft:worldgen/foliage_placer_type
[06Dec2025 14:08:55.166] [main/DEBUG] [net.minecraftforge.registries.GameData/REGISTRIES]: Applying holder lookups: minecraft:worldgen/trunk_placer_type
[06Dec2025 14:08:55.167] [main/DEBUG] [net.minecraftforge.registries.GameData/REGISTRIES]: Holder lookups applied: minecraft:worldgen/trunk_placer_type
[06Dec2025 14:08:55.167] [main/DEBUG] [net.minecraftforge.registries.GameData/REGISTRIES]: Applying holder lookups: minecraft:worldgen/root_placer_type
[06Dec2025 14:08:55.167] [main/DEBUG] [net.minecraftforge.registries.GameData/REGISTRIES]: Holder lookups applied: minecraft:worldgen/root_placer_type
[06Dec2025 14:08:55.167] [main/DEBUG] [net.minecraftforge.registries.GameData/REGISTRIES]: Applying holder lookups: minecraft:worldgen/tree_decorator_type
[06Dec2025 14:08:55.167] [main/DEBUG] [net.minecraftforge.registries.GameData/REGISTRIES]: Holder lookups applied: minecraft:worldgen/tree_decorator_type
[06Dec2025 14:08:55.167] [main/DEBUG] [net.minecraftforge.registries.GameData/REGISTRIES]: Applying holder lookups: minecraft:worldgen/feature_size_type
[06Dec2025 14:08:55.167] [main/DEBUG] [net.minecraftforge.registries.GameData/REGISTRIES]: Holder lookups applied: minecraft:worldgen/feature_size_type
[06Dec2025 14:08:55.167] [main/DEBUG] [net.minecraftforge.registries.GameData/REGISTRIES]: Applying holder lookups: minecraft:worldgen/biome_source
[06Dec2025 14:08:55.167] [main/DEBUG] [net.minecraftforge.registries.GameData/REGISTRIES]: Holder lookups applied: minecraft:worldgen/biome_source
[06Dec2025 14:08:55.167] [main/DEBUG] [net.minecraftforge.registries.GameData/REGISTRIES]: Applying holder lookups: minecraft:worldgen/chunk_generator
[06Dec2025 14:08:55.168] [main/DEBUG] [net.minecraftforge.registries.GameData/REGISTRIES]: Holder lookups applied: minecraft:worldgen/chunk_generator
[06Dec2025 14:08:55.168] [main/DEBUG] [net.minecraftforge.registries.GameData/REGISTRIES]: Applying holder lookups: minecraft:worldgen/material_condition
[06Dec2025 14:08:55.168] [main/DEBUG] [net.minecraftforge.registries.GameData/REGISTRIES]: Holder lookups applied: minecraft:worldgen/material_condition
[06Dec2025 14:08:55.168] [main/DEBUG] [net.minecraftforge.registries.GameData/REGISTRIES]: Applying holder lookups: minecraft:worldgen/material_rule
[06Dec2025 14:08:55.168] [main/DEBUG] [net.minecraftforge.registries.GameData/REGISTRIES]: Holder lookups applied: minecraft:worldgen/material_rule
[06Dec2025 14:08:55.168] [main/DEBUG] [net.minecraftforge.registries.GameData/REGISTRIES]: Applying holder lookups: minecraft:worldgen/density_function_type
[06Dec2025 14:08:55.168] [main/DEBUG] [net.minecraftforge.registries.GameData/REGISTRIES]: Holder lookups applied: minecraft:worldgen/density_function_type
[06Dec2025 14:08:55.168] [main/DEBUG] [net.minecraftforge.registries.GameData/REGISTRIES]: Applying holder lookups: minecraft:worldgen/structure_pool_element
[06Dec2025 14:08:55.168] [main/DEBUG] [net.minecraftforge.registries.GameData/REGISTRIES]: Holder lookups applied: minecraft:worldgen/structure_pool_element
[06Dec2025 14:08:55.168] [main/DEBUG] [net.minecraftforge.registries.GameData/REGISTRIES]: Applying holder lookups: minecraft:cat_variant
[06Dec2025 14:08:55.169] [main/DEBUG] [net.minecraftforge.registries.GameData/REGISTRIES]: Holder lookups applied: minecraft:cat_variant
[06Dec2025 14:08:55.169] [main/DEBUG] [net.minecraftforge.registries.GameData/REGISTRIES]: Applying holder lookups: minecraft:frog_variant
[06Dec2025 14:08:55.169] [main/DEBUG] [net.minecraftforge.registries.GameData/REGISTRIES]: Holder lookups applied: minecraft:frog_variant
[06Dec2025 14:08:55.169] [main/DEBUG] [net.minecraftforge.registries.GameData/REGISTRIES]: Applying holder lookups: minecraft:banner_pattern
[06Dec2025 14:08:55.169] [main/DEBUG] [net.minecraftforge.registries.GameData/REGISTRIES]: Holder lookups applied: minecraft:banner_pattern
[06Dec2025 14:08:55.169] [main/DEBUG] [net.minecraftforge.registries.GameData/REGISTRIES]: Applying holder lookups: minecraft:instrument
[06Dec2025 14:08:55.169] [main/DEBUG] [net.minecraftforge.registries.GameData/REGISTRIES]: Holder lookups applied: minecraft:instrument
[06Dec2025 14:08:55.169] [main/DEBUG] [net.minecraftforge.registries.GameData/REGISTRIES]: Applying holder lookups: minecraft:decorated_pot_patterns
[06Dec2025 14:08:55.169] [main/DEBUG] [net.minecraftforge.registries.GameData/REGISTRIES]: Holder lookups applied: minecraft:decorated_pot_patterns
[06Dec2025 14:08:55.171] [main/DEBUG] [net.minecraftforge.registries.GameData/REGISTRIES]: Applying holder lookups: minecraft:creative_mode_tab
[06Dec2025 14:08:55.172] [main/DEBUG] [net.minecraftforge.registries.GameData/REGISTRIES]: Holder lookups applied: minecraft:creative_mode_tab
[06Dec2025 14:08:55.172] [main/DEBUG] [net.minecraftforge.registries.GameData/REGISTRIES]: Applying holder lookups: create:arm_interaction_point_type
[06Dec2025 14:08:55.172] [main/DEBUG] [net.minecraftforge.registries.GameData/REGISTRIES]: Holder lookups applied: create:arm_interaction_point_type
[06Dec2025 14:08:55.172] [main/DEBUG] [net.minecraftforge.registries.GameData/REGISTRIES]: Applying holder lookups: create:contraption_type
[06Dec2025 14:08:55.172] [main/DEBUG] [net.minecraftforge.registries.GameData/REGISTRIES]: Holder lookups applied: create:contraption_type
[06Dec2025 14:08:55.172] [main/DEBUG] [com.tterrag.registrate.AbstractRegistrate/REGISTRATE.REGISTER]: Registering 26 known objects of type create:display_source
[06Dec2025 14:08:55.172] [main/DEBUG] [com.tterrag.registrate.AbstractRegistrate/REGISTRATE.REGISTER]: Registered create:death_count to registry ResourceKey[minecraft:root / create:display_source]
[06Dec2025 14:08:55.172] [main/DEBUG] [com.tterrag.registrate.AbstractRegistrate/REGISTRATE.REGISTER]: Registered create:scoreboard to registry ResourceKey[minecraft:root / create:display_source]
[06Dec2025 14:08:55.172] [main/DEBUG] [com.tterrag.registrate.AbstractRegistrate/REGISTRATE.REGISTER]: Registered create:enchant_power to registry ResourceKey[minecraft:root / create:display_source]
[06Dec2025 14:08:55.172] [main/DEBUG] [com.tterrag.registrate.AbstractRegistrate/REGISTRATE.REGISTER]: Registered create:redstone_power to registry ResourceKey[minecraft:root / create:display_source]
[06Dec2025 14:08:55.172] [main/DEBUG] [com.tterrag.registrate.AbstractRegistrate/REGISTRATE.REGISTER]: Registered create:nixie_tube to registry ResourceKey[minecraft:root / create:display_source]
[06Dec2025 14:08:55.172] [main/DEBUG] [com.tterrag.registrate.AbstractRegistrate/REGISTRATE.REGISTER]: Registered create:item_names to registry ResourceKey[minecraft:root / create:display_source]
[06Dec2025 14:08:55.172] [main/DEBUG] [com.tterrag.registrate.AbstractRegistrate/REGISTRATE.REGISTER]: Registered create:boiler to registry ResourceKey[minecraft:root / create:display_source]
[06Dec2025 14:08:55.172] [main/DEBUG] [com.tterrag.registrate.AbstractRegistrate/REGISTRATE.REGISTER]: Registered create:current_floor to registry ResourceKey[minecraft:root / create:display_source]
[06Dec2025 14:08:55.172] [main/DEBUG] [com.tterrag.registrate.AbstractRegistrate/REGISTRATE.REGISTER]: Registered create:fill_level to registry ResourceKey[minecraft:root / create:display_source]
[06Dec2025 14:08:55.172] [main/DEBUG] [com.tterrag.registrate.AbstractRegistrate/REGISTRATE.REGISTER]: Registered create:gauge_status to registry ResourceKey[minecraft:root / create:display_source]
[06Dec2025 14:08:55.172] [main/DEBUG] [com.tterrag.registrate.AbstractRegistrate/REGISTRATE.REGISTER]: Registered create:entity_name to registry ResourceKey[minecraft:root / create:display_source]
[06Dec2025 14:08:55.172] [main/DEBUG] [com.tterrag.registrate.AbstractRegistrate/REGISTRATE.REGISTER]: Registered create:time_of_day to registry ResourceKey[minecraft:root / create:display_source]
[06Dec2025 14:08:55.172] [main/DEBUG] [com.tterrag.registrate.AbstractRegistrate/REGISTRATE.REGISTER]: Registered create:stopwatch to registry ResourceKey[minecraft:root / create:display_source]
[06Dec2025 14:08:55.172] [main/DEBUG] [com.tterrag.registrate.AbstractRegistrate/REGISTRATE.REGISTER]: Registered create:kinetic_speed to registry ResourceKey[minecraft:root / create:display_source]
[06Dec2025 14:08:55.172] [main/DEBUG] [com.tterrag.registrate.AbstractRegistrate/REGISTRATE.REGISTER]: Registered create:kinetic_stress to registry ResourceKey[minecraft:root / create:display_source]
[06Dec2025 14:08:55.172] [main/DEBUG] [com.tterrag.registrate.AbstractRegistrate/REGISTRATE.REGISTER]: Registered create:station_summary to registry ResourceKey[minecraft:root / create:display_source]
[06Dec2025 14:08:55.172] [main/DEBUG] [com.tterrag.registrate.AbstractRegistrate/REGISTRATE.REGISTER]: Registered create:train_status to registry ResourceKey[minecraft:root / create:display_source]
[06Dec2025 14:08:55.172] [main/DEBUG] [com.tterrag.registrate.AbstractRegistrate/REGISTRATE.REGISTER]: Registered create:observed_train_name to registry ResourceKey[minecraft:root / create:display_source]
[06Dec2025 14:08:55.172] [main/DEBUG] [com.tterrag.registrate.AbstractRegistrate/REGISTRATE.REGISTER]: Registered create:accumulate_items to registry ResourceKey[minecraft:root / create:display_source]
[06Dec2025 14:08:55.172] [main/DEBUG] [com.tterrag.registrate.AbstractRegistrate/REGISTRATE.REGISTER]: Registered create:item_throughput to registry ResourceKey[minecraft:root / create:display_source]
[06Dec2025 14:08:55.172] [main/DEBUG] [com.tterrag.registrate.AbstractRegistrate/REGISTRATE.REGISTER]: Registered create:count_items to registry ResourceKey[minecraft:root / create:display_source]
[06Dec2025 14:08:55.172] [main/DEBUG] [com.tterrag.registrate.AbstractRegistrate/REGISTRATE.REGISTER]: Registered create:list_items to registry ResourceKey[minecraft:root / create:display_source]
[06Dec2025 14:08:55.172] [main/DEBUG] [com.tterrag.registrate.AbstractRegistrate/REGISTRATE.REGISTER]: Registered create:count_fluids to registry ResourceKey[minecraft:root / create:display_source]
[06Dec2025 14:08:55.173] [main/DEBUG] [com.tterrag.registrate.AbstractRegistrate/REGISTRATE.REGISTER]: Registered create:list_fluids to registry ResourceKey[minecraft:root / create:display_source]
[06Dec2025 14:08:55.173] [main/DEBUG] [com.tterrag.registrate.AbstractRegistrate/REGISTRATE.REGISTER]: Registered create:read_package_address to registry ResourceKey[minecraft:root / create:display_source]
[06Dec2025 14:08:55.173] [main/DEBUG] [com.tterrag.registrate.AbstractRegistrate/REGISTRATE.REGISTER]: Registered create:computer to registry ResourceKey[minecraft:root / create:display_source]
[06Dec2025 14:08:55.173] [main/DEBUG] [net.minecraftforge.registries.GameData/REGISTRIES]: Applying holder lookups: create:display_source
[06Dec2025 14:08:55.173] [main/DEBUG] [net.minecraftforge.registries.GameData/REGISTRIES]: Holder lookups applied: create:display_source
[06Dec2025 14:08:55.173] [main/DEBUG] [com.tterrag.registrate.AbstractRegistrate/REGISTRATE.REGISTER]: Registering 4 known objects of type create:display_target
[06Dec2025 14:08:55.173] [main/DEBUG] [com.tterrag.registrate.AbstractRegistrate/REGISTRATE.REGISTER]: Registered create:sign to registry ResourceKey[minecraft:root / create:display_target]
[06Dec2025 14:08:55.173] [main/DEBUG] [com.tterrag.registrate.AbstractRegistrate/REGISTRATE.REGISTER]: Registered create:lectern to registry ResourceKey[minecraft:root / create:display_target]
[06Dec2025 14:08:55.173] [main/DEBUG] [com.tterrag.registrate.AbstractRegistrate/REGISTRATE.REGISTER]: Registered create:display_board to registry ResourceKey[minecraft:root / create:display_target]
[06Dec2025 14:08:55.173] [main/DEBUG] [com.tterrag.registrate.AbstractRegistrate/REGISTRATE.REGISTER]: Registered create:nixie_tube to registry ResourceKey[minecraft:root / create:display_target]
[06Dec2025 14:08:55.173] [main/DEBUG] [net.minecraftforge.registries.GameData/REGISTRIES]: Applying holder lookups: create:display_target
[06Dec2025 14:08:55.173] [main/DEBUG] [net.minecraftforge.registries.GameData/REGISTRIES]: Holder lookups applied: create:display_target
[06Dec2025 14:08:55.173] [main/DEBUG] [net.minecraftforge.registries.GameData/REGISTRIES]: Applying holder lookups: create:fan_processing_type
[06Dec2025 14:08:55.173] [main/DEBUG] [net.minecraftforge.registries.GameData/REGISTRIES]: Holder lookups applied: create:fan_processing_type
[06Dec2025 14:08:55.173] [main/DEBUG] [net.minecraftforge.registries.GameData/REGISTRIES]: Applying holder lookups: create:item_attribute_type
[06Dec2025 14:08:55.174] [main/DEBUG] [net.minecraftforge.registries.GameData/REGISTRIES]: Holder lookups applied: create:item_attribute_type
[06Dec2025 14:08:55.174] [main/DEBUG] [com.tterrag.registrate.AbstractRegistrate/REGISTRATE.REGISTER]: Registering 2 known objects of type create:mounted_fluid_storage_type
[06Dec2025 14:08:55.174] [main/DEBUG] [com.tterrag.registrate.AbstractRegistrate/REGISTRATE.REGISTER]: Registered create:fluid_tank to registry ResourceKey[minecraft:root / create:mounted_fluid_storage_type]
[06Dec2025 14:08:55.174] [main/DEBUG] [com.tterrag.registrate.AbstractRegistrate/REGISTRATE.REGISTER]: Registered create:creative_fluid_tank to registry ResourceKey[minecraft:root / create:mounted_fluid_storage_type]
[06Dec2025 14:08:55.174] [main/DEBUG] [net.minecraftforge.registries.GameData/REGISTRIES]: Applying holder lookups: create:mounted_fluid_storage_type
[06Dec2025 14:08:55.175] [main/DEBUG] [net.minecraftforge.registries.GameData/REGISTRIES]: Holder lookups applied: create:mounted_fluid_storage_type
[06Dec2025 14:08:55.175] [main/DEBUG] [com.tterrag.registrate.AbstractRegistrate/REGISTRATE.REGISTER]: Registering 8 known objects of type create:mounted_item_storage_type
[06Dec2025 14:08:55.175] [main/DEBUG] [com.tterrag.registrate.AbstractRegistrate/REGISTRATE.REGISTER]: Registered create:fallback to registry ResourceKey[minecraft:root / create:mounted_item_storage_type]
[06Dec2025 14:08:55.175] [main/DEBUG] [com.tterrag.registrate.AbstractRegistrate/REGISTRATE.REGISTER]: Registered create:creative_crate to registry ResourceKey[minecraft:root / create:mounted_item_storage_type]
[06Dec2025 14:08:55.176] [main/DEBUG] [com.tterrag.registrate.AbstractRegistrate/REGISTRATE.REGISTER]: Registered create:vault to registry ResourceKey[minecraft:root / create:mounted_item_storage_type]
[06Dec2025 14:08:55.177] [main/DEBUG] [com.tterrag.registrate.AbstractRegistrate/REGISTRATE.REGISTER]: Registered create:toolbox to registry ResourceKey[minecraft:root / create:mounted_item_storage_type]
[06Dec2025 14:08:55.177] [main/DEBUG] [com.tterrag.registrate.AbstractRegistrate/REGISTRATE.REGISTER]: Registered create:depot to registry ResourceKey[minecraft:root / create:mounted_item_storage_type]
[06Dec2025 14:08:55.177] [main/DEBUG] [com.tterrag.registrate.AbstractRegistrate/REGISTRATE.REGISTER]: Registered create:simple to registry ResourceKey[minecraft:root / create:mounted_item_storage_type]
[06Dec2025 14:08:55.177] [main/DEBUG] [com.tterrag.registrate.AbstractRegistrate/REGISTRATE.REGISTER]: Registered create:chest to registry ResourceKey[minecraft:root / create:mounted_item_storage_type]
[06Dec2025 14:08:55.177] [main/DEBUG] [com.tterrag.registrate.AbstractRegistrate/REGISTRATE.REGISTER]: Registered create:dispenser to registry ResourceKey[minecraft:root / create:mounted_item_storage_type]
[06Dec2025 14:08:55.177] [main/DEBUG] [net.minecraftforge.registries.GameData/REGISTRIES]: Applying holder lookups: create:mounted_item_storage_type
[06Dec2025 14:08:55.178] [main/DEBUG] [net.minecraftforge.registries.GameData/REGISTRIES]: Holder lookups applied: create:mounted_item_storage_type
[06Dec2025 14:08:55.178] [main/DEBUG] [net.minecraftforge.registries.GameData/REGISTRIES]: Applying holder lookups: create:potato_projectile/block_hit_action
[06Dec2025 14:08:55.178] [main/DEBUG] [net.minecraftforge.registries.GameData/REGISTRIES]: Holder lookups applied: create:potato_projectile/block_hit_action
[06Dec2025 14:08:55.178] [main/DEBUG] [net.minecraftforge.registries.GameData/REGISTRIES]: Applying holder lookups: create:potato_projectile/entity_hit_action
[06Dec2025 14:08:55.178] [main/DEBUG] [net.minecraftforge.registries.GameData/REGISTRIES]: Holder lookups applied: create:potato_projectile/entity_hit_action
[06Dec2025 14:08:55.178] [main/DEBUG] [net.minecraftforge.registries.GameData/REGISTRIES]: Applying holder lookups: create:potato_projectile/render_mode
[06Dec2025 14:08:55.178] [main/DEBUG] [net.minecraftforge.registries.GameData/REGISTRIES]: Holder lookups applied: create:potato_projectile/render_mode
[06Dec2025 14:08:55.181] [main/DEBUG] [net.minecraftforge.registries.GameData/REGISTRIES]: Applying holder lookups: forge:biome_modifier_serializers
[06Dec2025 14:08:55.182] [main/DEBUG] [net.minecraftforge.registries.GameData/REGISTRIES]: Holder lookups applied: forge:biome_modifier_serializers
[06Dec2025 14:08:55.182] [main/DEBUG] [net.minecraftforge.registries.GameData/REGISTRIES]: Applying holder lookups: forge:display_contexts
[06Dec2025 14:08:55.182] [main/DEBUG] [net.minecraftforge.registries.GameData/REGISTRIES]: Holder lookups applied: forge:display_contexts
[06Dec2025 14:08:55.182] [main/DEBUG] [net.minecraftforge.registries.GameData/REGISTRIES]: Applying holder lookups: forge:entity_data_serializers
[06Dec2025 14:08:55.182] [main/DEBUG] [net.minecraftforge.registries.GameData/REGISTRIES]: Holder lookups applied: forge:entity_data_serializers
[06Dec2025 14:08:55.183] [main/DEBUG] [com.tterrag.registrate.AbstractRegistrate/REGISTRATE.REGISTER]: Registering 4 known objects of type forge:fluid_type
[06Dec2025 14:08:55.183] [main/DEBUG] [com.tterrag.registrate.AbstractRegistrate/REGISTRATE.REGISTER]: Registered create:potion to registry ResourceKey[minecraft:root / forge:fluid_type]
[06Dec2025 14:08:55.183] [main/DEBUG] [com.tterrag.registrate.AbstractRegistrate/REGISTRATE.REGISTER]: Registered create:tea to registry ResourceKey[minecraft:root / forge:fluid_type]
[06Dec2025 14:08:55.183] [main/DEBUG] [com.tterrag.registrate.AbstractRegistrate/REGISTRATE.REGISTER]: Registered create:honey to registry ResourceKey[minecraft:root / forge:fluid_type]
[06Dec2025 14:08:55.183] [main/DEBUG] [com.tterrag.registrate.AbstractRegistrate/REGISTRATE.REGISTER]: Registered create:chocolate to registry ResourceKey[minecraft:root / forge:fluid_type]
[06Dec2025 14:08:55.183] [main/DEBUG] [net.minecraftforge.registries.GameData/REGISTRIES]: Applying holder lookups: forge:fluid_type
[06Dec2025 14:08:55.183] [main/DEBUG] [net.minecraftforge.registries.GameData/REGISTRIES]: Holder lookups applied: forge:fluid_type
[06Dec2025 14:08:55.183] [main/DEBUG] [net.minecraftforge.registries.GameData/REGISTRIES]: Applying holder lookups: forge:global_loot_modifier_serializers
[06Dec2025 14:08:55.184] [main/DEBUG] [net.minecraftforge.registries.GameData/REGISTRIES]: Holder lookups applied: forge:global_loot_modifier_serializers
[06Dec2025 14:08:55.186] [main/DEBUG] [net.minecraftforge.registries.GameData/REGISTRIES]: Applying holder lookups: forge:holder_set_type
[06Dec2025 14:08:55.186] [main/DEBUG] [net.minecraftforge.registries.GameData/REGISTRIES]: Holder lookups applied: forge:holder_set_type
[06Dec2025 14:08:55.187] [main/DEBUG] [net.minecraftforge.registries.GameData/REGISTRIES]: Applying holder lookups: forge:structure_modifier_serializers
[06Dec2025 14:08:55.187] [main/DEBUG] [net.minecraftforge.registries.GameData/REGISTRIES]: Holder lookups applied: forge:structure_modifier_serializers
[06Dec2025 14:08:55.187] [main/DEBUG] [net.minecraftforge.registries.GameData/REGISTRIES]: Applying holder lookups: minecraft:worldgen/biome
[06Dec2025 14:08:55.187] [main/DEBUG] [net.minecraftforge.registries.GameData/REGISTRIES]: Holder lookups applied: minecraft:worldgen/biome
[06Dec2025 14:08:55.231] [main/WARN] [net.minecraft.server.packs.VanillaPackResourcesBuilder/]: Assets URL 'union:/home/tomas/.gradle/caches/forge_gradle/minecraft_user_repo/net/minecraftforge/forge/1.20.1-47.4.6_mapped_parchment_2023.08.06-1.20.1/forge-1.20.1-47.4.6_mapped_parchment_2023.08.06-1.20.1-recomp.jar%23181!/assets/.mcassetsroot' uses unexpected schema
[06Dec2025 14:08:55.231] [main/WARN] [net.minecraft.server.packs.VanillaPackResourcesBuilder/]: Assets URL 'union:/home/tomas/.gradle/caches/forge_gradle/minecraft_user_repo/net/minecraftforge/forge/1.20.1-47.4.6_mapped_parchment_2023.08.06-1.20.1/forge-1.20.1-47.4.6_mapped_parchment_2023.08.06-1.20.1-recomp.jar%23181!/data/.mcassetsroot' uses unexpected schema
[06Dec2025 14:08:55.233] [Worker-Main-1/INFO] [mixin/]: Mixing MapItemSavedDataMixin from create.mixins.json into net.minecraft.world.level.saveddata.maps.MapItemSavedData
[06Dec2025 14:08:55.300] [main/DEBUG] [com.tterrag.registrate.providers.RegistrateDataProvider/REGISTRATE.DATA]: Gathering providers for sides: [CLIENT, SERVER]
[06Dec2025 14:08:55.300] [main/DEBUG] [com.tterrag.registrate.providers.RegistrateDataProvider/REGISTRATE.DATA]: Adding provider for type: recipe
[06Dec2025 14:08:55.300] [main/DEBUG] [com.tterrag.registrate.providers.RegistrateDataProvider/REGISTRATE.DATA]: Adding provider for type: advancement
[06Dec2025 14:08:55.301] [main/DEBUG] [com.tterrag.registrate.providers.RegistrateDataProvider/REGISTRATE.DATA]: Adding provider for type: loot
[06Dec2025 14:08:55.301] [main/DEBUG] [com.tterrag.registrate.providers.RegistrateDataProvider/REGISTRATE.DATA]: Adding provider for type: tags/block
[06Dec2025 14:08:55.301] [main/DEBUG] [com.tterrag.registrate.providers.RegistrateDataProvider/REGISTRATE.DATA]: Adding provider for type: tags/item
[06Dec2025 14:08:55.302] [main/DEBUG] [com.tterrag.registrate.providers.RegistrateDataProvider/REGISTRATE.DATA]: Adding provider for type: tags/fluid
[06Dec2025 14:08:55.302] [main/DEBUG] [com.tterrag.registrate.providers.RegistrateDataProvider/REGISTRATE.DATA]: Adding provider for type: tags/entity
[06Dec2025 14:08:55.304] [main/DEBUG] [com.tterrag.registrate.providers.RegistrateDataProvider/REGISTRATE.DATA]: Adding provider for type: blockstate
[06Dec2025 14:08:55.305] [main/DEBUG] [com.tterrag.registrate.providers.RegistrateDataProvider/REGISTRATE.DATA]: Adding provider for type: item_model
[06Dec2025 14:08:55.305] [main/DEBUG] [com.tterrag.registrate.providers.RegistrateDataProvider/REGISTRATE.DATA]: Adding provider for type: lang
[06Dec2025 14:08:55.395] [main/INFO] [net.minecraft.data.DataGenerator/]: Starting provider: Recipes
[06Dec2025 14:08:55.406] [main/INFO] [net.minecraft.data.DataGenerator/]: Recipes finished after 10 ms
[06Dec2025 14:08:55.406] [main/INFO] [net.minecraft.data.DataGenerator/]: Starting provider: Block States: rbh
[06Dec2025 14:08:55.454] [main/INFO] [net.minecraft.data.DataGenerator/]: Block States: rbh finished after 48 ms
[06Dec2025 14:08:55.454] [main/INFO] [net.minecraft.data.DataGenerator/]: Starting provider: Item Models: rbh
[06Dec2025 14:08:55.455] [main/INFO] [net.minecraft.data.DataGenerator/]: Item Models: rbh finished after 0 ms
[06Dec2025 14:08:55.455] [main/INFO] [net.minecraft.data.DataGenerator/]: Starting provider: Tags for minecraft:block mod id rbh
[06Dec2025 14:08:55.457] [main/INFO] [net.minecraft.data.DataGenerator/]: Tags for minecraft:block mod id rbh finished after 1 ms
[06Dec2025 14:08:55.457] [main/INFO] [net.minecraft.data.DataGenerator/]: Starting provider: Tags for minecraft:item mod id rbh
[06Dec2025 14:08:55.457] [main/INFO] [net.minecraft.data.DataGenerator/]: Tags for minecraft:item mod id rbh finished after 0 ms
[06Dec2025 14:08:55.457] [main/INFO] [net.minecraft.data.DataGenerator/]: Starting provider: Global Loot Modifiers : rbh
[06Dec2025 14:08:55.458] [main/INFO] [net.minecraft.data.DataGenerator/]: Global Loot Modifiers : rbh finished after 0 ms
[06Dec2025 14:08:55.458] [main/INFO] [net.minecraft.data.DataGenerator/]: Starting provider: Tags for minecraft:point_of_interest_type mod id rbh
[06Dec2025 14:08:55.463] [main/INFO] [net.minecraft.data.DataGenerator/]: Tags for minecraft:point_of_interest_type mod id rbh finished after 4 ms
[06Dec2025 14:08:55.463] [main/INFO] [net.minecraft.data.DataGenerator/]: All providers took: 67 ms
[06Dec2025 14:08:55.465] [main/INFO] [net.minecraft.data.HashCache/]: Caching: total files: 12, old count: 11, new count: 13, removed stale: 0, written: 1
